<?xml version="1.0" encoding="utf-8"?>
<COLLADA xmlns="http://www.collada.org/2005/11/COLLADASchema" version="1.4.1" xmlns:xsi="http://www.w3.org/2001/XMLSchema-instance">
  <asset>
    <contributor>
      <author>Blender User</author>
      <authoring_tool>Blender 3.0.1</authoring_tool>
    </contributor>
    <created>2026-05-07T15:20:24</created>
    <modified>2026-05-07T15:20:24</modified>
    <unit name="meter" meter="1"/>
    <up_axis>Z_UP</up_axis>
  </asset>
  <library_images/>
  <library_geometries>
    <geometry id="C-mesh" name="C">
      <mesh>
        <source id="C-mesh-positions">
          <float_array id="C-mesh-positions-array" count="10413">0.01699995 -0.008041918 0.001811087 0.01699995 -0.007648229 0.001682639 0.01699995 -0.007605373 0.00248146 0.01699995 -0.007243037 0.001768231 0.01699995 -0.006935 0.002044916 0.01699995 -0.008275747 0.002918004 0.01699995 -0.008404195 0.002524316 0.01699995 -0.008318603 0.002119183 0.01699995 -0.007168829 0.003151893 0.01699995 -0.007562518 0.003280341 0.01699995 -0.00796771 0.003194749 0.01699995 -0.006806492 0.002438604 0.01699995 -0.006892144 0.002843797 0.01699995 -0.002918004 -0.008275747 0.01699995 -0.002524316 -0.008404195 0.01699995 -0.00248146 -0.007605373 0.01699995 -0.002119183 -0.008318603 0.01699995 -0.001811087 -0.008041918 0.01699995 -0.003151893 -0.007168829 0.01699995 -0.003280341 -0.007562518 0.01699995 -0.003194749 -0.00796771 0.01699995 -0.002044916 -0.006935 0.01699995 -0.002438604 -0.006806492 0.01699995 -0.002843797 -0.006892144 0.01699995 -0.001682639 -0.007648229 0.01699995 -0.001768231 -0.007243037 0.01699995 0.007168829 -0.003151893 0.01699995 0.007562518 -0.003280341 0.01699995 0.007605373 -0.00248146 0.01699995 0.00796771 -0.003194749 0.01699995 0.008275747 -0.002918004 0.01699995 0.006935 -0.002044916 0.01699995 0.006806492 -0.002438604 0.01699995 0.006892144 -0.002843797 0.01699995 0.008041918 -0.001811087 0.01699995 0.007648229 -0.001682639 0.01699995 0.007243037 -0.001768231 0.01699995 0.008404195 -0.002524316 0.01699995 0.008318603 -0.002119183 0.01699995 0.002044916 0.006935 0.01699995 0.002438604 0.006806492 0.01699995 0.00248146 0.007605373 0.01699995 0.002843797 0.006892144 0.01699995 0.003151893 0.007168829 0.01699995 0.001811087 0.008041918 0.01699995 0.001682639 0.007648229 0.01699995 0.001768231 0.007243037 0.01699995 0.002918004 0.008275747 0.01699995 0.002524316 0.008404195 0.01699995 0.002119183 0.008318603 0.01699995 0.003280341 0.007562518 0.01699995 0.003194749 0.00796771 0.01984995 0.007845759 0.003985404 0.01984995 0.008093059 0.004423022 0.01984995 0.007569015 0.004293501 0.01984995 0.007650852 0.004760563 0.01984995 0.007175326 0.004421949 0.01984995 0.007106006 0.004872798 0.01984995 0.006770193 0.004336357 0.01984995 0.006566405 0.004737555 0.01984995 0.006462097 0.004059672 0.01984995 0.00613892 0.004381597 0.01984995 0.006333649 0.003665983 0.01984995 0.005908191 0.003875374 0.01984995 0.006419241 0.003260791 0.01984995 0.005919992 0.003319203 0.01984995 0.006171941 0.002823173 0.01984995 0.006695985 0.002952694 0.01984995 0.006614148 0.002485632 0.01984995 0.007089614 0.002824246 0.01984995 0.007158994 0.002373397 0.01984995 0.007494807 0.002909839 0.01984995 0.007698595 0.00250864 0.01984995 0.007802903 0.003186583 0.01984995 0.00812608 0.002864658 0.01984995 0.007931351 0.003580272 0.01984995 0.00835675 0.003370881 0.01984995 0.008345007 0.003927052 0.01984995 0.002909839 -0.007494807 0.01984995 0.002662539 -0.007932424 0.01984995 0.003186583 -0.007802903 0.01984995 0.003104746 -0.008269965 0.01984995 0.003580272 -0.007931351 0.01984995 0.003649592 -0.008382201 0.01984995 0.003985404 -0.007845759 0.01984995 0.004189252 -0.008246958 0.01984995 0.004293501 -0.007569015 0.01984995 0.004616737 -0.007890939 0.01984995 0.004421949 -0.007175326 0.01984995 0.004847407 -0.007384717 0.01984995 0.004336357 -0.006770193 0.01984995 0.004835605 -0.006828546 0.01984995 0.004583656 -0.006332576 0.01984995 0.004059672 -0.006462097 0.01984995 0.004141449 -0.005995035 0.01984995 0.003665983 -0.006333649 0.01984995 0.003596603 -0.005882799 0.01984995 0.003260791 -0.006419241 0.01984995 0.003057003 -0.006018042 0.01984995 0.002952694 -0.006695926 0.01984995 0.002629518 -0.006374001 0.01984995 0.002824246 -0.007089614 0.01984995 0.002398848 -0.006880223 0.01984995 0.00241065 -0.007436394 0.01984995 -0.007845759 -0.003985404 0.01984995 -0.008093059 -0.004423022 0.01984995 -0.007569015 -0.004293501 0.01984995 -0.007650852 -0.004760563 0.01984995 -0.007175326 -0.004421949 0.01984995 -0.007106006 -0.004872798 0.01984995 -0.006770193 -0.004336357 0.01984995 -0.006566345 -0.004737555 0.01984995 -0.006462097 -0.004059672 0.01984995 -0.00613892 -0.004381597 0.01984995 -0.006333649 -0.003665983 0.01984995 -0.005908191 -0.003875374 0.01984995 -0.006419241 -0.003260791 0.01984995 -0.005919992 -0.003319203 0.01984995 -0.006171941 -0.002823173 0.01984995 -0.006695926 -0.002952694 0.01984995 -0.006614148 -0.002485632 0.01984995 -0.007089614 -0.002824246 0.01984995 -0.007158994 -0.002373397 0.01984995 -0.007494807 -0.002909839 0.01984995 -0.007698595 -0.00250864 0.01984995 -0.007802903 -0.003186583 0.01984995 -0.00812608 -0.002864658 0.01984995 -0.007931351 -0.003580272 0.01984995 -0.00835675 -0.003370881 0.01984995 -0.008345007 -0.003927052 0.01984995 -0.004336357 0.006770193 0.01984995 -0.004583656 0.006332576 0.01984995 -0.004059672 0.006462097 0.01984995 -0.004141449 0.005995035 0.01984995 -0.003665983 0.006333649 0.01984995 -0.003596603 0.005882799 0.01984995 -0.003260791 0.006419241 0.01984995 -0.003057003 0.006018042 0.01984995 -0.002952694 0.006695926 0.01984995 -0.002629518 0.006374001 0.01984995 -0.002824246 0.007089614 0.01984995 -0.002398848 0.006880223 0.01984995 -0.002909839 0.007494807 0.01984995 -0.00241065 0.007436394 0.01984995 -0.002662539 0.007932424 0.01984995 -0.003186583 0.007802903 0.01984995 -0.003104746 0.008269965 0.01984995 -0.003580272 0.007931351 0.01984995 -0.003649592 0.008382201 0.01984995 -0.003985404 0.007845759 0.01984995 -0.004189252 0.008246958 0.01984995 -0.004293501 0.007569015 0.01984995 -0.004616677 0.007890939 0.01984995 -0.004421949 0.007175326 0.01984995 -0.004847407 0.007384717 0.01984995 -0.004835605 0.006828546 0.02199995 0.003393888 -0.002209961 0.02199995 0.002134978 -0.001733243 0.02199995 0.002706229 -0.003013014 0.02199995 0.001727998 -0.00213927 0.02199995 0.001834213 -0.003610789 0.02199995 0.001245439 -0.002451777 0.02199995 8.37161e-4 -0.003962516 0.02199995 7.0848e-4 -0.002657115 0.02199995 -2.16943e-4 -0.004044175 0.02199995 1.40541e-4 -0.002746403 0.02199995 -4.3354e-4 -0.002715587 0.02199995 -0.001256227 -0.003850221 0.02199995 -9.88674e-4 -0.002566099 0.02199995 -0.002209961 -0.003393888 0.02199995 -0.001500546 -0.002304494 0.02199995 -0.003013014 -0.002706229 0.02199995 -0.001946926 -0.001942098 0.02199995 -0.003610789 -0.001834213 0.02199995 0.003610789 0.001834213 0.02199995 0.002568542 9.82348e-4 0.02199995 0.003962516 8.3716e-4 0.02199995 0.00271666 4.26848e-4 0.02199995 0.004044175 -2.16944e-4 0.02199995 0.002746045 -1.47307e-4 0.02199995 0.003850221 -0.001256227 0.02199995 0.002655386 -7.15024e-4 0.02199995 0.002448678 -0.001251459 0.02199995 -0.00230813 -0.001494884 0.02199995 -0.002568542 -9.82348e-4 0.02199995 -0.003962516 -8.37161e-4 0.02199995 -0.00271666 -4.26848e-4 0.02199995 -0.004044175 2.16944e-4 0.02199995 -0.002746045 1.47308e-4 0.02199995 -0.003850221 0.001256227 0.02199995 -0.002655386 7.15024e-4 0.02199995 -0.003393888 0.002209961 0.02199995 2.16945e-4 0.004044175 0.02199995 4.33542e-4 0.002715587 0.02199995 0.001256227 0.003850221 0.02199995 9.88676e-4 0.002566099 0.02199995 0.002209961 0.003393888 0.02199995 0.001500546 0.002304494 0.02199995 0.003013074 0.002706229 0.02199995 0.001946926 0.001942098 0.02199995 0.00230813 0.001494884 0.02199995 -0.002448678 0.001251459 0.02199995 -0.002134978 0.001733243 0.02199995 -0.002706229 0.003013014 0.02199995 -0.001727938 0.00213927 0.02199995 -0.001834154 0.003610789 0.02199995 -0.001245439 0.002451777 0.02199995 -8.37159e-4 0.003962516 0.02199995 -7.08477e-4 0.002657115 0.02199995 -1.40539e-4 0.002746403 0.01549994 0.00911802 0.004351317 0.01549994 0.008891582 0.004797101 0.01999998 0.00911802 0.004351317 0.01999998 0.008891582 0.004797101 0.01999998 0.009293615 0.004440486 0.01549994 0.009293615 0.004440486 0.01549994 0.009067177 0.004886269 0.01999998 0.009067177 0.004886269 0.01999998 0.003151893 0.007168829 0.01999998 0.002843797 0.006892144 0.01999998 0.00468719 0.005353271 0.01999998 0.008275747 -0.002918004 0.01999998 0.00796771 -0.003194749 0.01999998 0.008877992 -0.002896726 0.01999998 -2.16943e-4 -0.004044175 0.01999998 -0.001256227 -0.003850221 0.01999998 -3.45724e-4 -0.005170643 0.01999998 -0.002408683 0.01001435 0.01999998 -0.002064347 0.009915173 0.01999998 -7.40655e-4 0.01027333 0.01999998 -0.009183108 -0.004664778 0.01999998 -0.00829786 -0.006102025 0.01999998 -0.007514834 -0.006789624 0.01999998 -0.00718975 -0.007375419 0.01999998 0.009894073 0.00286287 0.01999998 0.008147299 0.006301641 0.01999998 0.00835675 0.003370881 0.01999998 0.00812608 0.002864658 0.01999998 0.01022887 0.001208424 0.01999998 0.007698595 0.00250864 0.01999998 0.007087528 6.27994e-4 0.01999998 0.007158994 0.002373397 0.01999998 0.006614148 0.002485632 0.01999998 0.006171941 0.002823173 0.01999998 0.005919992 0.003319203 0.01999998 0.005908191 0.003875374 0.01999998 0.00613892 0.004381597 0.01999998 0.008345007 0.003927052 0.01999998 0.006566405 0.004737555 0.01999998 0.007106006 0.004872798 0.01999998 0.007650852 0.004760563 0.01999998 0.008093059 0.004423022 0.01999998 0.007904291 -9.79879e-4 0.01999998 0.01028883 -4.78527e-4 0.01999998 0.01007252 -0.002152621 0.01999998 0.005353271 -0.00468719 0.01999998 0.007859528 -0.006657063 0.01999998 0.006961107 -0.003870427 0.01999998 0.008841335 -0.005283951 0.01999998 0.009585678 -0.003768861 0.01999998 0.00241065 -0.007436394 0.01999998 0.002398848 -0.006880223 0.01999998 6.27994e-4 -0.007087528 0.01999998 0.00529474 -0.008834898 0.01999998 0.004189252 -0.008246958 0.01999998 0.003780603 -0.009581029 0.01999998 0.003649592 -0.008382201 0.01999998 0.0021649 -0.0100699 0.01999998 0.003104746 -0.008269965 0.01999998 4.91085e-4 -0.01028823 0.01999998 0.002662539 -0.007932424 0.01999998 0.002629518 -0.006374001 0.01999998 0.003057003 -0.006018042 0.01999998 0.003596603 -0.005882799 0.01999998 0.004141449 -0.005995035 0.01999998 0.004583656 -0.006332576 0.01999998 0.004835605 -0.006828546 0.01999998 0.00666666 -0.007851421 0.01999998 0.004847407 -0.007384717 0.01999998 0.004616737 -0.007890939 0.01999998 -0.001195907 -0.0102303 0.01999998 -0.002896726 -0.008877992 0.01999998 -0.00285083 -0.009897589 0.01999998 -0.004429161 -0.009299039 0.01999998 -0.003870427 -0.006961107 0.01999998 -0.005888521 -0.008450686 0.01999998 -0.00468719 -0.005353271 0.01999998 -0.008966982 0.005067765 0.01999998 -0.00967431 0.003535091 0.01999998 -0.008877992 0.002896726 0.01999998 -0.01012182 0.001907467 0.01999998 -0.007087528 -6.27993e-4 0.01999998 -0.01029741 2.28656e-4 0.01999998 -0.009915173 -0.002064347 0.01999998 -0.0101965 -0.00145632 0.01999998 -0.009821712 -0.003102183 0.01999998 -0.005353271 0.00468719 0.01999998 -0.008018791 0.006464362 0.01999998 -0.006789624 0.007514834 0.01999998 -0.004011988 0.009486436 0.01999998 -0.005507588 0.008703768 0.01999998 -0.006855249 0.00768727 0.01999998 -6.27993e-4 0.007087528 0.01999998 9.7988e-4 0.007904291 0.01999998 9.4728e-4 0.01025635 0.01999998 0.002896726 0.008877992 0.01999998 0.002609729 0.00996387 0.01999998 0.007008612 0.007547736 0.01999998 0.005681693 0.008591115 0.01999998 0.004202127 0.009403765 0.01999998 -8.37159e-4 0.003962516 0.01999998 -0.001834154 0.003610789 0.01999998 -0.002706229 0.003013014 0.01999998 -0.003393888 0.002209961 0.01999998 -0.008275747 0.002918004 0.01999998 -0.00796771 0.003194749 0.01999998 -0.006935 0.002044916 0.01999998 -0.007243037 0.001768231 0.01999998 -0.007648229 0.001682639 0.01999998 -0.007562518 0.003280341 0.01999998 -0.007168829 0.003151893 0.01999998 -0.006892144 0.002843797 0.01999998 -0.006806492 0.002438604 0.01999998 -0.003850221 0.001256227 0.01999998 -0.004044175 2.16944e-4 0.01999998 -0.003962516 -8.37161e-4 0.01999998 -0.008041918 0.001811087 0.01999998 -0.008318603 0.002119183 0.01999998 -0.008404195 0.002524316 0.01999998 -0.003013014 -0.002706229 0.01999998 -0.003610789 -0.001834213 0.01999998 0.005987405 -0.001953542 0.01999998 0.003850221 -0.001256227 0.01999998 0.00437957 -0.002770304 0.01999998 0.003393888 -0.002209961 0.01999998 0.002706229 -0.003013014 0.01999998 0.001834213 -0.003610789 0.01999998 8.37161e-4 -0.003962516 0.01999998 0.003610789 0.001834213 0.01999998 0.003962516 8.3716e-4 0.01999998 0.005170643 -3.45725e-4 0.01999998 0.004044175 -2.16944e-4 0.01999998 0.001256227 0.003850221 0.01999998 0.002209961 0.003393888 0.01999998 0.002770304 0.00437957 0.01999998 0.003013074 0.002706229 0.01999998 0.007562518 -0.003280341 0.01999998 0.007168829 -0.003151893 0.01999998 0.006892144 -0.002843797 0.01999998 0.006806492 -0.002438604 0.01999998 0.006935 -0.002044916 0.01999998 0.007243037 -0.001768231 0.01999998 0.007648229 -0.001682639 0.01999998 0.008041918 -0.001811087 0.01999998 0.008318603 -0.002119183 0.01999998 0.008404195 -0.002524316 0.01999998 0.002438604 0.006806492 0.01999998 0.002044916 0.006935 0.01999998 0.001768231 0.007243037 0.01999998 0.001682639 0.007648229 0.01999998 2.16944e-4 0.004044175 0.01999998 0.001811087 0.008041918 0.01999998 0.002119183 0.008318603 0.01999998 0.002524316 0.008404195 0.01999998 0.002918004 0.008275747 0.01999998 0.003194749 0.00796771 0.01999998 0.003280341 0.007562518 0.01999998 -0.003104746 0.008269965 0.01999998 -0.002662539 0.007932424 0.01999998 -0.003596603 0.005882799 0.01999998 -0.003057003 0.006018042 0.01999998 -0.002629518 0.006374001 0.01999998 -0.002398848 0.006880223 0.01999998 -0.00241065 0.007436394 0.01999998 -0.004141449 0.005995035 0.01999998 -0.004583656 0.006332576 0.01999998 -0.004835605 0.006828546 0.01999998 -0.004847407 0.007384717 0.01999998 -0.004616677 0.007890939 0.01999998 -0.004189252 0.008246958 0.01999998 -0.003649592 0.008382201 0.01999998 -0.003151893 -0.007168829 0.01999998 -0.002843797 -0.006892144 0.01999998 -0.001682639 -0.007648229 0.01999998 -0.001811087 -0.008041918 0.01999998 -0.002119183 -0.008318603 0.01999998 -0.002524316 -0.008404195 0.01999998 -0.002209961 -0.003393888 0.01999998 -0.002438604 -0.006806492 0.01999998 -0.002044916 -0.006935 0.01999998 -0.001768231 -0.007243037 0.01999998 -0.002918004 -0.008275747 0.01999998 -0.003194749 -0.00796771 0.01999998 -0.003280341 -0.007562518 0.01999998 -0.007650852 -0.004760563 0.01999998 -0.008093059 -0.004423022 0.01999998 -0.005908191 -0.003875374 0.01999998 -0.00613892 -0.004381597 0.01999998 -0.006566345 -0.004737555 0.01999998 -0.007106006 -0.004872798 0.01999998 -0.008345007 -0.003927052 0.01999998 -0.007158994 -0.002373397 0.01999998 -0.006614148 -0.002485632 0.01999998 -0.006171941 -0.002823173 0.01999998 -0.005919992 -0.003319203 0.01999998 -0.00835675 -0.003370881 0.01999998 -0.00812608 -0.002864658 0.01999998 -0.007698595 -0.00250864 0.01549994 0.00666666 -0.007851421 0.01549994 0.00529474 -0.008834898 0.01549994 0.009894073 0.00286287 0.01549994 0.008147299 0.006301641 0.01549994 0.007008612 0.007547736 0.01549994 0.001125693 -9.13902e-4 0.01549994 0.001400113 -3.77013e-4 0.01549994 0.001432418 2.25065e-4 0.01549994 0.001217007 7.88228e-4 0.01549994 0.005681693 0.008591115 0.01549994 7.91225e-4 0.00121504 0.01549994 -0.006855249 0.00768727 0.01549994 -0.005507588 0.008703768 0.01549994 -9.11125e-4 0.001127958 0.01549994 -0.004011988 0.009486436 0.01549994 -3.73561e-4 0.001401007 0.01549994 -0.0101965 -0.00145632 0.01549994 -0.001447916 7.76713e-5 0.01549994 -0.001354277 -5.17965e-4 0.01549994 0.01022887 0.001208424 0.01549994 0.01028883 -4.78527e-4 0.01549994 0.01007252 -0.002152621 0.01549994 -0.002408683 0.01001435 0.01549994 -7.40655e-4 0.01027333 0.01549994 2.28595e-4 0.001431822 0.01549994 -0.008018791 0.006464362 0.01549994 -0.001291096 6.59878e-4 0.01549994 -0.008966982 0.005067765 0.01549994 -0.00718975 -0.007375419 0.01549994 -0.001026511 -0.001024007 0.01549994 -0.005888521 -0.008450686 0.01549994 -5.213e-4 -0.001353025 0.01549994 4.91085e-4 -0.01028823 0.01549994 -0.001195907 -0.0102303 0.01549994 7.41034e-5 -0.001448094 0.01549994 -0.00285083 -0.009897589 0.01549994 -0.004429161 -0.009299039 0.01549994 6.56695e-4 -0.001292765 0.01549994 9.4728e-4 0.01025635 0.01549994 0.002609729 0.00996387 0.01549994 0.004202127 0.009403765 0.01549994 -0.01029741 2.28656e-4 0.01549994 -0.01012182 0.001907467 0.01549994 -0.00967431 0.003535091 0.01549994 -0.00829786 -0.006102025 0.01549994 -0.009183108 -0.004664778 0.01549994 -0.009821712 -0.003102183 0.01549994 0.0021649 -0.0100699 0.01549994 0.003780603 -0.009581029 0.01549994 0.009585678 -0.003768861 0.01549994 0.008841335 -0.005283951 0.01549994 0.007859528 -0.006657063 0.02069997 3.73563e-4 -0.001401007 0.02069997 -2.28593e-4 -0.001431822 0.02069997 7.41037e-5 -0.001448094 0.02069997 -7.91223e-4 -0.00121504 0.02069997 -5.213e-4 -0.001353025 0.02069997 -0.001217007 -7.88228e-4 0.02069997 -0.001026511 -0.001024007 0.02069997 -0.001432418 -2.25065e-4 0.02069997 -0.001354277 -5.17965e-4 0.02069997 -0.001400113 3.77013e-4 0.02069997 -0.001447916 7.76713e-5 0.02069997 -0.001125693 9.13902e-4 0.02069997 -0.001291096 6.59878e-4 0.02069997 -6.56693e-4 0.001292765 0.02069997 -9.11124e-4 0.001127958 0.02069997 -7.41018e-5 0.001448094 0.02069997 -3.73561e-4 0.001401007 0.02069997 5.21302e-4 0.001353025 0.02069997 2.28595e-4 0.001431822 0.02069997 0.001026511 0.001024007 0.02069997 7.91225e-4 0.00121504 0.02069997 0.001354277 5.17965e-4 0.02069997 0.001217007 7.88228e-4 0.02069997 0.001447916 -7.76713e-5 0.02069997 0.001432418 2.25065e-4 0.02069997 0.001291096 -6.59878e-4 0.02069997 0.001400113 -3.77013e-4 0.02069997 6.56695e-4 -0.001292765 0.02069997 9.11126e-4 -0.001127958 0.02069997 0.001125693 -9.13902e-4 0.01699995 -0.00713247 -0.003623127 0.01748067 -0.006462097 -0.004059672 0.01748067 -0.006333649 -0.003665983 0.01748067 -0.006770193 -0.004336357 0.01748067 -0.006695926 -0.002952694 0.01748067 -0.007089614 -0.002824246 0.01748067 -0.006419241 -0.003260791 0.01748067 -0.007802903 -0.003186583 0.01748067 -0.007931351 -0.003580272 0.01748067 -0.007494807 -0.002909839 0.01748067 -0.007569015 -0.004293501 0.01748067 -0.007175326 -0.004421949 0.01748067 -0.007845759 -0.003985404 0.01699995 0.003623127 -0.00713247 0.01748067 0.004293501 -0.007569015 0.01748067 0.004421949 -0.007175326 0.01748067 0.003985404 -0.007845759 0.01748067 0.004059672 -0.006462097 0.01748067 0.003665983 -0.006333649 0.01748067 0.004336357 -0.006770193 0.01748067 0.002952694 -0.006695926 0.01748067 0.002824246 -0.007089614 0.01748067 0.003260791 -0.006419241 0.01748067 0.003186583 -0.007802903 0.01748067 0.003580272 -0.007931351 0.01748067 0.002909839 -0.007494807 0.01699995 -0.003623127 0.00713247 0.01748067 -0.002952694 0.006695926 0.01748067 -0.002824246 0.007089614 0.01748067 -0.003260791 0.006419241 0.01748067 -0.003186583 0.007802903 0.01748067 -0.003580272 0.007931351 0.01748067 -0.002909839 0.007494807 0.01748067 -0.004293501 0.007569015 0.01748067 -0.004421949 0.007175326 0.01748067 -0.003985404 0.007845759 0.01748067 -0.004059672 0.006462097 0.01748067 -0.003665983 0.006333649 0.01748067 -0.004336357 0.006770193 0.01699995 0.00713247 0.003623127 0.01748067 0.007802903 0.003186583 0.01748067 0.007931351 0.003580272 0.01748067 0.007494807 0.002909839 0.01748067 0.007569015 0.004293501 0.01748067 0.007175326 0.004421949 0.01748067 0.007845759 0.003985404 0.01748067 0.006462097 0.004059672 0.01748067 0.006333649 0.003665983 0.01748067 0.006770193 0.004336357 0.01748067 0.006695985 0.002952694 0.01748067 0.007089614 0.002824246 0.01748067 0.006419241 0.003260791 -0.01979994 -0.003346204 0.002355754 -0.01859998 -0.003346204 0.002355754 -0.01979994 -0.003054022 0.002369463 -0.01859998 -0.003054022 0.002369463 -0.01979994 -0.002803027 0.002519607 -0.01859998 -0.002803027 0.002519607 -0.01979994 -0.002652883 0.002770662 -0.01859998 -0.002652883 0.002770662 -0.01979994 -0.002639293 0.003062844 -0.01859998 -0.002639293 0.003062844 -0.01979994 0.003433287 0.001436352 -0.01859998 0.003433287 0.001436352 -0.01979994 0.003299057 0.001176476 -0.01859998 0.003299057 0.001176476 -0.01979994 0.003303647 8.84067e-4 -0.01859998 0.003303647 8.84067e-4 -0.01979994 0.003445923 6.28528e-4 -0.01859998 0.003445923 6.28528e-4 -0.01979994 0.00369215 4.70636e-4 -0.01859998 0.00369215 4.70636e-4 -0.01559996 -0.00162661 0.002474665 -0.01559996 -0.002757847 0.00134319 -0.01479995 -0.00162661 0.002474665 -0.01479995 -0.002757847 0.00134319 -0.01559996 -0.003182411 0.004030168 -0.01479995 -0.003182411 0.004030168 -0.01559996 -0.004313647 0.002898633 -0.01559996 -0.003941416 0.003354668 -0.01559996 -0.00331068 0.003934204 -0.01479995 -0.004313647 0.002898633 -0.01459997 -0.002757787 0.001060307 -0.01459997 -0.004429399 0.002731621 -0.01459997 -0.001343727 0.002474725 -0.01459997 -0.003015339 0.004145979 -0.01639997 -3.72542e-4 -0.002556443 -0.01639997 -6.75309e-4 -0.002773344 -0.01639997 -9.65365e-4 -0.002447843 -0.01639997 -0.001234233 -0.002617835 -0.01639997 -0.001514971 -0.002200543 -0.01639997 -0.00170499 -0.002376735 -0.01639997 -0.001989424 -0.001828908 -0.01639997 -0.002180993 -0.001990795 -0.01639997 -0.002361118 -0.001354515 -0.01639997 -0.002559721 -0.00150901 -0.01639997 -0.002608537 -8.0501e-4 -0.01639997 -0.002822339 -9.55331e-4 -0.01639997 -0.002717256 -2.12211e-4 -0.01639997 -0.002955853 -3.57231e-4 -0.01639997 -0.002680957 3.89377e-4 -0.01639997 -0.002953529 2.5558e-4 -0.01639997 -0.002501666 9.6479e-4 -0.01639997 -0.002815604 8.5267e-4 -0.01639997 -0.002189934 0.001480579 -0.01639997 0.002273559 9.02143e-5 -0.01639997 0.002525269 -1.861e-4 -0.01639997 0.0022372 -5.11373e-4 -0.01639997 0.002437889 -7.5966e-4 -0.01639997 0.002057969 -0.001086771 -0.01639997 0.002232134 -0.001302063 -0.01639997 0.001746237 -0.00160253 -0.01639997 0.001917123 -0.001789331 -0.01639997 0.001320123 -0.002028763 -0.01639997 0.001506924 -0.00219959 -0.01639997 8.04413e-4 -0.002340614 -0.01639997 0.001019775 -0.002514719 -0.01639997 2.29038e-4 -0.002519965 -0.01639997 4.77367e-4 -0.002720594 -0.01639997 -9.61739e-5 -0.002808094 -0.01639997 -0.002548873 0.001404345 -0.01639997 -0.002166569 0.001883327 -0.01639997 -0.00176382 0.001906752 -0.01639997 -0.001687705 0.002265691 -0.01639997 -0.001248121 0.002218604 -0.01639997 -0.001136064 0.002532541 -0.01639997 -6.72762e-4 0.002397954 -0.01639997 -5.39023e-4 0.002670645 -0.01639997 -7.11825e-5 0.002434432 -0.01639997 7.37867e-5 0.002673029 -0.01639997 5.21641e-4 0.002325832 -0.01639997 6.71915e-4 0.002539694 -0.01639997 0.001071214 0.002078592 -0.01639997 0.00122565 0.002277195 -0.01639997 0.001545667 0.001706957 -0.01639997 0.001707494 0.001898527 -0.01639997 0.001917421 0.001232564 -0.01639997 0.002093553 0.001422643 -0.01639997 0.00216484 6.83014e-4 -0.01639997 0.002334773 9.51946e-4 -0.01639997 0.002490341 3.93027e-4 -0.01599997 -0.001989424 -0.001828908 -0.01599997 -0.001514971 -0.002200543 -0.01599997 -9.65365e-4 -0.002447843 -0.01599997 -3.72542e-4 -0.002556443 -0.01599997 2.29038e-4 -0.002519965 -0.01599997 8.04413e-4 -0.002340614 -0.01599997 0.001320123 -0.002028763 -0.01599997 0.001746237 -0.00160253 -0.01599997 0.002057969 -0.001086771 -0.01599997 0.0022372 -5.11373e-4 -0.01599997 0.002273559 9.02143e-5 -0.01599997 0.00216484 6.83014e-4 -0.01599997 0.001917421 0.001232564 -0.01599997 0.001545667 0.001706957 -0.01599997 0.001071214 0.002078592 -0.01599997 5.21641e-4 0.002325832 -0.01599997 -7.11825e-5 0.002434432 -0.01599997 -6.72762e-4 0.002397954 -0.01599997 -0.001248121 0.002218604 -0.01599997 -0.00176382 0.001906752 -0.01599997 -0.002189934 0.001480579 -0.01599997 -0.002501666 9.6479e-4 -0.01599997 -0.002680957 3.89377e-4 -0.01599997 -0.002717256 -2.12211e-4 -0.01599997 -0.002608537 -8.0501e-4 -0.01599997 -0.002361118 -0.001354515 -0.01489996 -8.57316e-4 -0.001308441 -0.01489996 -6.38224e-4 -0.001397609 -0.01489996 -4.40723e-4 -0.001443743 -0.01489996 -3.06243e-4 -0.001458406 -0.01489996 -2.70652e-6 -0.001443684 -0.01489996 3.06418e-5 -0.001438021 -0.01489996 3.52852e-4 -0.001337587 -0.01489996 4.13858e-4 -0.001308321 -0.01489996 6.41662e-4 -0.001162946 -0.01489996 7.68193e-4 -0.001050829 -0.01489996 8.80287e-4 -9.24287e-4 -0.01489996 0.001025557 -6.96452e-4 -0.01489996 0.001054823 -6.3544e-4 -0.01489996 0.001155197 -3.13208e-4 -0.01489996 0.001160919 -2.79859e-4 -0.01489996 0.001175522 2.36808e-5 -0.01489996 0.00116086 1.58158e-4 -0.01489996 0.001114666 3.55649e-4 -0.01489996 0.001025438 5.74722e-4 -0.01489996 9.76154e-4 6.63402e-4 -0.01489996 7.67981e-4 9.29057e-4 -0.01489996 5.02283e-4 0.001137137 -0.01489996 4.13591e-4 0.00118643 -0.01489996 1.94499e-4 0.001275599 -0.01489996 -3.00161e-6 0.001321732 -0.01489996 -1.37481e-4 0.001336455 -0.01489996 -4.41018e-4 0.001321732 -0.01489996 -4.74366e-4 0.00131601 -0.01489996 -7.96576e-4 0.001215577 -0.01489996 -8.57582e-4 0.001186311 -0.01489996 -0.00108534 0.001040935 -0.01489996 -0.001211881 9.28846e-4 -0.01489996 -0.001323997 8.02291e-4 -0.01489996 -0.001469314 5.74455e-4 -0.01489996 -0.001498579 5.13443e-4 -0.01489996 -0.001598954 1.91212e-4 -0.01489996 -0.001604616 1.57862e-4 -0.01489996 -0.001619279 -1.45677e-4 -0.01489996 -0.001604557 -2.80154e-4 -0.01489996 -0.001558423 -4.77645e-4 -0.01489996 -0.001469194 -6.96718e-4 -0.01489996 -0.001419842 -7.85399e-4 -0.01489996 -0.001211702 -0.001051008 -0.01489996 -9.46007e-4 -0.001259148 -0.01459997 -0.001211702 -0.001051008 -0.01459997 -8.57316e-4 -0.001308441 -0.01459997 -4.40723e-4 -0.001443743 -0.01459997 -2.70651e-6 -0.001443684 -0.01459997 4.13858e-4 -0.001308321 -0.01459997 7.68193e-4 -0.001050829 -0.01459997 0.001025557 -6.96452e-4 -0.01459997 0.001160919 -2.79859e-4 -0.01459997 0.00116086 1.58158e-4 -0.01459997 0.001025438 5.74722e-4 -0.01459997 7.67981e-4 9.29057e-4 -0.01459997 4.13591e-4 0.00118643 -0.01459997 -3.00159e-6 0.001321732 -0.01459997 -4.41018e-4 0.001321732 -0.01459997 -8.57582e-4 0.001186311 -0.01459997 -0.001211881 9.28846e-4 -0.01459997 -0.001469314 5.74455e-4 -0.01459997 -0.001604616 1.57862e-4 -0.01459997 -0.001604557 -2.80154e-4 -0.01459997 -0.001469194 -6.96718e-4 -0.01459997 -0.002591013 0.004398703 -0.01459997 0.002334773 9.51946e-4 -0.01459997 0.004806637 4.0422e-4 -0.01459997 0.004736125 8.98439e-4 -0.01459997 -0.005261659 2.59836e-4 -0.01459997 -0.00524336 -5.96509e-4 -0.01459997 -0.001234233 -0.002617835 -0.01459997 -0.00508064 -0.001437425 -0.01459997 -0.004778087 -0.00223875 -0.01459997 -0.003137409 -0.004184305 -0.01459997 -0.002398669 -0.004617691 -0.01459997 -0.001803278 0.004734992 -0.01459997 -0.004344522 -0.00297743 -0.01459997 -0.003792345 -0.003632247 -0.01459997 -0.001597225 -0.004920065 -0.01459997 -7.56302e-4 -0.005082607 -0.01459997 -6.86007e-4 -0.005089581 -0.01459997 -0.004465162 0.002676963 -0.01459997 -0.004866838 0.001920461 -0.01459997 -0.00513494 0.001106917 -0.01459997 0.004502654 0.001722514 -0.01459997 0.004133284 0.002495348 -0.01459997 0.003638625 0.00319457 -0.01459997 -6.75309e-4 -0.002773344 -0.01459997 -9.61738e-5 -0.002808094 -0.01459997 4.77367e-4 -0.002720594 -0.01459997 0.001019775 -0.002514719 -0.01459997 0.003032863 0.003800153 -0.01459997 0.002333521 0.004294693 -0.01459997 0.001560628 0.004663884 -0.01459997 7.36517e-4 0.004897177 -0.01459997 -1.15213e-4 0.004987835 -0.01459997 -9.70011e-4 0.004933238 -0.01459997 0.002490341 3.93027e-4 -0.01459997 0.002525269 -1.861e-4 -0.01459997 0.001506924 -0.00219959 -0.01459997 0.001917123 -0.001789331 -0.01459997 0.002232134 -0.001302063 -0.01459997 0.002437889 -7.5966e-4 -0.01679998 0.00460112 4.49754e-4 -0.01679998 0.004806637 4.0422e-4 -0.01959997 0.002334773 9.51946e-4 -0.01937747 0.002529025 9.08901e-4 -0.01844274 0.003307044 7.36506e-4 -0.01759999 0.003405928 -0.00227493 -0.01759999 0.004206001 -0.002489209 -0.01743829 0.003536641 -0.002292871 -0.01748067 0.004210472 -0.002481043 -0.01732373 0.004230201 -0.002444505 -0.0168187 0.004268407 -0.001856386 -0.01686352 0.004181325 -0.00197786 -0.01694321 0.004363715 -0.002176284 -0.01693761 0.004069805 -0.002089023 -0.01704943 0.004309713 -0.002289712 -0.01702964 0.003951668 -0.002173483 -0.01717829 0.004263877 -0.002380549 -0.01714313 0.003821909 -0.002238094 -0.01728141 0.003680288 -0.002279758 -0.01686483 0.004421889 -0.002045392 -0.01681625 0.004480719 -0.001901626 -0.01680099 0.004328787 -0.001736044 -0.01679998 0.004537343 -0.001749753 -0.01679998 0.004343509 -0.001697838 -0.01759999 0.002207279 -0.004488348 -0.01759999 0.001992821 -0.003688275 -0.01749962 0.002007484 -0.00376743 -0.01744115 0.002192735 -0.004496276 -0.01733964 0.002006411 -0.003907382 -0.0172863 0.002149164 -0.00451976 -0.01719421 0.001975417 -0.004050195 -0.01714539 0.002079069 -0.004556298 -0.01679998 0.001415967 -0.004626035 -0.01679998 0.001467943 -0.004819869 -0.01681208 0.001544654 -0.00456804 -0.0168091 0.001582443 -0.00477761 -0.01684212 0.001648128 -0.0045017 -0.01685124 0.00173068 -0.004718244 -0.01689767 0.001754641 -0.004409551 -0.01692444 0.001867532 -0.00465846 -0.01697385 0.001845121 -0.004303812 -0.01702278 0.001983523 -0.004603922 -0.01707839 0.001923382 -0.004176557 -0.01714414 0.001956522 -0.004103243 -0.01679998 0.004826962 4.67285e-5 -0.01679998 0.004627764 -4.76907e-6 -0.01679998 0.004772543 -8.08081e-4 -0.01679998 0.004376769 -0.001602113 -0.01679998 0.004574418 -0.001641392 -0.01679998 0.00451982 -0.001080095 -0.01679998 0.004603862 -5.45474e-4 -0.01679998 -7.31586e-4 -0.004884123 -0.01679998 -6.86008e-4 -0.005089581 -0.01679998 -2.77056e-4 -0.004910647 -0.01679998 1.00047e-4 -0.005100727 -0.01679998 2.63643e-4 -0.004886627 -0.01679998 7.98297e-4 -0.004802465 -0.01679998 9.47135e-4 -0.004973828 -0.01679998 0.001320242 -0.004659295 -0.01937747 -0.001191139 -0.002812087 -0.01959997 -0.001234233 -0.002617835 -0.01844274 -0.001018583 -0.003590047 -0.01959997 9.3759e-4 -0.002554595 -0.01959997 0.001208186 -0.002409875 -0.01979994 0.001208186 -0.002409875 -0.01959997 6.52528e-4 -0.002668261 -0.01979994 6.52529e-4 -0.002668261 -0.01959997 3.56578e-4 -0.002749443 -0.01979994 5.34243e-5 -0.002797126 -0.01959997 5.34234e-5 -0.002797126 -0.01959997 -2.53159e-4 -0.002810776 -0.01979994 -5.59351e-4 -0.002790153 -0.01959997 -5.59352e-4 -0.002790153 -0.01959997 -8.61342e-4 -0.002735555 -0.01979994 -0.001155316 -0.002647697 -0.01959997 -0.001155316 -0.002647697 -0.01979994 -0.00170499 -0.002376735 -0.01979994 0.002093553 0.001422643 -0.01979994 0.002364635 8.73058e-4 -0.01959997 0.002364635 8.73058e-4 -0.01959997 0.002452611 5.79051e-4 -0.01979994 0.002507269 2.77073e-4 -0.01959997 0.002507269 2.77072e-4 -0.01979994 0.002514362 -3.35701e-4 -0.01959997 0.002514362 -3.35701e-4 -0.01959997 0.002527952 -2.91156e-5 -0.01979994 0.002385556 -9.34834e-4 -0.01979994 0.002127349 -0.001490533 -0.01959997 0.002127349 -0.001490533 -0.01959997 0.002272009 -0.001219868 -0.01959997 0.002385556 -9.34833e-4 -0.01959997 0.002466678 -6.38865e-4 -0.01979994 0.001707494 0.001898527 -0.01979994 0.00122565 0.002277195 -0.01979994 6.71915e-4 0.002539694 -0.01979994 7.37865e-5 0.002673029 -0.01979994 -5.39024e-4 0.002670645 -0.01979994 -0.001136064 0.002532541 -0.01979994 -0.001687705 0.002265691 -0.01979994 -0.002166569 0.001883327 -0.01979994 -0.002548873 0.001404345 -0.01979994 -0.002815604 8.5267e-4 -0.01979994 -0.002953529 2.5558e-4 -0.01979994 -0.002955853 -3.57231e-4 -0.01979994 -0.002822339 -9.55331e-4 -0.01979994 -0.002559721 -0.00150901 -0.01979994 -0.002180993 -0.001990795 -0.01959997 0.002527952 -2.91156e-5 -0.01959997 0.002507269 2.77073e-4 -0.01959997 0.002385556 -9.34833e-4 -0.01959997 0.002514362 -3.35701e-4 -0.01959997 0.002272009 -0.001219868 -0.01805758 0.003058969 -0.002182006 -0.01906263 0.002419531 -0.001782715 -0.01848632 0.002731084 -0.002094149 -0.01906263 0.002419531 -0.001782715 -0.01979994 0.002731084 -0.002094149 -0.01979994 0.003102838 -0.002193748 -0.01859998 0.003102838 -0.002193748 -0.01789999 0.004454255 -0.002555727 -0.01759999 0.004454255 -0.002555727 -0.01825863 0.004225313 -0.002494394 -0.01859998 0.004006862 -0.002435863 -0.01826471 0.004758536 8.6359e-4 -0.01828885 0.004655897 0.001246511 -0.01759999 0.004655897 0.001246511 -0.01759999 0.005072414 -3.07157e-4 -0.01789999 0.005072414 -3.07157e-4 -0.01813936 0.004912197 2.9037e-4 -0.01789999 2.54267e-5 -0.005355179 -0.01759999 2.54267e-5 -0.005355179 -0.01808792 -4.18005e-4 -0.005236446 -0.01759999 -0.001528322 -0.004939019 -0.01823914 -9.78522e-4 -0.005086302 -0.01828885 -0.001528322 -0.004939019 -0.01789999 -4.69151e-4 0.005233228 -0.01759999 -4.69151e-4 0.005233228 -0.01808792 -2.572e-5 0.005114436 -0.01759999 0.001084625 0.004817008 -0.01823914 5.34797e-4 0.004964292 -0.01828885 0.001084625 0.004817008 -0.01789999 0.004653096 -0.002140522 -0.01759999 0.004770755 -0.001839518 -0.01789999 0.004459142 -0.002546489 -0.01789999 0.004770755 -0.001839518 -0.01789999 0.004811882 -0.001719594 -0.01759999 0.004978358 -0.001084506 -0.01789999 0.00493443 -0.001286745 -0.01789999 0.004978358 -0.001084506 -0.01789999 0.005019783 -8.45065e-4 -0.01789999 0.005067408 -3.97714e-4 -0.01789999 5.63323e-4 -0.005302488 -0.01759999 8.02764e-4 -0.005261003 -0.01789999 1.15983e-4 -0.005350172 -0.01789999 8.02764e-4 -0.005261003 -0.01789999 0.001004993 -0.005217015 -0.01759999 0.001557707 -0.005053281 -0.01789999 0.001437842 -0.005094408 -0.01789999 0.002273857 -0.004736602 -0.01759999 0.002273857 -0.004736602 -0.01789999 0.001858711 -0.004935503 -0.01789999 0.001557707 -0.005053281 -0.01789999 -0.00100702 0.005180478 -0.01759999 -0.00133115 0.005121588 -0.01789999 -5.59707e-4 0.005228221 -0.01789999 -0.00133115 0.005121588 -0.01789999 -0.00144869 0.005095005 -0.01759999 -0.00216329 0.004870593 -0.01789999 -0.001881539 0.004972398 -0.01789999 -0.00216329 0.004870593 -0.01789999 -0.002302408 0.004813492 -0.01759999 -0.002943217 0.004486918 -0.01789999 -0.002708315 0.004619479 -0.01789999 -0.002943217 0.004486918 -0.01789999 -0.003096282 0.004391789 -0.01759999 -0.003650009 0.003980934 -0.01789999 -0.003463566 0.004131972 -0.01789999 -0.003650009 0.003980934 -0.01789999 -0.003807485 0.003841936 -0.01759999 -0.004264533 0.003366291 -0.01789999 -0.004125535 0.003523766 -0.01789999 -0.004264533 0.003366291 -0.01789999 -0.004415512 0.003179788 -0.01759999 -0.004770398 0.00265944 -0.01789999 -0.004675269 0.002812504 -0.01789999 -0.004770398 0.00265944 -0.01789999 -0.004902899 0.002424478 -0.01759999 -0.005153834 0.001879394 -0.01789999 -0.005096793 0.002018511 -0.01789999 -0.005153834 0.001879394 -0.01789999 -0.005255639 0.001597583 -0.01759999 -0.00540471 0.001047134 -0.01789999 -0.005378127 0.001164734 -0.01789999 -0.00540471 0.001047134 -0.01789999 -0.00546354 7.23069e-4 -0.01759999 -0.005516111 1.85161e-4 -0.01789999 -0.005511105 2.75718e-4 -0.01789999 -0.005516111 1.85161e-4 -0.01826471 -0.005202293 -9.85587e-4 -0.01828885 -0.005099594 -0.001368522 -0.01759999 -0.005099594 -0.001368522 -0.01813936 -0.005355954 -4.12367e-4 -0.01759999 0.004736125 8.98439e-4 -0.01759999 0.004826962 4.67285e-5 -0.01759999 0.004772543 -8.08081e-4 -0.01759999 0.004574418 -0.001641392 -0.01759999 0.004238367 -0.002429246 -0.01759999 -7.56302e-4 -0.005082607 -0.01759999 0.001760542 -0.004705548 -0.01759999 9.47135e-4 -0.004973828 -0.01759999 1.00047e-4 -0.005100727 -0.01759999 7.36516e-4 0.004897177 -0.01759999 -0.00524336 -5.96509e-4 -0.01759999 -0.005261659 2.59836e-4 -0.01759999 -0.00513494 0.001106917 -0.01759999 -0.004866838 0.001920461 -0.01759999 -0.004465162 0.002676963 -0.01759999 -0.003941416 0.003354668 -0.01759999 -0.00331068 0.003934204 -0.01759999 -0.002591013 0.004398703 -0.01759999 -0.001803278 0.004734992 -0.01759999 -9.70011e-4 0.004933238 -0.01759999 -1.15213e-4 0.004987835 -0.01828885 -0.004344522 -0.00297743 -0.01828885 -0.004082322 -0.003316581 -0.01828885 -0.00457704 -0.002617299 -0.01828885 -0.004778146 -0.00223875 -0.01828885 -0.00494641 -0.001844525 -0.01828885 -0.00508064 -0.001437425 -0.01828885 0.001954913 0.004495739 -0.01828885 0.001560628 0.004663884 -0.01828885 0.001153528 0.004798054 -0.01828885 0.002693712 0.004062294 -0.01828885 0.002333521 0.004294693 -0.01828885 0.003348588 0.003510236 -0.01828885 0.003032863 0.003800153 -0.01828885 0.003900825 0.002855479 -0.01828885 0.003638625 0.00319457 -0.01828885 0.004636883 0.001315414 -0.01828885 0.004502654 0.001722514 -0.01828885 0.00433439 0.002116739 -0.01828885 0.004133284 0.002495348 -0.01828885 -0.001597225 -0.004920065 -0.01828885 -0.002004384 -0.004785895 -0.01828885 -0.002777278 -0.004416704 -0.01828885 -0.002398669 -0.004617691 -0.01828885 -0.003792345 -0.003632247 -0.01828885 -0.003476619 -0.003922164 -0.01828885 -0.003137409 -0.004184305 -0.01859998 -0.00504446 -5.75301e-4 -0.01859998 -0.004983484 -9.82438e-4 -0.01859998 -1.19437e-4 0.004787862 -0.01859998 2.91411e-4 0.004761755 -0.01859998 6.98561e-4 0.004700839 -0.01825863 0.002212464 -0.00450766 -0.01859998 -7.35136e-4 -0.004883706 -0.01859998 -3.24288e-4 -0.004909873 -0.01859998 -0.001542747 -0.004727602 -0.01859998 -0.001142263 -0.00482285 -0.01859998 0.001682043 -0.004521608 -0.01859998 0.002153933 -0.004289209 -0.01859998 0.004626989 4.24623e-5 -0.01859998 0.004618287 -3.69126e-4 -0.01859998 0.004600763 4.53305e-4 -0.01859998 0.004539787 8.60441e-4 -0.01859998 0.004444479 0.001260936 -0.01859998 0.004315555 0.001651883 -0.01859998 0.004153966 0.002030491 -0.01859998 0.003960788 0.00239408 -0.01859998 0.003737509 0.002739965 -0.01859998 0.003485739 0.003065645 -0.01859998 0.003207206 0.003368794 -0.01859998 0.002903997 0.003647267 -0.01859998 0.002578258 0.003898978 -0.01859998 0.002232313 0.004122197 -0.01859998 0.001868724 0.004315257 -0.01859998 0.001490056 0.004476785 -0.01859998 0.00109905 0.00460565 -0.01859998 -0.005070745 -1.64459e-4 -0.01859998 -0.005062043 2.47129e-4 -0.01859998 -0.001933753 -0.004598796 -0.01859998 -0.002312421 -0.004437267 -0.01859998 -0.002676069 -0.004244208 -0.01859998 -0.003021955 -0.004020988 -0.01859998 -0.003347694 -0.003769278 -0.01859998 -0.003650963 -0.003490805 -0.01859998 -0.003929436 -0.003187656 -0.01859998 -0.004181265 -0.002861917 -0.01859998 -0.004404544 -0.00251609 -0.01859998 -0.004597663 -0.002152502 -0.01859998 -0.004759252 -0.001773893 -0.01859998 -0.004888176 -0.001382887 -0.01859998 0.001296877 -0.004667043 -0.01859998 9.00838e-4 -0.004779219 -0.01859998 4.96656e-4 -0.00485742 -0.01859998 8.72978e-5 -0.004901111 -0.01859998 -0.005018472 6.56497e-4 -0.01859998 -0.00494033 0.001060664 -0.01859998 -0.004828214 0.001456797 -0.01859998 -0.004682898 0.001841962 -0.01859998 -0.004505455 0.002213418 -0.01859998 -0.004297137 0.002568542 -0.01859998 -0.004059433 0.002904653 -0.01859998 -0.003794133 0.003219425 -0.01859998 -0.003503024 0.003510534 -0.01859998 -0.003188312 0.003775954 -0.01859998 -0.002852261 0.004013717 -0.01859998 -0.002497196 0.004222095 -0.01859998 -0.002125799 0.004399657 -0.01859998 -0.001740634 0.004545032 -0.01859998 -0.001344561 0.004657268 -0.01859998 -9.40381e-4 0.004735469 -0.01859998 -5.31023e-4 0.0047791 -0.01859998 0.004574716 -7.78493e-4 -0.01859998 0.004496634 -0.001182675 -0.01859998 0.004384517 -0.001578807 -0.01859998 0.004239201 -0.001963973 -0.01859998 0.004061698 -0.002335429 -0.01979994 0.00191158 -0.003385245 -0.01979994 0.001811921 -0.003013491 -0.01859998 0.00191158 -0.003385245 -0.01848632 0.001811921 -0.003013491 -0.01805728 0.001899898 -0.003341615 -0.01959997 9.3759e-4 -0.002554595 -0.01906323 0.00150007 -0.002701699 -0.01959997 6.52528e-4 -0.002668261 -0.01959997 3.56578e-4 -0.002749443 -0.01959997 5.34233e-5 -0.002797126 -0.01959997 -2.53159e-4 -0.002810776 -0.01959997 -5.59352e-4 -0.002790153 -0.01959997 -8.61342e-4 -0.002735555 -0.01979994 -0.001458585 -0.003582179 -0.01979994 -0.001166164 -0.003586709 -0.01979994 -9.10606e-4 -0.003728985 -0.01979994 -7.52661e-4 -0.003975152 -0.01979994 -5.77671e-5 -0.004007577 -0.01979994 6.32038e-4 -0.003917574 -0.01979994 0.001295328 -0.003707945 -0.01979994 -0.001718461 -0.003716468 -0.01979994 -0.002362191 -0.003380775 -0.01979994 -0.002933681 -0.002932965 -0.01979994 0.003425419 -0.001577436 -0.01979994 -0.00373578 0.001743078 -0.01979994 -0.004006564 0.001069486 -0.01979994 -0.003413498 -0.002388179 -0.01979994 -0.00378549 -0.001764714 -0.01979994 -0.004037141 -0.001083731 -0.01979994 -0.004159867 -3.68186e-4 -0.01979994 -0.004149556 3.57746e-4 -0.01979994 0.003097474 0.002080082 -0.01979994 0.002649545 0.002651393 -0.01979994 0.00210464 0.003131151 -0.01979994 0.001481115 0.003503024 -0.01979994 -0.002026736 0.003452479 -0.01979994 -0.001353144 0.003723502 -0.01979994 0.003724753 -2.24251e-4 -0.01979994 0.00363487 -9.14075e-4 -0.01979994 -6.41445e-4 0.003866612 -0.01979994 8.44849e-5 0.003877103 -0.01979994 8.00066e-4 0.003754496 -0.01859998 -7.52661e-4 -0.003975152 -0.01859998 -9.10606e-4 -0.003728985 -0.01859998 -0.001166164 -0.003586709 -0.01859998 -0.001458585 -0.003582179 -0.01859998 -0.001718461 -0.003716468 -0.01859998 0.003724753 -2.24251e-4 -0.01859998 0.00363487 -9.14075e-4 -0.01859998 0.003425419 -0.001577436 -0.01859998 -0.002026736 0.003452479 -0.01859998 -0.001353144 0.003723502 -0.01859998 -6.41445e-4 0.003866612 -0.01859998 8.44849e-5 0.003877103 -0.01859998 8.00066e-4 0.003754496 -0.01859998 0.001481115 0.003503024 -0.01859998 0.00210464 0.003131151 -0.01859998 0.002649545 0.002651393 -0.01859998 0.003097474 0.002080082 -0.01859998 0.001295328 -0.003707945 -0.01859998 6.32038e-4 -0.003917574 -0.01859998 -5.7767e-5 -0.004007577 -0.01859998 -0.002362191 -0.003380775 -0.01859998 -0.002933681 -0.002932965 -0.01859998 -0.003413498 -0.002388179 -0.01859998 -0.00378549 -0.001764714 -0.01859998 -0.004037141 -0.001083731 -0.01859998 -0.004159867 -3.68186e-4 -0.01859998 -0.004149556 3.57746e-4 -0.01859998 -0.004006564 0.001069486 -0.01859998 -0.00373578 0.001743078 0.01960235 -3.40497e-4 -4.42403e-4 0.01956999 -2.7929e-4 -4.80763e-4 0.01956999 -3.93109e-4 -3.93193e-4 0.01956999 -4.80702e-4 -2.79393e-4 0.01960235 -4.4233e-4 -3.40592e-4 0.01961326 -3.95248e-4 -3.95333e-4 0.01960235 4.42404e-4 -3.40498e-4 0.01956999 4.80764e-4 -2.7929e-4 0.01956999 4.70811e-4 -2.9576e-4 0.01961326 3.95334e-4 -3.95249e-4 0.01956999 3.93194e-4 -3.93109e-4 0.01960235 3.40593e-4 -4.42331e-4 0.01956999 2.95861e-4 -4.70747e-4 0.01956999 2.79394e-4 -4.80703e-4 0.01960235 -4.42403e-4 3.40498e-4 0.01956999 -4.80762e-4 2.7929e-4 0.01956999 -4.70809e-4 2.9576e-4 0.01961326 -3.95332e-4 3.95249e-4 0.01956999 -3.93192e-4 3.93109e-4 0.01960235 -3.40592e-4 4.42331e-4 0.01956999 -2.95859e-4 4.70747e-4 0.01956999 -2.79392e-4 4.80703e-4 0.02036678 -6.06093e-4 8.27616e-5 0.02129995 -6.62513e-4 1.39169e-4 0.02129995 -6.76972e-4 0 0.01956999 -5.55999e-4 0 0.01956999 -5.55091e-4 3.17699e-5 0.02129995 -6.62483e-4 -1.39311e-4 0.02036678 -6.06076e-4 -8.2891e-5 0.01956999 -5.55084e-4 -3.18884e-5 0.02036678 -8.27608e-5 -6.06094e-4 0.02129995 -1.39169e-4 -6.62514e-4 0.02129995 0 -6.76973e-4 0.02036678 8.28919e-5 -6.06076e-4 0.01956999 3.18893e-5 -5.55085e-4 0.01956999 0 -5.56e-4 0.02129995 1.39312e-4 -6.62484e-4 0.01956999 -3.17691e-5 -5.55092e-4 0.02036678 8.27625e-5 6.06094e-4 0.02129995 1.3917e-4 6.62514e-4 0.02129995 0 6.76973e-4 0.02036678 -8.28901e-5 6.06076e-4 0.01956999 -3.18876e-5 5.55085e-4 0.01956999 0 5.56e-4 0.02129995 -1.3931e-4 6.62484e-4 0.01956999 3.17708e-5 5.55092e-4 0.02036678 6.06095e-4 -8.27616e-5 0.02129995 6.62515e-4 -1.39169e-4 0.02129995 6.76974e-4 0 0.01956999 5.56001e-4 0 0.01956999 5.55092e-4 -3.17699e-5 0.02129995 6.62485e-4 1.39311e-4 0.02036678 6.06077e-4 8.2891e-5 0.01956999 5.55086e-4 3.18884e-5 0.01956999 -6.41653e-4 -1.18476e-4 0.01956999 -5.24779e-4 -1.83691e-4 0.01129996 2.32259e-4 0.001228213 0.01129996 5.83968e-4 0.001105189 0.01129996 0 0 0.01129996 8.8379e-4 8.83978e-4 0.01129996 0.00110507 5.84204e-4 0.01129996 -8.1546e-4 9.47378e-4 0.01129996 -4.99987e-4 0.001145601 0.01129996 -1.40088e-4 0.001242101 0.01129996 -0.001249074 -4.68723e-5 0.01129996 -0.001207411 3.23395e-4 0.01129996 -0.001058459 6.64927e-4 0.01129996 -7.42167e-4 -0.001005768 0.01129996 -0.001005649 -7.42383e-4 0.01129996 -0.001179754 -4.12975e-4 0.01129996 3.23653e-4 -0.001207351 0.01129996 -4.66052e-5 -0.001249074 0.01129996 -4.12722e-4 -0.001179873 0.01129996 0.00114572 -4.99743e-4 0.01129996 9.47552e-4 -8.15258e-4 0.01129996 6.65153e-4 -0.00105828 0.01129996 0.001228153 2.32521e-4 0.01129996 0.001242101 -1.39823e-4 0.02129995 -0.002349078 -6.38873e-5 0.02129995 -0.002280473 -5.67387e-4 0.02129995 -0.001251459 -7.28453e-4 0.02129995 -7.28453e-4 0.001251459 0.02129995 0.002205729 8.10624e-4 0.02129995 0.001979887 0.001265823 0.02129995 0.001251459 7.28453e-4 0.02129995 0.001661479 0.001661837 0.02129995 7.28187e-4 0.001251637 0.02129995 -0.002307891 4.426e-4 0.02129995 -0.00215882 9.28392e-4 0.02129995 -0.001251637 7.28186e-4 0.02129995 -0.001908779 0.001370728 0.02129995 -0.001569449 0.001749038 0.02129995 -0.001156747 0.002045512 0.02129995 0.002328395 3.17498e-4 0.02129995 0.002342224 -1.90473e-4 0.02129995 0.001251637 -7.28186e-4 0.02129995 0.001749336 -0.001569092 0.02129995 0.00204575 -0.00115633 0.02129995 0.002246558 -6.89538e-4 0.02129995 0.001265406 0.001980185 0.02129995 8.10154e-4 0.002205908 0.02129995 3.17003e-4 0.002328515 0.02129995 -1.90972e-4 0.002342224 0.02129995 -6.90017e-4 0.002246379 0.02129995 0.001371145 -0.001908481 0.02129995 7.28454e-4 -0.001251459 0.02129995 9.28854e-4 -0.002158641 0.02129995 4.43094e-4 -0.002307832 0.02129995 -6.33849e-5 -0.002349138 0.02129995 -0.002105176 -0.001044332 0.02129995 -0.001831412 -0.001472473 0.02129995 -7.28185e-4 -0.001251637 0.02129995 -0.001472055 -0.001831769 0.02129995 -5.669e-4 -0.002280592 0.02129995 -0.001043856 -0.002105355 0.01956999 1.1834e-4 6.41679e-4 0.01956999 2.79291e-4 4.80763e-4 0.01960235 3.40499e-4 4.42403e-4 0.01956999 4.80704e-4 2.79393e-4 0.01956999 6.41655e-4 1.18476e-4 0.01960235 4.42332e-4 3.40592e-4 0.01961326 3.95249e-4 3.95333e-4 0.01956999 -1.18339e-4 -6.41679e-4 0.01956999 -6.41679e-4 1.18339e-4 0.01956999 -1.18475e-4 6.41654e-4 0.01956999 6.4168e-4 -1.18339e-4 0.01956999 1.18477e-4 -6.41654e-4 0.01956999 -5.5251e-4 6.21933e-5 0.01956999 -6.23104e-5 5.52497e-4 0.01956999 1.8358e-4 5.24819e-4 0.01956999 5.2478e-4 1.83691e-4 0.01956999 5.52511e-4 -6.21933e-5 0.01956999 6.23121e-5 -5.52497e-4 0.01956999 -1.83578e-4 -5.24819e-4 0.02089995 0.001661479 0.001661837 0.02089995 0.001979887 0.001265823 0.02089995 0.002205729 8.10624e-4 0.02089995 0.002328395 3.17498e-4 0.02089995 0.002342224 -1.90473e-4 0.02089995 0.002246558 -6.89538e-4 0.02089995 0.00204575 -0.00115633 0.02089995 0.001749336 -0.001569092 0.02089995 0.001371145 -0.001908481 0.02089995 9.28854e-4 -0.002158641 0.02089995 4.43094e-4 -0.002307832 0.02089995 -6.33849e-5 -0.002349138 0.02089995 -5.669e-4 -0.002280592 0.02089995 -0.001043856 -0.002105355 0.02089995 -0.001472055 -0.001831769 0.02089995 -0.001831412 -0.001472473 0.02089995 -0.002105176 -0.001044332 0.02089995 -0.002280473 -5.67387e-4 0.02089995 -0.002349078 -6.38873e-5 0.02089995 -0.002307891 4.426e-4 0.02089995 -0.00215882 9.28392e-4 0.02089995 -0.001908779 0.001370728 0.02089995 -0.001569449 0.001749038 0.02089995 -0.001156747 0.002045512 0.02089995 -6.90017e-4 0.002246379 0.02089995 -1.90972e-4 0.002342224 0.02089995 3.17003e-4 0.002328515 0.02089995 8.10154e-4 0.002205908 0.02089995 0.001265406 0.001980185 0.01997572 3.43937e-4 0.001383602 0.01997572 1.92325e-4 0.001412689 0.01997572 -4.91516e-4 -0.001338303 0.01997572 -3.43936e-4 -0.001383602 0.01997572 0.00141263 1.92625e-4 0.01997572 0.001277208 6.33607e-4 0.01997572 0.001338183 4.91803e-4 0.01997572 0.001383543 3.44232e-4 0.01997572 0.001362979 -4.1834e-4 0.01997572 0.001400172 -2.68524e-4 0.01997572 0.001421034 -1.15559e-4 0.01997572 0.001425206 3.87602e-5 0.01997572 0.00106132 -9.51976e-4 0.01997572 0.001157999 -8.31643e-4 0.01997572 0.001241147 -7.0156e-4 0.01997572 0.001309752 -5.63252e-4 0.01997572 4.18632e-4 -0.00136286 0.01997572 5.63532e-4 -0.001309633 0.01997572 7.01826e-4 -0.001241028 0.01997572 8.31891e-4 -0.00115782 0.01997572 9.52203e-4 -0.001061141 0.01997572 2.68824e-4 -0.001400113 0.01997572 1.15863e-4 -0.001420974 0.01997572 -3.84551e-5 -0.001425206 0.01997572 -1.92323e-4 -0.001412689 0.01997572 -6.33334e-4 -0.001277327 0.01997572 -7.67727e-4 -0.001201331 0.01997572 -8.93118e-4 -0.001111328 0.01997572 -0.001008033 -0.001008212 0.01997572 -0.00111109 -8.93356e-4 0.01997572 -0.001383543 -3.44232e-4 0.01997572 -0.001338183 -4.91803e-4 0.01997572 -0.001277208 -6.33607e-4 0.01997572 -0.001201212 -7.67984e-4 0.01997572 -0.001400172 2.68524e-4 0.01997572 -0.001421034 1.15559e-4 0.01997572 -0.001425206 -3.87602e-5 0.01997572 -0.00141263 -1.92625e-4 0.01997572 -0.001241147 7.0156e-4 0.01997572 -0.001309752 5.63252e-4 0.01997572 -0.001362979 4.1834e-4 0.01997572 -8.31889e-4 0.00115782 0.01997572 -9.52201e-4 0.001061141 0.01997572 -0.00106132 9.51976e-4 0.01997572 -0.001157999 8.31643e-4 0.01997572 -7.01824e-4 0.001241028 0.01997572 -5.63531e-4 0.001309633 0.01997572 -4.1863e-4 0.00136286 0.01997572 3.84569e-5 0.001425206 0.01997572 -1.15862e-4 0.001420974 0.01997572 -2.68822e-4 0.001400113 0.01997572 4.91518e-4 0.001338303 0.01997572 6.33336e-4 0.001277327 0.01997572 7.67728e-4 0.001201331 0.01997572 0.001201212 7.67984e-4 0.01997572 0.00111109 8.93356e-4 0.01997572 0.001008033 0.001008212 0.01997572 8.9312e-4 0.001111328 0.01955145 6.73098e-4 0.001053273 0.01955145 7.83034e-4 9.7435e-4 0.01955145 8.8379e-4 8.83978e-4 0.01955145 4.30934e-4 0.001173317 0.01955145 3.01544e-4 0.001213073 0.01955145 5.55271e-4 0.001119852 0.01955145 5.83969e-4 0.001105189 0.01955145 -1.0158e-4 0.001245856 0.01955145 3.37168e-5 0.001249492 0.01955145 1.68619e-4 0.001238524 0.01955145 2.32259e-4 0.001228213 0.01955145 -4.99986e-4 0.001145601 0.01955145 -4.9407e-4 0.001148164 0.01955145 -3.6703e-4 0.001194894 0.01955145 -2.35687e-4 0.001227557 0.01955145 -1.40087e-4 0.001242101 0.01955145 -6.15317e-4 0.001088023 0.01955145 -7.29351e-4 0.001015126 0.01955145 -9.30528e-4 8.34635e-4 0.01955145 -0.001015305 7.29135e-4 0.01955145 -8.34833e-4 9.30351e-4 0.01955145 -8.15459e-4 9.47378e-4 0.01955145 -0.001194953 3.66776e-4 0.01955145 -0.001148283 4.93826e-4 0.01955145 -0.001088142 6.15086e-4 0.01955145 -0.001058459 6.64927e-4 0.01955145 -0.001249074 -4.68723e-5 0.01955145 -0.001249492 -3.39826e-5 0.01955145 -0.001245856 1.01315e-4 0.01955145 -0.001227617 2.35426e-4 0.01955145 -0.001207411 3.23395e-4 0.01955145 -0.001238524 -1.68882e-4 0.01955145 -0.001213014 -3.01802e-4 0.01955145 -0.001119732 -5.55509e-4 0.01955145 -0.001053154 -6.73322e-4 0.01955145 -0.001173257 -4.31183e-4 0.01955145 -0.001179754 -4.12975e-4 0.01955145 -7.83033e-4 -9.7435e-4 0.01955145 -8.83788e-4 -8.83978e-4 0.01955145 -9.74182e-4 -7.83241e-4 0.01955145 -0.001005649 -7.42383e-4 0.01955145 -4.12722e-4 -0.001179873 0.01955145 -4.30932e-4 -0.001173317 0.01955145 -5.55269e-4 -0.001119852 0.01955145 -6.73097e-4 -0.001053273 0.01955145 -7.42167e-4 -0.001005768 0.01955145 -3.01542e-4 -0.001213073 0.01955145 -1.68617e-4 -0.001238524 0.01955145 1.01582e-4 -0.001245856 0.01955145 2.35689e-4 -0.001227557 0.01955145 -3.37151e-5 -0.001249492 0.01955145 -4.66049e-5 -0.001249074 0.01955145 4.94072e-4 -0.001148164 0.01955145 6.15319e-4 -0.001088023 0.01955145 3.67032e-4 -0.001194894 0.01955145 3.23653e-4 -0.001207351 0.01955145 9.47552e-4 -8.15258e-4 0.01955145 9.3053e-4 -8.34635e-4 0.01955145 8.34835e-4 -9.30351e-4 0.01955145 7.29352e-4 -0.001015126 0.01955145 6.65154e-4 -0.00105828 0.01955145 0.001015305 -7.29135e-4 0.01955145 0.001088142 -6.15086e-4 0.01955145 0.001194953 -3.66776e-4 0.01955145 0.001227617 -2.35426e-4 0.01955145 0.001148283 -4.93826e-4 0.01955145 0.00114572 -4.99743e-4 0.01955145 0.001249492 3.39826e-5 0.01955145 0.001238524 1.68882e-4 0.01955145 0.001245856 -1.01315e-4 0.01955145 0.001242101 -1.39823e-4 0.01955145 0.001119732 5.55509e-4 0.01955145 0.001173257 4.31183e-4 0.01955145 0.001213014 3.01802e-4 0.01955145 0.001228153 2.32521e-4 0.01955145 9.74184e-4 7.83241e-4 0.01955145 0.001053154 6.73322e-4 0.01955145 0.00110507 5.84204e-4 0.01970672 -1.03242e-4 0.001266241 0.01970672 3.42682e-5 0.001269936 0.01970672 -0.001214504 3.72774e-4 0.01970672 -0.001167058 5.01902e-4 0.01970672 -7.9584e-4 -9.90286e-4 0.01970672 -8.98243e-4 -8.98436e-4 0.01970672 6.25383e-4 -0.001105844 0.01970672 5.02152e-4 -0.001166939 0.01970672 0.00125879 1.71644e-4 0.01970672 0.001269936 3.45384e-5 0.01985144 5.25844e-4 -0.001222014 0.01985144 6.54889e-4 -0.001157999 0.01985144 7.76255e-4 -0.001080393 0.01985144 8.88521e-4 -9.90179e-4 0.01985144 9.9037e-4 -8.88309e-4 0.01985144 0.001080572 -7.76024e-4 0.01985144 0.001158118 -6.54641e-4 0.01985144 0.001222133 -5.25582e-4 0.01985144 0.001271784 -3.90362e-4 0.01985144 0.001306533 -2.50565e-4 0.01985144 0.001325964 -1.07831e-4 0.01985144 -9.40623e-4 -9.40824e-4 0.01985144 -8.33388e-4 -0.001037001 0.01985144 -7.16382e-4 -0.001120984 0.01985144 -5.90977e-4 -0.001191914 0.01985144 -4.58644e-4 -0.001248776 0.01985144 -3.20934e-4 -0.001291036 0.01985144 -1.7946e-4 -0.001318216 0.01985144 -3.58832e-5 -0.001329898 0.01985144 1.08115e-4 -0.001325964 0.01985144 2.50845e-4 -0.001306474 0.01985144 3.90635e-4 -0.001271724 0.01985144 -0.001222133 5.25582e-4 0.01985144 -0.001271784 3.90362e-4 0.01985144 -0.001306533 2.50565e-4 0.01985144 -0.001325964 1.07831e-4 0.01985144 -0.001329839 -3.61679e-5 0.01985144 -0.001318156 -1.79743e-4 0.01985144 -0.001290977 -3.2121e-4 0.01985144 -0.001248717 -4.58912e-4 0.01985144 -0.001191735 -5.91233e-4 0.01985144 -0.001120865 -7.16622e-4 0.01985144 -0.001036822 -8.3361e-4 0.01985144 3.58849e-5 0.001329898 0.01985144 -1.08113e-4 0.001325964 0.01985144 -2.50843e-4 0.001306474 0.01985144 -3.90633e-4 0.001271724 0.01985144 -5.25842e-4 0.001222014 0.01985144 -6.54887e-4 0.001157999 0.01985144 -7.76254e-4 0.001080393 0.01985144 -8.88519e-4 9.90179e-4 0.01985144 -9.90368e-4 8.88309e-4 0.01985144 -0.001080572 7.76024e-4 0.01985144 -0.001158118 6.54641e-4 0.01985144 0.001329839 3.61679e-5 0.01985144 0.001318156 1.79743e-4 0.01985144 0.001290977 3.2121e-4 0.01985144 0.001248717 4.58912e-4 0.01985144 0.001191735 5.91233e-4 0.01985144 0.001120865 7.16622e-4 0.01985144 0.001036822 8.3361e-4 0.01985144 9.40625e-4 9.40824e-4 0.01985144 8.33389e-4 0.001037001 0.01985144 7.16384e-4 0.001120984 0.01985144 5.90979e-4 0.001191914 0.01985144 4.58646e-4 0.001248776 0.01985144 3.20935e-4 0.001291036 0.01985144 1.79462e-4 0.001318216 0.01970672 7.41281e-4 -0.001031756 0.01970672 8.48489e-4 -9.45567e-4 0.01970672 9.45749e-4 -8.48286e-4 0.01970672 0.001031875 -7.4106e-4 0.01970672 0.001105964 -6.25146e-4 0.01970672 0.001167058 -5.01902e-4 0.01970672 0.001214504 -3.72774e-4 0.01970672 0.001247704 -2.39276e-4 0.01970672 0.001266241 -1.02973e-4 0.01970672 -6.84105e-4 -0.001070499 0.01970672 -5.64351e-4 -0.00113821 0.01970672 -4.3798e-4 -0.00119251 0.01970672 -3.06474e-4 -0.001232922 0.01970672 -1.71375e-4 -0.00125879 0.01970672 -3.42665e-5 -0.001269936 0.01970672 1.03244e-4 -0.001266241 0.01970672 2.39543e-4 -0.001247644 0.01970672 3.73035e-4 -0.001214444 0.01970672 -0.001247704 2.39276e-4 0.01970672 -0.001266241 1.02973e-4 0.01970672 -0.001269936 -3.45384e-5 0.01970672 -0.00125879 -1.71644e-4 0.01970672 -0.001232802 -3.06738e-4 0.01970672 -0.00119245 -4.38235e-4 0.01970672 -0.001138091 -5.64595e-4 0.01970672 -0.00107038 -6.84335e-4 0.01970672 -9.90116e-4 -7.96052e-4 0.01970672 -2.39542e-4 0.001247644 0.01970672 -3.73033e-4 0.001214444 0.01970672 -5.02151e-4 0.001166939 0.01970672 -6.25381e-4 0.001105844 0.01970672 -7.4128e-4 0.001031756 0.01970672 -8.48487e-4 9.45567e-4 0.01970672 -9.45747e-4 8.48286e-4 0.01970672 -0.001031875 7.4106e-4 0.01970672 -0.001105964 6.25146e-4 0.01970672 0.001232802 3.06738e-4 0.01970672 0.00119245 4.38235e-4 0.01970672 0.001138091 5.64595e-4 0.01970672 0.00107038 6.84335e-4 0.01970672 9.90117e-4 7.96052e-4 0.01970672 8.98245e-4 8.98436e-4 0.01970672 7.95841e-4 9.90286e-4 0.01970672 6.84107e-4 0.001070499 0.01970672 5.64353e-4 0.00113821 0.01970672 4.37982e-4 0.00119251 0.01970672 3.06476e-4 0.001232922 0.01970672 1.71377e-4 0.00125879 0.01956999 3.9311e-4 3.93193e-4 0.01938933 0 0 0.01629996 7.73617e-4 -0.008206963 0.01629996 7.73573e-4 -0.00779283 0.01629996 8.54968e-7 -0.007999956 0.01629996 5.6648e-4 -0.007434248 0.01629996 2.07827e-4 -0.007227182 0.01629996 -2.06118e-4 -0.00877273 0.01629996 2.07993e-4 -0.008772671 0.01629996 5.666e-4 -0.008565604 0.01629996 -7.71909e-4 -0.007793009 0.01629996 -7.71864e-4 -0.008207082 0.01629996 -5.6477e-4 -0.008565723 0.01629996 -2.06284e-4 -0.007227241 0.01629996 -5.64891e-4 -0.007434368 0.01629996 0.00877273 -2.0612e-4 0.01629996 0.008772671 2.07991e-4 0.01629996 0.007999956 8.53091e-7 0.01629996 0.008565604 5.66598e-4 0.01629996 0.008206963 7.73616e-4 0.01629996 0.007793009 -7.71909e-4 0.01629996 0.008207082 -7.71865e-4 0.01629996 0.008565723 -5.64771e-4 0.01629996 0.007227182 2.07827e-4 0.01629996 0.007227241 -2.06284e-4 0.01629996 0.007434368 -5.64893e-4 0.01629996 0.00779283 7.73573e-4 0.01629996 0.007434248 5.66478e-4 0.01629996 7.71909e-4 0.007793009 0.01629996 7.71865e-4 0.008207082 0.01629996 -8.53077e-7 0.007999956 0.01629996 5.64772e-4 0.008565723 0.01629996 2.0612e-4 0.00877273 0.01629996 -2.07826e-4 0.007227182 0.01629996 2.06285e-4 0.007227241 0.01629996 5.64893e-4 0.007434368 0.01629996 -7.73615e-4 0.008206963 0.01629996 -7.73571e-4 0.00779283 0.01629996 -5.66478e-4 0.007434248 0.01629996 -2.07991e-4 0.008772671 0.01629996 -5.66599e-4 0.008565604 0.01629996 -0.007227182 -2.07826e-4 0.01629996 -0.007227241 2.06284e-4 0.01629996 -0.007999956 -8.5379e-7 0.01629996 -0.007434368 5.64892e-4 0.01629996 -0.007793009 7.71909e-4 0.01629996 -0.008206963 -7.73616e-4 0.01629996 -0.00779283 -7.73572e-4 0.01629996 -0.007434248 -5.66479e-4 0.01629996 -0.00877273 2.06119e-4 0.01629996 -0.008772671 -2.07991e-4 0.01629996 -0.008565604 -5.66599e-4 0.01629996 -0.008207082 7.71864e-4 0.01629996 -0.008565723 5.64771e-4 0.01914995 -0.006223201 0.00622183 0.01914995 -0.006715893 0.006321132 0.01914995 -0.006430208 0.005863189 0.01914995 -0.006899595 0.005796015 0.01914995 -0.006430149 0.005449056 0.01914995 -0.006837248 0.005243241 0.01914995 -0.006223022 0.005090475 0.01914995 -0.006541192 0.004772245 0.01914995 -0.005864381 0.004883468 0.01914995 -0.006070137 0.004476308 0.01914995 -0.005450308 0.004883527 0.01914995 -0.005517363 0.004414081 0.01914995 -0.005091667 0.005090594 0.01914995 -0.004992246 0.004597902 0.01914995 -0.004598975 0.004991292 0.01914995 -0.00488466 0.005449235 0.01914995 -0.004415273 0.005516409 0.01914995 -0.004884719 0.005863368 0.01914995 -0.00447762 0.006069183 0.01914995 -0.005091786 0.00622195 0.01914995 -0.004773616 0.006540179 0.01914995 -0.005450427 0.006428956 0.01914995 -0.005244731 0.006836116 0.01914995 -0.00586456 0.006428956 0.01914995 -0.005797505 0.006898343 0.01914995 -0.006322562 0.006714582 0.01914995 0.00622195 0.005091786 0.01914995 0.006714701 0.004992485 0.01914995 0.006428956 0.005450427 0.01914995 0.006898403 0.005517601 0.01914995 0.006428956 0.00586456 0.01914995 0.006836056 0.006070375 0.01914995 0.00622183 0.006223201 0.01914995 0.00654 0.00654143 0.01914995 0.005863189 0.006430208 0.01914995 0.006068944 0.006837308 0.01914995 0.005449056 0.006430149 0.01914995 0.005516111 0.006899535 0.01914995 0.005090475 0.006223082 0.01914995 0.004991054 0.006715774 0.01914995 0.004597723 0.006322383 0.01914995 0.004883468 0.005864381 0.01914995 0.004414081 0.005797266 0.01914995 0.004883527 0.005450308 0.01914995 0.004476428 0.005244433 0.01914995 0.005090594 0.005091667 0.01914995 0.004772424 0.004773437 0.01914995 0.005449235 0.00488466 0.01914995 0.00524348 0.0044775 0.01914995 0.005863368 0.004884719 0.01914995 0.005796313 0.004415273 0.01914995 0.00632137 0.004599094 0.01914995 0.006223201 -0.00622183 0.01914995 0.006715893 -0.006321132 0.01914995 0.006430208 -0.005863189 0.01914995 0.006899595 -0.005796074 0.01914995 0.006430149 -0.005449056 0.01914995 0.006837248 -0.005243241 0.01914995 0.006223082 -0.005090475 0.01914995 0.006541192 -0.004772245 0.01914995 0.005864381 -0.004883468 0.01914995 0.006070137 -0.004476308 0.01914995 0.005450308 -0.004883527 0.01914995 0.005517363 -0.004414081 0.01914995 0.005091667 -0.005090594 0.01914995 0.004992246 -0.004597902 0.01914995 0.004598975 -0.004991292 0.01914995 0.00488466 -0.005449235 0.01914995 0.004415273 -0.005516409 0.01914995 0.004884719 -0.005863368 0.01914995 0.00447762 -0.006069183 0.01914995 0.005091786 -0.00622195 0.01914995 0.004773616 -0.006540179 0.01914995 0.005450427 -0.006428956 0.01914995 0.005244731 -0.006836116 0.01914995 0.00586456 -0.006428956 0.01914995 0.005797505 -0.006898343 0.01914995 0.006322562 -0.006714582 0.01914995 -0.005090475 -0.006223082 0.01914995 -0.004597723 -0.006322383 0.01914995 -0.004883468 -0.005864381 0.01914995 -0.004414081 -0.005797266 0.01914995 -0.004883527 -0.005450308 0.01914995 -0.004476428 -0.005244433 0.01914995 -0.005090594 -0.005091667 0.01914995 -0.004772424 -0.004773437 0.01914995 -0.005449235 -0.00488466 0.01914995 -0.00524348 -0.0044775 0.01914995 -0.005863368 -0.004884719 0.01914995 -0.005796313 -0.004415273 0.01914995 -0.00622195 -0.005091786 0.01914995 -0.00632137 -0.004599094 0.01914995 -0.006714701 -0.004992485 0.01914995 -0.006428956 -0.005450427 0.01914995 -0.006898403 -0.005517601 0.01914995 -0.006428956 -0.00586456 0.01914995 -0.006836056 -0.006070375 0.01914995 -0.00622183 -0.006223201 0.01914995 -0.00654 -0.00654143 0.01914995 -0.005863189 -0.006430208 0.01914995 -0.006068944 -0.006837308 0.01914995 -0.005449056 -0.006430149 0.01914995 -0.005516111 -0.006899535 0.01914995 -0.004991054 -0.006715774 0.02129995 0.00104779 0.003912091 0.02129995 9.85239e-4 0.00256741 0.02129995 0.00202459 0.003507614 0.02129995 0.001497507 0.002306461 0.02129995 0.002863466 0.002864062 0.02129995 0.001944303 0.00194472 0.02129995 0.003507137 0.002025365 0.02129995 0.002306163 0.001497983 0.02129995 0.003911852 0.001048624 0.02129995 0.002567231 9.85786e-4 0.02129995 0.002716064 4.30485e-4 0.02129995 0.004049956 4.32134e-7 0.02129995 0.002746224 -1.43631e-4 0.02129995 0.003912091 -0.00104779 0.02129995 0.00265634 -7.11469e-4 0.02129995 0.003507614 -0.00202459 0.02129995 0.002450346 -0.00124818 0.02129995 0.002864062 -0.002863466 0.02129995 -0.002864062 0.002863466 0.02129995 -0.001730799 0.002136945 0.02129995 -0.002025365 0.003507137 0.02129995 -0.001248717 0.002450108 0.02129995 -0.001048624 0.003911852 0.02129995 -7.12035e-4 0.002656161 0.02129995 -4.31203e-7 0.004049956 0.02129995 -1.44216e-4 0.002746164 0.02129995 4.29906e-4 0.002716183 0.02129995 0.002137303 -0.001730382 0.02129995 0.001730859 -0.002136945 0.02129995 0.002025365 -0.003507137 0.02129995 0.001248717 -0.002450108 0.02129995 0.001048624 -0.003911852 0.02129995 7.12037e-4 -0.002656161 0.02129995 4.33065e-7 -0.004049956 0.02129995 1.44218e-4 -0.002746164 0.02129995 -0.00104779 -0.003912091 0.02129995 -0.003911852 -0.001048624 0.02129995 -0.002716064 -4.30485e-4 0.02129995 -0.004049956 -4.32017e-7 0.02129995 -0.002746224 1.43631e-4 0.02129995 -0.003912091 0.00104779 0.02129995 -0.00265634 7.11469e-4 0.02129995 -0.003507614 0.00202459 0.02129995 -0.002450346 0.00124818 0.02129995 -0.002137303 0.001730382 0.02129995 -4.29904e-4 -0.002716183 0.02129995 -9.85237e-4 -0.00256741 0.02129995 -0.00202459 -0.003507614 0.02129995 -0.001497507 -0.002306461 0.02129995 -0.002863466 -0.002864062 0.02129995 -0.001944303 -0.00194472 0.02129995 -0.003507137 -0.002025365 0.02129995 -0.002306163 -0.001497983 0.02129995 -0.002567231 -9.85786e-4 0.01479995 -0.006965756 0.007317781 0.01479995 -0.007319271 0.006964206 0.01929998 -0.006965756 0.007317781 0.01929998 -0.007319271 0.006964206 0.01929998 -0.007105052 0.007457017 0.01479995 -0.007105052 0.007457017 0.01479995 -0.007458567 0.007103443 0.01929998 -0.007458567 0.007103443 0.01929998 -0.007793009 7.71909e-4 0.01929998 -0.007434368 5.64892e-4 0.01929998 -0.006543457 0.002794742 0.01929998 2.0612e-4 0.00877273 0.01929998 5.64772e-4 0.008565723 0.01929998 -9.95671e-7 0.009338617 0.01929998 0.003911852 0.001048624 0.01929998 0.004049956 4.32134e-7 0.01929998 0.005022704 0.001275718 0.01929998 -0.008772671 -0.00539714 0.01929998 -0.008785247 -0.005039036 0.01929998 -0.009536445 -0.003891766 0.01929998 0.007283926 -0.007282376 0.01929998 0.008375585 -0.005994856 0.01929998 0.00878632 -0.005037188 0.01929998 0.009242296 -0.004546344 0.01929998 -0.005791604 0.008517384 0.01929998 -0.008518636 0.005789816 0.01929998 -0.005797505 0.006898343 0.01929998 -0.005244731 0.006836116 0.01929998 -0.004322648 0.009348988 0.01929998 -0.004773616 0.006540179 0.01929998 -0.002796173 0.006542861 0.01929998 -0.00447762 0.006069183 0.01929998 -0.004415273 0.005516409 0.01929998 -0.004598975 0.004991292 0.01929998 -0.004992246 0.004597902 0.01929998 -0.005517363 0.004414081 0.01929998 -0.006070137 0.004476308 0.01929998 -0.006322562 0.006714582 0.01929998 -0.006541192 0.004772245 0.01929998 -0.006837248 0.005243241 0.01929998 -0.006899595 0.005796015 0.01929998 -0.006715893 0.006321132 0.01929998 -0.00152111 0.007818162 0.01929998 -0.002737581 0.009929478 0.01929998 -0.001079022 0.01024329 0.01929998 0.002794742 0.006543457 0.01929998 0.003889739 0.00953722 0.01929998 0.001519441 0.00781852 0.01929998 0.002279758 0.01004451 0.01929998 6.08544e-4 0.01028198 0.01929998 0.00632137 0.004599094 0.01929998 0.005796313 0.004415273 0.01929998 0.006542861 0.002796173 0.01929998 0.006755888 0.00777477 0.01929998 0.00654 0.00654143 0.01929998 0.007935047 0.006566882 0.01929998 0.006836056 0.006070375 0.01929998 0.008901119 0.005182623 0.01929998 0.006898403 0.005517601 0.01929998 0.009628057 0.003659188 0.01929998 0.006714701 0.004992485 0.01929998 0.00524348 0.0044775 0.01929998 0.004772424 0.004773437 0.01929998 0.004476428 0.005244433 0.01929998 0.004414081 0.005797266 0.01929998 0.004597723 0.006322383 0.01929998 0.004991054 0.006715774 0.01929998 0.005395293 0.008773863 0.01929998 0.005516111 0.006899535 0.01929998 0.006068944 0.006837308 0.01929998 0.01009643 0.002037405 0.01929998 0.009338617 9.96515e-7 0.01929998 0.01029366 3.60997e-4 0.01929998 0.01021438 -0.00132513 0.01929998 0.00781852 -0.001519441 0.01929998 0.009860754 -0.002975702 0.01929998 0.006543457 -0.002794742 0.01929998 -0.00203526 -0.0100969 0.01929998 -3.58799e-4 -0.01029372 0.01929998 9.97359e-7 -0.009338617 0.01929998 0.001327335 -0.01021409 0.01929998 0.002796173 -0.006542861 0.01929998 0.002977788 -0.009860098 0.01929998 0.005039036 -0.008785247 0.01929998 0.004548311 -0.009241342 0.01929998 0.005996644 -0.008374333 0.01929998 -0.002794742 -0.006543457 0.01929998 -0.003657102 -0.009628832 0.01929998 -0.005037188 -0.00878632 0.01929998 -0.007773339 -0.006757557 0.01929998 -0.006565213 -0.007936477 0.01929998 -0.005180716 -0.008902192 0.01929998 -0.006542861 -0.002796173 0.01929998 -0.007818162 -0.00152111 0.01929998 -0.01004403 -0.002281904 0.01929998 -0.009338617 -9.96515e-7 0.01929998 -0.01028186 -6.10737e-4 0.01929998 -0.009349942 0.004320681 0.01929998 -0.009930074 0.002735495 0.01929998 -0.01024353 0.001076817 0.01929998 -0.003507137 -0.002025365 0.01929998 -0.002863466 -0.002864062 0.01929998 -0.00202459 -0.003507614 0.01929998 -0.00104779 -0.003912091 0.01929998 -2.06118e-4 -0.00877273 0.01929998 -5.6477e-4 -0.008565723 0.01929998 2.07827e-4 -0.007227182 0.01929998 5.6648e-4 -0.007434248 0.01929998 7.73573e-4 -0.00779283 0.01929998 -7.71864e-4 -0.008207082 0.01929998 -7.71909e-4 -0.007793009 0.01929998 -5.64891e-4 -0.007434368 0.01929998 -2.06284e-4 -0.007227241 0.01929998 4.32977e-7 -0.004049956 0.01929998 0.001048624 -0.003911852 0.01929998 0.002025365 -0.003507137 0.01929998 7.73618e-4 -0.008206963 0.01929998 5.666e-4 -0.008565604 0.01929998 2.07993e-4 -0.008772671 0.01929998 0.003507614 -0.00202459 0.01929998 0.002864062 -0.002863466 0.01929998 -6.71338e-7 0.006298065 0.01929998 -4.3129e-7 0.004049956 0.01929998 0.001274645 0.005023002 0.01929998 0.00104779 0.003912091 0.01929998 0.00202459 0.003507614 0.01929998 0.002863466 0.002864062 0.01929998 0.003507137 0.002025365 0.01929998 -0.002864062 0.002863466 0.01929998 -0.002025365 0.003507137 0.01929998 -0.001275718 0.005022704 0.01929998 -0.001048624 0.003911852 0.01929998 -0.004049956 -4.32017e-7 0.01929998 -0.003912091 0.00104779 0.01929998 -0.005023002 0.001274645 0.01929998 -0.003507614 0.00202459 0.01929998 7.71866e-4 0.008207082 0.01929998 7.7191e-4 0.007793009 0.01929998 5.64893e-4 0.007434368 0.01929998 2.06285e-4 0.007227241 0.01929998 -2.07825e-4 0.007227182 0.01929998 -5.66478e-4 0.007434248 0.01929998 -7.73571e-4 0.00779283 0.01929998 -7.73615e-4 0.008206963 0.01929998 -5.66599e-4 0.008565604 0.01929998 -2.07991e-4 0.008772671 0.01929998 -0.007227241 2.06284e-4 0.01929998 -0.007227182 -2.07826e-4 0.01929998 -0.007434248 -5.66479e-4 0.01929998 -0.00779283 -7.73572e-4 0.01929998 -0.003911852 -0.001048624 0.01929998 -0.008206963 -7.73616e-4 0.01929998 -0.008565604 -5.66599e-4 0.01929998 -0.008772671 -2.07991e-4 0.01929998 -0.00877273 2.06119e-4 0.01929998 -0.008565723 5.64771e-4 0.01929998 -0.008207082 7.71864e-4 0.01929998 -0.006898403 -0.005517601 0.01929998 -0.006714701 -0.004992485 0.01929998 -0.004476428 -0.005244433 0.01929998 -0.004772424 -0.004773437 0.01929998 -0.00524348 -0.0044775 0.01929998 -0.005796313 -0.004415273 0.01929998 -0.00632137 -0.004599094 0.01929998 -0.004414081 -0.005797266 0.01929998 -0.004597723 -0.006322383 0.01929998 -0.004991054 -0.006715774 0.01929998 -0.005516111 -0.006899535 0.01929998 -0.006068944 -0.006837308 0.01929998 -0.00654 -0.00654143 0.01929998 -0.006836056 -0.006070375 0.01929998 0.007793009 -7.71909e-4 0.01929998 0.007434368 -5.64893e-4 0.01929998 0.00779283 7.73573e-4 0.01929998 0.008206963 7.73616e-4 0.01929998 0.008565604 5.66598e-4 0.01929998 0.008772671 2.07991e-4 0.01929998 0.003912091 -0.00104779 0.01929998 0.007227241 -2.06284e-4 0.01929998 0.007227182 2.07827e-4 0.01929998 0.007434248 5.66478e-4 0.01929998 0.00877273 -2.0612e-4 0.01929998 0.008565723 -5.64771e-4 0.01929998 0.008207082 -7.71865e-4 0.01929998 0.006899595 -0.005796074 0.01929998 0.006715893 -0.006321132 0.01929998 0.005517363 -0.004414081 0.01929998 0.006070137 -0.004476308 0.01929998 0.006541192 -0.004772245 0.01929998 0.006837248 -0.005243241 0.01929998 0.006322562 -0.006714582 0.01929998 0.00447762 -0.006069183 0.01929998 0.004415273 -0.005516409 0.01929998 0.004598975 -0.004991292 0.01929998 0.004992246 -0.004597902 0.01929998 0.005797505 -0.006898343 0.01929998 0.005244731 -0.006836116 0.01929998 0.004773616 -0.006540179 0.01479995 0.005395293 0.008773863 0.01479995 0.006755888 0.00777477 0.01479995 -0.005791604 0.008517384 0.01479995 -0.008518636 0.005789816 0.01479995 -0.009349942 0.004320681 0.01479995 5.19489e-4 0.00135374 0.01479995 -7.60409e-5 0.001447975 0.01479995 -6.58423e-4 0.001291871 0.01479995 -0.001126945 9.12395e-4 0.01479995 -0.009930074 0.002735495 0.01479995 -0.001400589 3.75138e-4 0.01479995 -0.005180716 -0.008902192 0.01479995 -0.006565213 -0.007936477 0.01479995 -7.89596e-4 -0.001216113 0.01479995 -0.007773339 -0.006757557 0.01479995 -0.001215934 -7.89856e-4 0.01479995 0.004548311 -0.009241342 0.01479995 3.75438e-4 -0.00140053 0.01479995 9.12636e-4 -0.001126706 0.01479995 -0.004322648 0.009348988 0.01479995 -0.002737581 0.009929478 0.01479995 -0.001079022 0.01024329 0.01479995 -0.008772671 -0.00539714 0.01479995 -0.009536445 -0.003891766 0.01479995 -0.00143212 -2.26983e-4 0.01479995 -0.003657102 -0.009628832 0.01479995 -2.26676e-4 -0.00143212 0.01479995 -0.00203526 -0.0100969 0.01479995 0.009242296 -0.004546344 0.01479995 0.00129199 -6.58148e-4 0.01479995 0.009860754 -0.002975702 0.01479995 0.001447975 -7.57324e-5 0.01479995 0.009628057 0.003659188 0.01479995 0.01009643 0.002037405 0.01479995 0.001353621 5.19778e-4 0.01479995 0.01029366 3.60997e-4 0.01479995 0.01021438 -0.00132513 0.01479995 0.00102514 0.001025378 0.01479995 -0.01004403 -0.002281904 0.01479995 -0.01028186 -6.10737e-4 0.01479995 -0.01024353 0.001076817 0.01479995 0.002977788 -0.009860098 0.01479995 0.001327335 -0.01021409 0.01479995 -3.588e-4 -0.01029372 0.01479995 0.008375585 -0.005994856 0.01479995 0.007283926 -0.007282376 0.01479995 0.005996644 -0.008374333 0.01479995 0.008901119 0.005182623 0.01479995 0.007935047 0.006566882 0.01479995 6.08544e-4 0.01028198 0.01479995 0.002279758 0.01004451 0.01479995 0.003889739 0.00953722 0.01999998 0.001215934 7.89856e-4 0.01999998 0.00143212 2.26983e-4 0.01999998 0.001353621 5.19778e-4 0.01999998 0.001400589 -3.75138e-4 0.01999998 0.001447975 -7.57324e-5 0.01999998 0.001126945 -9.12395e-4 0.01999998 0.00129199 -6.58148e-4 0.01999998 6.58425e-4 -0.001291871 0.01999998 9.12636e-4 -0.001126706 0.01999998 7.60423e-5 -0.001447975 0.01999998 3.75438e-4 -0.00140053 0.01999998 -5.19488e-4 -0.00135374 0.01999998 -2.26676e-4 -0.00143212 0.01999998 -0.00102514 -0.001025378 0.01999998 -7.89596e-4 -0.001216113 0.01999998 -0.001353621 -5.19778e-4 0.01999998 -0.001215934 -7.89856e-4 0.01999998 -0.001447975 7.57324e-5 0.01999998 -0.00143212 -2.26983e-4 0.01999998 -0.00129199 6.58148e-4 0.01999998 -0.001400589 3.75138e-4 0.01999998 -9.12634e-4 0.001126706 0.01999998 -0.001126945 9.12395e-4 0.01999998 -3.75436e-4 0.00140053 0.01999998 -6.58423e-4 0.001291871 0.01999998 2.26678e-4 0.00143212 0.01999998 -7.60407e-5 0.001447975 0.01999998 0.00102514 0.001025378 0.01999998 7.89598e-4 0.001216113 0.01999998 5.1949e-4 0.00135374 0.01629996 0.005657434 -0.005656242 0.01678067 0.005864381 -0.004883468 0.01678067 0.005450308 -0.004883527 0.01678067 0.006223082 -0.005090475 0.01678067 0.00488466 -0.005449235 0.01678067 0.004884719 -0.005863368 0.01678067 0.005091667 -0.005090594 0.01678067 0.005450427 -0.006428956 0.01678067 0.00586456 -0.006428956 0.01678067 0.005091786 -0.00622195 0.01678067 0.006430208 -0.005863189 0.01678067 0.006430149 -0.005449056 0.01678067 0.006223201 -0.00622183 0.01629996 0.005656242 0.005657434 0.01678067 0.005863189 0.006430208 0.01678067 0.005449056 0.006430149 0.01678067 0.00622183 0.006223201 0.01678067 0.004883468 0.005864381 0.01678067 0.004883527 0.005450308 0.01678067 0.005090475 0.006223082 0.01678067 0.005449235 0.00488466 0.01678067 0.005863368 0.004884719 0.01678067 0.005090594 0.005091667 0.01678067 0.006428956 0.005450427 0.01678067 0.006428956 0.00586456 0.01678067 0.00622195 0.005091786 0.01629996 -0.005656242 -0.005657434 0.01678067 -0.005449235 -0.00488466 0.01678067 -0.005863368 -0.004884719 0.01678067 -0.005090594 -0.005091667 0.01678067 -0.006428956 -0.005450427 0.01678067 -0.006428956 -0.00586456 0.01678067 -0.00622195 -0.005091786 0.01678067 -0.005863189 -0.006430208 0.01678067 -0.005449056 -0.006430149 0.01678067 -0.00622183 -0.006223201 0.01678067 -0.004883468 -0.005864381 0.01678067 -0.004883527 -0.005450308 0.01678067 -0.005090475 -0.006223082 0.01629996 -0.005657434 0.005656242 0.01678067 -0.005450427 0.006428956 0.01678067 -0.00586456 0.006428956 0.01678067 -0.005091786 0.00622195 0.01678067 -0.006430208 0.005863189 0.01678067 -0.006430149 0.005449056 0.01678067 -0.006223201 0.00622183 0.01678067 -0.005864381 0.004883468 0.01678067 -0.005450308 0.004883527 0.01678067 -0.006223022 0.005090475 0.01678067 -0.00488466 0.005449235 0.01678067 -0.004884719 0.005863368 0.01678067 -0.005091667 0.005090594 -0.01529997 0.004053711 0.004966795 -0.01729995 0.004053711 0.004966795 -0.01729995 0.004612088 0.005110263 -0.01529997 0.004612088 0.005110263 -0.01729995 0.005099177 0.005418598 -0.01529997 0.005099177 0.005418598 -0.01729995 0.005467653 0.005861937 -0.01529997 0.005467653 0.005861937 -0.01729995 0.005681872 0.006397187 -0.01529997 0.005681872 0.006397187 -0.01529997 0.005600571 0.00304687 -0.01729995 0.005600571 0.00304687 -0.01729995 0.004917621 0.004079699 -0.01529997 0.004917621 0.004079699 -0.01529997 0.00745052 0.004145681 -0.01729995 0.00745052 0.004145681 -0.01729995 0.006721496 0.00399518 -0.01529997 0.006721496 0.00399518 -0.01729995 0.006081521 0.003615021 -0.01529997 0.006081521 0.003615021 -0.01529997 0.006658911 0.005344271 -0.01729995 0.006658911 0.005344271 -0.01529997 0.006378054 -3.26264e-5 -0.01729995 0.006378054 -3.26264e-5 -0.01729995 0.007071077 -3.04409e-4 -0.01529997 0.007071077 -3.04409e-4 -0.01729995 0.007814824 -3.35205e-4 -0.01529997 0.007814824 -3.35205e-4 -0.01729995 0.008527874 -1.21641e-4 -0.01529997 0.008527874 -1.21641e-4 -0.01529997 0.00592792 -0.002456724 -0.01729995 0.00592792 -0.002456724 -0.01729995 0.006267189 -0.001265883 -0.01529997 0.006267189 -0.001265883 -0.01529997 0.008039891 -0.00294286 -0.01729995 0.008039891 -0.00294286 -0.01729995 0.007597327 -0.00257343 -0.01529997 0.007597327 -0.00257343 -0.01729995 0.007062554 -0.002358138 -0.01529997 0.007062554 -0.002358138 -0.01729995 0.006487488 -0.002317965 -0.01529997 0.006487488 -0.002317965 -0.01529997 0.008400082 -0.001552343 -0.01729995 0.008400082 -0.001552343 -0.01529997 0.004805922 -0.004336595 -0.01729995 0.004805922 -0.004336595 -0.01729995 0.00494939 -0.004894912 -0.01529997 0.00494939 -0.004894912 -0.01729995 0.005257785 -0.005382001 -0.01529997 0.005257785 -0.005382001 -0.01729995 0.005701065 -0.005750536 -0.01529997 0.005701065 -0.005750536 -0.01729995 0.006236314 -0.005964696 -0.01529997 0.006236314 -0.005964696 -0.01529997 0.002885997 -0.005883455 -0.01729995 0.002885997 -0.005883455 -0.01729995 0.003918826 -0.005200445 -0.01529997 0.003918826 -0.005200445 -0.01529997 0.003984808 -0.007733404 -0.01729995 0.003984808 -0.007733404 -0.01729995 0.003834307 -0.00700438 -0.01529997 0.003834307 -0.00700438 -0.01729995 0.003454148 -0.006364345 -0.01529997 0.003454148 -0.006364345 -0.01529997 0.005183398 -0.006941735 -0.01729995 0.005183398 -0.006941735 -0.01529997 -1.9349e-4 -0.006660938 -0.01729995 -1.9349e-4 -0.006660938 -0.01729995 -4.65274e-4 -0.007353901 -0.01529997 -4.65274e-4 -0.007353901 -0.01729995 -4.96069e-4 -0.008097648 -0.01529997 -4.96068e-4 -0.008097648 -0.01729995 -2.82505e-4 -0.008810758 -0.01529997 -2.82505e-4 -0.008810758 -0.01529997 -0.002617597 -0.006210803 -0.01729995 -0.002617597 -0.006210803 -0.01729995 -0.001426696 -0.006550073 -0.01529997 -0.001426696 -0.006550073 -0.01529997 -0.003103673 -0.008322775 -0.01729995 -0.003103673 -0.008322775 -0.01729995 -0.002734243 -0.00788021 -0.01529997 -0.002734243 -0.00788021 -0.01729995 -0.002519011 -0.007345438 -0.01529997 -0.002519011 -0.007345438 -0.01729995 -0.002478778 -0.006770312 -0.01529997 -0.002478778 -0.006770312 -0.01529997 -0.001713156 -0.008682966 -0.01729995 -0.001713156 -0.008682966 -0.01529997 -0.004497468 -0.005088806 -0.01729995 -0.004497468 -0.005088806 -0.01729995 -0.005055785 -0.005232274 -0.01529997 -0.005055785 -0.005232274 -0.01729995 -0.005542874 -0.005540609 -0.01529997 -0.005542874 -0.005540609 -0.01729995 -0.005911409 -0.005983948 -0.01529997 -0.005911409 -0.005983948 -0.01729995 -0.006125569 -0.006519198 -0.01529997 -0.006125569 -0.006519198 -0.01529997 -0.006044268 -0.003168821 -0.01729995 -0.006044268 -0.003168821 -0.01729995 -0.005361318 -0.00420171 -0.01529997 -0.005361318 -0.00420171 -0.01529997 -0.007894277 -0.004267692 -0.01729995 -0.007894277 -0.004267692 -0.01729995 -0.007165253 -0.00411719 -0.01529997 -0.007165253 -0.00411719 -0.01729995 -0.006525218 -0.003737032 -0.01529997 -0.006525218 -0.003737032 -0.01529997 -0.007102608 -0.005466282 -0.01729995 -0.007102608 -0.005466282 -0.01529997 -0.006821751 -8.93699e-5 -0.01729995 -0.006821751 -8.93699e-5 -0.01729995 -0.007514774 1.82413e-4 -0.01529997 -0.007514774 1.82413e-4 -0.01729995 -0.008258521 2.13208e-4 -0.01529997 -0.008258521 2.13208e-4 -0.01729995 -0.008971631 -3.55532e-7 -0.01529997 -0.008971631 -3.55532e-7 -0.01529997 -0.006371676 0.002334713 -0.01729995 -0.006371676 0.002334713 -0.01729995 -0.006710946 0.001143872 -0.01529997 -0.006710946 0.001143872 -0.01529997 -0.008483648 0.002820849 -0.01729995 -0.008483648 0.002820849 -0.01729995 -0.008041083 0.002451419 -0.01529997 -0.008041083 0.002451419 -0.01729995 -0.00750631 0.002236127 -0.01529997 -0.00750631 0.002236127 -0.01729995 -0.006931185 0.002195954 -0.01529997 -0.006931185 0.002195954 -0.01529997 -0.008843779 0.001430332 -0.01729995 -0.008843779 0.001430332 -0.01529997 0.002659976 0.008200764 -0.01729995 0.002659976 0.008200764 -0.01729995 0.002290546 0.0077582 -0.01529997 0.002290546 0.0077582 -0.01729995 0.002075254 0.007223427 -0.01529997 0.002075254 0.007223427 -0.01729995 0.002035081 0.006648361 -0.01529997 0.002035081 0.006648361 -0.01729995 0.00217384 0.006088793 -0.01529997 0.00217384 0.006088793 -0.01529997 -1.6122e-4 0.008688747 -0.01729995 -1.6122e-4 0.008688747 -0.01529997 0.001269459 0.008560955 -0.01729995 0.001269459 0.008560955 -0.01529997 -2.50234e-4 0.006538927 -0.01729995 -2.50234e-4 0.006538927 -0.01729995 2.15487e-5 0.007231891 -0.01529997 2.15487e-5 0.007231891 -0.01729995 5.2344e-5 0.007975637 -0.01529997 5.23441e-5 0.007975637 -0.01729995 9.83027e-4 0.006428062 -0.01529997 9.83027e-4 0.006428062 -0.01729995 -0.004362583 0.005078434 -0.01729995 -0.003329694 0.005761444 -0.01729995 -0.003897905 0.006242394 -0.01729995 -0.006680011 0.005842685 -0.01729995 -0.004278004 0.006882369 -0.01729995 -0.005627155 0.006819784 -0.01729995 -0.004428565 0.007611393 -0.01729995 -0.005249679 0.004214584 -0.01729995 -0.006144821 0.005628526 -0.01729995 -0.005701482 0.00526005 -0.01729995 -0.005393147 0.004772961 -0.01529997 -0.005249679 0.004214584 -0.01529997 -0.005393147 0.004772961 -0.01529997 -0.005701482 0.00526005 -0.01529997 -0.006144821 0.005628526 -0.01529997 -0.006680011 0.005842685 -0.01529997 -0.003329694 0.005761444 -0.01529997 -0.004362583 0.005078434 -0.01529997 -0.004428565 0.007611393 -0.01529997 -0.004278004 0.006882369 -0.01529997 -0.003897905 0.006242394 -0.01529997 -0.005627155 0.006819784 -0.01859998 0.003865838 0.005958557 -0.01879996 0.003862917 0.005758583 -0.01859998 0.003646254 0.005990684 -0.01879996 0.003591716 0.00579828 -0.01859998 0.003442525 0.006078541 -0.01879996 0.003340005 0.00590682 -0.01859998 0.00326842 0.006216168 -0.01879996 0.003125011 0.006076812 -0.01859998 0.003135919 0.006394147 -0.01879996 0.002961277 0.006296694 -0.01859998 0.003054022 0.006600379 -0.01879996 0.002860069 0.006551444 -0.01859998 0.003028213 0.006820797 -0.01879996 0.00282824 0.006823658 -0.01859998 0.0030604 0.007040321 -0.01879996 0.002867937 0.00709486 -0.01859998 0.003148257 0.00724405 -0.01879996 0.002976536 0.00734657 -0.01859998 0.003285884 0.007418155 -0.01879996 0.003146529 0.007561624 -0.01859998 0.003463864 0.007550656 -0.01879996 0.003366351 0.007725298 -0.01859998 0.003670096 0.007632613 -0.01879996 0.003621101 0.007826507 -0.01859998 0.003890454 0.007658362 -0.01879996 0.003893375 0.007858335 -0.01859998 0.004110038 0.007626235 -0.01879996 0.004164576 0.007818639 -0.01859998 0.004313766 0.007538318 -0.01879996 0.004416286 0.007710099 -0.01859998 0.004487812 0.007400691 -0.01879996 0.00463128 0.007540047 -0.01859998 0.004620373 0.007222712 -0.01879996 0.004794955 0.007320225 -0.01859998 0.00470227 0.007016539 -0.01879996 0.004896223 0.007065474 -0.01859998 0.004728078 0.006796121 -0.01879996 0.004928052 0.0067932 -0.01859998 0.004695892 0.006576597 -0.01879996 0.004888296 0.006521999 -0.01859998 0.004608035 0.006372809 -0.01879996 0.004779756 0.006270349 -0.01859998 0.004470407 0.006198763 -0.01879996 0.004609763 0.006055295 -0.01859998 0.004292428 0.006066262 -0.01879996 0.004389882 0.005891621 -0.01859998 0.004086196 0.005984306 -0.01879996 0.004135191 0.005790412 -0.01529997 0.003054022 0.006600379 -0.01529997 0.00326842 0.006216168 -0.01529997 0.003646254 0.005990684 -0.01529997 0.004086196 0.005984306 -0.01529997 0.004470407 0.006198763 -0.01529997 0.004695892 0.006576597 -0.01529997 0.00470227 0.007016539 -0.01529997 0.004487812 0.007400691 -0.01529997 0.004110038 0.007626235 -0.01529997 0.003670096 0.007632613 -0.01529997 0.003285884 0.007418155 -0.01529997 0.0030604 0.007040321 -0.01859998 0.006635248 -0.005010902 -0.01879996 0.006632387 -0.005210876 -0.01859998 0.006415724 -0.004978775 -0.01879996 0.006361126 -0.005171179 -0.01859998 0.006211936 -0.004890859 -0.01879996 0.006109476 -0.005062639 -0.01859998 0.00603789 -0.004753291 -0.01879996 0.005894422 -0.004892647 -0.01859998 0.005905389 -0.004575312 -0.01879996 0.005730748 -0.004672765 -0.01859998 0.005823433 -0.00436908 -0.01879996 0.005629539 -0.004418015 -0.01859998 0.005797684 -0.004148662 -0.01879996 0.00559771 -0.004145801 -0.01859998 0.005829811 -0.003929138 -0.01879996 0.005637407 -0.00387454 -0.01859998 0.005917727 -0.003725349 -0.01879996 0.005745947 -0.003622889 -0.01859998 0.006055295 -0.003551304 -0.01879996 0.005915939 -0.003407835 -0.01859998 0.006233274 -0.003418803 -0.01879996 0.006135821 -0.003244161 -0.01859998 0.006439507 -0.003336846 -0.01879996 0.006390571 -0.003142952 -0.01859998 0.006659924 -0.003311097 -0.01879996 0.006662786 -0.003111124 -0.01859998 0.006879448 -0.003343224 -0.01879996 0.006934046 -0.00315082 -0.01859998 0.007083237 -0.003431141 -0.01879996 0.007185697 -0.00325936 -0.01859998 0.007257282 -0.003568708 -0.01879996 0.007400751 -0.003429353 -0.01859998 0.007389783 -0.003746747 -0.01879996 0.007564425 -0.003649234 -0.01859998 0.00747174 -0.00395292 -0.01879996 0.007665634 -0.003903985 -0.01859998 0.007497489 -0.004173338 -0.01879996 0.007697463 -0.004176199 -0.01859998 0.007465362 -0.004392862 -0.01879996 0.007657766 -0.00444746 -0.01859998 0.007377445 -0.00459665 -0.01879996 0.007549226 -0.00469911 -0.01859998 0.007239878 -0.004770696 -0.01879996 0.007379233 -0.004914164 -0.01859998 0.007061839 -0.004903197 -0.01879996 0.007159352 -0.005077838 -0.01859998 0.006855666 -0.004985153 -0.01879996 0.006904602 -0.005179047 -0.01529997 0.006439507 -0.003336846 -0.01529997 0.006055295 -0.003551304 -0.01529997 0.005829811 -0.003929138 -0.01529997 0.005823433 -0.00436908 -0.01529997 0.00603789 -0.004753291 -0.01529997 0.006415724 -0.004978775 -0.01529997 0.006855666 -0.004985153 -0.01529997 0.007239878 -0.004770696 -0.01529997 0.007465362 -0.004392862 -0.01529997 0.00747174 -0.00395292 -0.01529997 0.007257282 -0.003568708 -0.01529997 0.006879448 -0.003343224 -0.01859998 -0.004334211 -0.007780373 -0.01879996 -0.004337072 -0.007980346 -0.01859998 -0.004553735 -0.007748186 -0.01879996 -0.004608273 -0.007940649 -0.01859998 -0.004757523 -0.007660329 -0.01879996 -0.004859983 -0.00783205 -0.01859998 -0.004931569 -0.007522702 -0.01879996 -0.005075037 -0.007662057 -0.01859998 -0.00506407 -0.007344722 -0.01879996 -0.005238711 -0.007442235 -0.01859998 -0.005146026 -0.00713849 -0.01879996 -0.00533992 -0.007187485 -0.01859998 -0.005171775 -0.006918132 -0.01879996 -0.005371749 -0.006915211 -0.01859998 -0.005139648 -0.006698548 -0.01879996 -0.005332052 -0.00664401 -0.01859998 -0.005051732 -0.00649482 -0.01879996 -0.005223512 -0.0063923 -0.01859998 -0.004914104 -0.006320774 -0.01879996 -0.00505346 -0.006177306 -0.01859998 -0.004736125 -0.006188213 -0.01879996 -0.004833638 -0.006013631 -0.01859998 -0.004529953 -0.006106317 -0.01879996 -0.004578888 -0.005912363 -0.01859998 -0.004309535 -0.006080508 -0.01879996 -0.004306614 -0.005880534 -0.01859998 -0.004090011 -0.006112694 -0.01879996 -0.004035413 -0.00592029 -0.01859998 -0.003886222 -0.006200551 -0.01879996 -0.003783762 -0.006028831 -0.01859998 -0.003712177 -0.006338179 -0.01879996 -0.003568708 -0.006198823 -0.01859998 -0.003579676 -0.006516158 -0.01879996 -0.003405034 -0.006418704 -0.01859998 -0.003497719 -0.00672239 -0.01879996 -0.003303825 -0.006673395 -0.01859998 -0.00347197 -0.006942749 -0.01879996 -0.003271996 -0.006945669 -0.01859998 -0.003504097 -0.007162332 -0.01879996 -0.003311693 -0.00721687 -0.01859998 -0.003591954 -0.007366061 -0.01879996 -0.003420233 -0.007468581 -0.01859998 -0.003729581 -0.007540166 -0.01879996 -0.003590226 -0.007683575 -0.01859998 -0.003907561 -0.007672667 -0.01879996 -0.003810107 -0.007847309 -0.01859998 -0.004113793 -0.007754564 -0.01879996 -0.004064857 -0.007948517 -0.01529997 -0.003497719 -0.00672239 -0.01529997 -0.003712177 -0.006338179 -0.01529997 -0.004090011 -0.006112694 -0.01529997 -0.004529953 -0.006106317 -0.01529997 -0.004914104 -0.006320774 -0.01529997 -0.005139648 -0.006698548 -0.01529997 -0.005146026 -0.00713849 -0.01529997 -0.004931569 -0.007522702 -0.01529997 -0.004553735 -0.007748186 -0.01529997 -0.004113793 -0.007754564 -0.01529997 -0.003729581 -0.007540166 -0.01529997 -0.003504097 -0.007162332 -0.01859998 -0.007103621 0.003189086 -0.01879996 -0.007106542 0.002989113 -0.01859998 -0.007323205 0.003221273 -0.01879996 -0.007377743 0.00302881 -0.01859998 -0.007526934 0.00330913 -0.01879996 -0.007629454 0.003137409 -0.01859998 -0.007700979 0.003446757 -0.01879996 -0.007844448 0.003307402 -0.01859998 -0.00783354 0.003624737 -0.01879996 -0.008008182 0.003527224 -0.01859998 -0.007915437 0.003830909 -0.01879996 -0.00810939 0.003781974 -0.01859998 -0.007941246 0.004051327 -0.01879996 -0.008141219 0.004054248 -0.01859998 -0.007909059 0.004270911 -0.01879996 -0.008101463 0.004325449 -0.01859998 -0.007821202 0.004474639 -0.01879996 -0.007992923 0.004577159 -0.01859998 -0.007683575 0.004648685 -0.01879996 -0.00782293 0.004792153 -0.01859998 -0.007505595 0.004781186 -0.01879996 -0.007603049 0.004955828 -0.01859998 -0.007299363 0.004863142 -0.01879996 -0.007348358 0.005057036 -0.01859998 -0.007079005 0.004888892 -0.01879996 -0.007076084 0.005088865 -0.01859998 -0.006859421 0.004856765 -0.01879996 -0.006804883 0.005049169 -0.01859998 -0.006655693 0.004768908 -0.01879996 -0.006553173 0.004940629 -0.01859998 -0.006481647 0.00463128 -0.01879996 -0.006338179 0.004770636 -0.01859998 -0.006349086 0.004453301 -0.01879996 -0.006174445 0.004550755 -0.01859998 -0.006267189 0.004247069 -0.01879996 -0.006073236 0.004296004 -0.01859998 -0.006241381 0.004026651 -0.01879996 -0.006041407 0.00402379 -0.01859998 -0.006273567 0.003807127 -0.01879996 -0.006081163 0.003752589 -0.01859998 -0.006361424 0.003603398 -0.01879996 -0.006189703 0.003500878 -0.01859998 -0.006499052 0.003429293 -0.01879996 -0.006359696 0.003285884 -0.01859998 -0.006677031 0.003296792 -0.01879996 -0.006579577 0.00312215 -0.01859998 -0.006883263 0.003214836 -0.01879996 -0.006834268 0.003020942 -0.01529997 -0.006883263 0.003214836 -0.01529997 -0.006499052 0.003429293 -0.01529997 -0.006273567 0.003807127 -0.01529997 -0.006267189 0.004247069 -0.01529997 -0.006481647 0.00463128 -0.01529997 -0.006859421 0.004856765 -0.01529997 -0.007299363 0.004863142 -0.01529997 -0.007683575 0.004648685 -0.01529997 -0.007909059 0.004270911 -0.01529997 -0.007915437 0.003830909 -0.01529997 -0.007700979 0.003446757 -0.01529997 -0.007323205 0.003221273 -0.01859998 -0.007992923 -0.003019154 -0.01879996 -0.007995843 -0.003219127 -0.01859998 -0.008251249 -0.002981305 -0.01879996 -0.008305788 -0.003173768 -0.01859998 -0.008490979 -0.00287795 -0.01879996 -0.00859344 -0.003049671 -0.01859998 -0.008695721 -0.002716064 -0.01879996 -0.00883919 -0.00285542 -0.01859998 -0.008851647 -0.002506673 -0.01879996 -0.009026288 -0.002604126 -0.01859998 -0.008948028 -0.002264022 -0.01879996 -0.009141921 -0.002313017 -0.01859998 -0.008978366 -0.002004742 -0.01879996 -0.00917834 -0.002001881 -0.01859998 -0.008940517 -0.001746475 -0.01879996 -0.009132921 -0.001691877 -0.01859998 -0.008837163 -0.001506745 -0.01879996 -0.009008884 -0.001404285 -0.01859998 -0.008675217 -0.001302003 -0.01879996 -0.008814573 -0.001158535 -0.01859998 -0.008465826 -0.001146078 -0.01879996 -0.008563339 -9.71471e-4 -0.01859998 -0.008223235 -0.001049697 -0.01879996 -0.008272171 -8.558e-4 -0.01859998 -0.007963955 -0.001019358 -0.01879996 -0.007961034 -8.19418e-4 -0.01859998 -0.007705628 -0.001057207 -0.01879996 -0.00765109 -8.64806e-4 -0.01859998 -0.007465958 -0.001160562 -0.01879996 -0.007363438 -9.8887e-4 -0.01859998 -0.007261157 -0.001322507 -0.01879996 -0.007117688 -0.001183152 -0.01859998 -0.00710529 -0.001531898 -0.01879996 -0.006930649 -0.001434385 -0.01859998 -0.00700885 -0.001774489 -0.01879996 -0.006814956 -0.001725494 -0.01859998 -0.006978571 -0.00203377 -0.01879996 -0.006778597 -0.00203669 -0.01859998 -0.00701636 -0.002292037 -0.01879996 -0.006823956 -0.002346634 -0.01859998 -0.007119774 -0.002531766 -0.01879996 -0.006948053 -0.002634286 -0.01859998 -0.007281661 -0.002736568 -0.01879996 -0.007142305 -0.002879977 -0.01859998 -0.007491052 -0.002892434 -0.01879996 -0.007393598 -0.003067076 -0.01859998 -0.007733643 -0.002988815 -0.01879996 -0.007684707 -0.003182768 -0.01529997 -0.008251249 -0.002981305 -0.01529997 -0.007733643 -0.002988815 -0.01529997 -0.008695721 -0.002716064 -0.01529997 -0.008948028 -0.002264022 -0.01529997 -0.008940517 -0.001746475 -0.01529997 -0.008675217 -0.001302003 -0.01529997 -0.008223235 -0.001049697 -0.01529997 -0.007705628 -0.001057207 -0.01529997 -0.007261157 -0.001322507 -0.01529997 -0.00700885 -0.001774489 -0.01529997 -0.00701636 -0.002292037 -0.01529997 -0.007281661 -0.002736568 -0.01859998 -0.002194643 0.006695687 -0.01879996 -0.002197504 0.006495714 -0.01859998 -0.002452909 0.006733536 -0.01879996 -0.002507507 0.006541073 -0.01859998 -0.002692639 0.006836891 -0.01879996 -0.002795159 0.00666517 -0.01859998 -0.002897441 0.006998836 -0.01879996 -0.00304085 0.006859481 -0.01859998 -0.003053307 0.007208168 -0.01879996 -0.003227949 0.007110714 -0.01859998 -0.003149688 0.007450819 -0.01879996 -0.003343641 0.007401823 -0.01859998 -0.003180027 0.007710099 -0.01879996 -0.00338 0.00771296 -0.01859998 -0.003142178 0.007968366 -0.01879996 -0.003334641 0.008022964 -0.01859998 -0.003038823 0.008208096 -0.01879996 -0.003210544 0.008310616 -0.01859998 -0.002876877 0.008412897 -0.01879996 -0.003016233 0.008556306 -0.01859998 -0.002667546 0.008568763 -0.01879996 -0.002764999 0.008743405 -0.01859998 -0.002424895 0.008665144 -0.01879996 -0.00247389 0.008859097 -0.01859998 -0.002165615 0.008695483 -0.01879996 -0.002162754 0.008895456 -0.01859998 -0.001907348 0.008657634 -0.01879996 -0.00185275 0.008850097 -0.01859998 -0.001667618 0.008554279 -0.01879996 -0.001565098 0.008726 -0.01859998 -0.001462817 0.008392393 -0.01879996 -0.001319408 0.008531749 -0.01859998 -0.001306951 0.008183002 -0.01879996 -0.001132309 0.008280456 -0.01859998 -0.00121057 0.007940351 -0.01879996 -0.001016616 0.007989346 -0.01859998 -0.001180231 0.007681071 -0.01879996 -9.80283e-4 0.00767821 -0.01859998 -0.00121808 0.007422804 -0.01879996 -0.001025617 0.007368206 -0.01859998 -0.001321434 0.007183074 -0.01879996 -0.001149713 0.007080554 -0.01859998 -0.001483321 0.006978332 -0.01879996 -0.001343965 0.006834864 -0.01859998 -0.001692712 0.006822407 -0.01879996 -0.001595258 0.006647765 -0.01859998 -0.001935362 0.006726026 -0.01879996 -0.001886367 0.006532073 -0.01529997 -0.003142178 0.007968366 -0.01529997 -0.003149688 0.007450819 -0.01529997 -0.002876877 0.008412897 -0.01529997 -0.002424895 0.008665144 -0.01529997 -0.001907348 0.008657634 -0.01529997 -0.001462817 0.008392393 -0.01529997 -0.00121057 0.007940351 -0.01529997 -0.00121808 0.007422804 -0.01529997 -0.001483321 0.006978332 -0.01529997 -0.001935362 0.006726026 -0.01529997 -0.002452909 0.006733536 -0.01529997 -0.002897441 0.006998836 -0.01859998 0.007520198 8.97401e-4 -0.01879996 0.007517337 6.97422e-4 -0.01859998 0.007261931 9.35224e-4 -0.01879996 0.007207393 7.4281e-4 -0.01859998 0.007022202 0.00103861 -0.01879996 0.006919741 8.66874e-4 -0.01859998 0.00681746 0.001200497 -0.01879996 0.006673991 0.001061141 -0.01859998 0.006661534 0.001409888 -0.01879996 0.006486892 0.001312375 -0.01859998 0.006565153 0.001652479 -0.01879996 0.006371259 0.001603543 -0.01859998 0.006534814 0.001911759 -0.01879996 0.006334841 0.00191468 -0.01859998 0.006572663 0.002170085 -0.01879996 0.006380259 0.002224624 -0.01859998 0.006676018 0.002409756 -0.01879996 0.006504297 0.002512276 -0.01859998 0.006837964 0.002614557 -0.01879996 0.006698608 0.002758026 -0.01859998 0.007047355 0.002770423 -0.01879996 0.006949841 0.002945065 -0.01859998 0.007289946 0.002866864 -0.01879996 0.007240951 0.003060758 -0.01859998 0.007549226 0.002897143 -0.01879996 0.007552146 0.003097116 -0.01859998 0.007807493 0.002859354 -0.01879996 0.007862091 0.003051757 -0.01859998 0.008047223 0.002755939 -0.01879996 0.008149743 0.00292766 -0.01859998 0.008252024 0.002594053 -0.01879996 0.008395493 0.002733409 -0.01859998 0.00840789 0.002384662 -0.01879996 0.008582532 0.002482116 -0.01859998 0.008504271 0.002142071 -0.01879996 0.008698225 0.002191007 -0.01859998 0.00853461 0.001882791 -0.01879996 0.008734583 0.00187987 -0.01859998 0.00849682 0.001624464 -0.01879996 0.008689224 0.001569926 -0.01859998 0.008393406 0.001384735 -0.01879996 0.008565127 0.001282274 -0.01859998 0.00823152 0.001179993 -0.01879996 0.008370876 0.001036524 -0.01859998 0.008022129 0.001024067 -0.01879996 0.008119583 8.49475e-4 -0.01859998 0.007779538 9.27719e-4 -0.01879996 0.007828474 7.33803e-4 -0.01529997 0.007807493 0.002859354 -0.01529997 0.007289946 0.002866864 -0.01529997 0.008252024 0.002594053 -0.01529997 0.008504271 0.002142071 -0.01529997 0.00849682 0.001624464 -0.01529997 0.00823152 0.001179993 -0.01529997 0.007779538 9.27719e-4 -0.01529997 0.007261931 9.35224e-4 -0.01529997 0.00681746 0.001200497 -0.01529997 0.006565153 0.001652479 -0.01529997 0.006572663 0.002170085 -0.01529997 0.006837964 0.002614557 -0.01859998 0.001721918 -0.008817493 -0.01879996 0.001718997 -0.009017467 -0.01859998 0.001463592 -0.008779644 -0.01879996 0.001409053 -0.008972048 -0.01859998 0.001223921 -0.00867629 -0.01879996 0.001121401 -0.008848011 -0.01859998 0.00101912 -0.008514344 -0.01879996 8.7569e-4 -0.0086537 -0.01859998 8.63247e-4 -0.008304953 -0.01879996 6.88611e-4 -0.008402466 -0.01859998 7.66854e-4 -0.008062362 -0.01879996 5.72939e-4 -0.008111357 -0.01859998 7.36537e-4 -0.007803082 -0.01879996 5.36558e-4 -0.007800161 -0.01859998 7.7436e-4 -0.007544815 -0.01879996 5.81945e-4 -0.007490217 -0.01859998 8.77747e-4 -0.007305085 -0.01879996 7.0601e-4 -0.007202565 -0.01859998 0.001039624 -0.007100284 -0.01879996 9.00296e-4 -0.006956815 -0.01859998 0.001249015 -0.006944417 -0.01879996 0.001151561 -0.006769776 -0.01859998 0.001491606 -0.006848037 -0.01879996 0.00144267 -0.006654083 -0.01859998 0.001750886 -0.006817698 -0.01879996 0.001753807 -0.006617724 -0.01859998 0.002009212 -0.006855487 -0.01879996 0.002063751 -0.006663084 -0.01859998 0.002248883 -0.006958901 -0.01879996 0.002351403 -0.00678718 -0.01859998 0.002453684 -0.007120788 -0.01879996 0.002597153 -0.006981432 -0.01859998 0.00260961 -0.007330179 -0.01879996 0.002784252 -0.007232725 -0.01859998 0.002705991 -0.00757277 -0.01879996 0.002899885 -0.007523834 -0.01859998 0.00273627 -0.007832109 -0.01879996 0.002936303 -0.00783497 -0.01859998 0.002698481 -0.008090376 -0.01879996 0.002890884 -0.008144915 -0.01859998 0.002595067 -0.008330106 -0.01879996 0.002766847 -0.008432567 -0.01859998 0.00243318 -0.008534848 -0.01879996 0.002572536 -0.008678317 -0.01859998 0.002223789 -0.008690774 -0.01879996 0.002321243 -0.008865416 -0.01859998 0.001981198 -0.008787155 -0.01879996 0.002030134 -0.008981049 -0.01529997 0.002698481 -0.008090376 -0.01529997 0.002705991 -0.00757277 -0.01529997 0.00243318 -0.008534848 -0.01529997 0.001981198 -0.008787155 -0.01529997 0.001463592 -0.008779644 -0.01529997 0.00101912 -0.008514344 -0.01529997 7.66855e-4 -0.008062362 -0.01529997 7.7436e-4 -0.007544815 -0.01529997 0.001039624 -0.007100284 -0.01529997 0.001491606 -0.006848037 -0.01529997 0.002009212 -0.006855487 -0.01529997 0.002453684 -0.007120788 -0.01529997 0.002447485 0.009621322 -0.01529997 0.002932369 0.007700681 -0.01529997 0.003203749 0.007769167 -0.01529997 -0.005487561 -0.006792902 -0.01529997 -0.006953775 0.005204737 -0.01529997 -0.003614544 0.008090853 -0.01529997 0.001311898 -0.004924833 -0.01529997 1.48921e-4 -0.005147457 -0.01529997 -1.943e-4 -0.005456507 -0.01529997 -0.003647446 -0.007891178 -0.01529997 0.002574265 0.009800195 -0.01529997 0.002718806 0.009689867 -0.01529997 0.004119932 0.009223997 -0.01529997 -0.009628832 -0.004131734 -0.01529997 -0.01016002 -0.002570033 -0.01529997 -0.01043379 -9.43377e-4 -0.01529997 -0.007086575 -4.59482e-4 -0.01529997 -0.006453037 -0.002968788 -0.01529997 -0.01013112 0.0025599 -0.01529997 -0.01018768 0.002335786 -0.01529997 -0.01044309 7.06161e-4 -0.01529997 -0.007932245 0.006692588 -0.01529997 -0.008915781 0.005368292 -0.01529997 -0.00842297 0.004833817 -0.01529997 -0.009674131 0.003903388 -0.01529997 -0.008052051 0.003364622 -0.01529997 -0.007983505 0.003093242 -0.01529997 -0.002328693 0.009970128 -0.01529997 -0.003910541 0.009502232 -0.01529997 -0.005396783 0.008786678 -0.01529997 -0.005460083 0.007624924 -0.01529997 0.006964504 0.007155835 -0.01529997 0.006947278 0.007264614 -0.01529997 0.005043864 0.006670892 -0.01529997 0.006836712 0.007371246 -0.01529997 0.004672944 0.008140087 -0.01529997 0.00703305 0.006884455 -0.01529997 0.007251322 0.006954193 -0.01529997 0.007031321 0.007181465 -0.01529997 0.00793755 0.006142675 -0.01529997 0.00792998 0.00333172 -0.01529997 0.00882703 0.00475347 -0.01529997 0.009482145 0.003239572 -0.01529997 0.009885966 0.0016402 -0.01529997 0.008563518 8.22395e-4 -0.01529997 0.009029448 -0.001023113 -0.01529997 0.01002794 -3.20119e-6 -0.01529997 0.009904503 -0.001648128 -0.01529997 0.009528994 -0.003001689 -0.01529997 0.009518742 -0.003251969 -0.01529997 0.007608294 -0.003486633 -0.01529997 0.008880734 -0.004773139 -0.01529997 0.007979214 -0.004955768 -0.01529997 0.008006989 -0.006172299 -0.01529997 0.006510019 -0.005326688 -0.01529997 0.006920099 -0.007413148 -0.01529997 0.006238698 -0.005395233 -0.01529997 0.002685904 -0.006292164 -0.01529997 0.003525495 -0.009601414 -0.01529997 0.002685308 -0.009890019 -0.01529997 0.001070976 -0.01022911 -0.01529997 0.00101149 -0.0102365 -0.01529997 1.76621e-4 -0.006925702 -0.01529997 0.004224359 -0.009296417 -0.01529997 0.005648255 -0.008463561 -0.01529997 -0.006659507 -0.00803709 -0.01529997 -0.005296707 -0.008966505 -0.01529997 -0.005116641 -0.008262097 -0.01529997 -0.003802418 -0.00966525 -0.01529997 -0.005321264 -1.354e-4 -0.01529997 -0.00561738 -8.85605e-5 -0.01529997 -0.005166649 -0.001309394 -0.01529997 -0.004983842 -0.002597868 -0.01529997 -0.004745483 -0.002416074 -0.01529997 -0.004080414 -0.003395855 -0.01529997 -0.00203979 -0.005922436 -0.01529997 -0.00103408 -0.005095899 -0.01529997 -0.002173304 -0.004772841 -0.01529997 -0.003207325 -0.004195809 -0.01529997 0.004540145 0.002475857 -0.01529997 0.004544556 0.001753032 -0.01529997 0.004834473 6.04912e-4 -0.01529997 0.001169383 0.004845559 -0.01529997 0.002263426 0.004392445 -0.01529997 0.003371834 0.005960106 -0.01529997 3.68484e-7 0.005034148 -0.01529997 -1.80918e-4 0.005063176 -0.01529997 -0.001180589 0.004948019 -0.01529997 0.003223478 0.003699243 -0.01529997 0.003997743 0.002803325 -0.01529997 0.004268765 0.002407371 -0.01529997 -0.00481224 0.002161145 -0.01529997 -0.00417608 0.003159821 -0.01529997 -0.004535734 0.003963708 -0.01529997 -0.003326714 0.003984928 -0.01529997 -0.002690196 0.004429638 -0.01529997 -0.002309918 0.004591882 -0.01529997 -0.005200982 0.001042604 -0.01529997 0.00600934 0.002846777 -0.01529997 0.006642818 3.37485e-4 -0.01529997 -0.001105248 0.008724391 -0.01529997 -6.92332e-4 0.01017814 -0.01529997 -6.20346e-4 0.006803691 -0.01529997 -0.003129661 0.006170153 -0.01529997 -0.007438659 0.007125377 -0.01529997 -0.006749093 0.007842004 -0.01529997 -0.004517912 -0.004443407 -0.01529997 -5.76832e-4 -0.0103048 -0.01529997 -0.002215445 -0.0101152 -0.01529997 -0.008854031 -0.005587995 -0.01529997 -0.007855594 -0.006901144 -0.01529997 0.002314984 -0.004822969 -0.01529997 0.003331661 -0.003719151 -0.01529997 0.002392292 -0.004440009 -0.01529997 -2.49425e-4 0.005334496 -0.01529997 -0.002758741 0.004701018 -0.01529997 -0.00460422 0.004235088 -0.01529997 0.005173683 -3.3436e-5 -0.01529997 0.005639612 -0.001878917 -0.01529997 0.005112349 0.006399571 -0.01529997 0.005368232 -0.001947402 -0.01529997 0.004902303 -1.01942e-4 -0.01529997 0.004851698 -5.7911e-4 -0.01529997 0.004595458 -0.00173515 -0.01529997 0.00407952 -0.002801001 -0.01529997 0.005553126 0.008407235 -0.01529997 9.56243e-4 0.01012104 -0.01759999 -0.005166649 -0.001309394 -0.01759999 -0.005321264 -1.354e-4 -0.01759999 -0.005200982 0.001042604 -0.01759999 -0.00481224 0.002161145 -0.01759999 -0.00417608 0.003159821 -0.01759999 -0.003326714 0.003984928 -0.01759999 -0.002309918 0.004591882 -0.01759999 -0.001180589 0.004948019 -0.01759999 3.68384e-7 0.005034148 -0.01759999 0.001169383 0.004845559 -0.01759999 0.002263426 0.004392445 -0.01759999 0.003223478 0.003699243 -0.01759999 0.003997743 0.002803325 -0.01759999 0.004544556 0.001753032 -0.01759999 0.004834473 6.04912e-4 -0.01759999 0.004851698 -5.7911e-4 -0.01759999 0.004595458 -0.00173515 -0.01759999 0.00407952 -0.002801001 -0.01759999 0.003331661 -0.003719151 -0.01759999 0.002392292 -0.004440009 -0.01759999 0.001311898 -0.004924833 -0.01759999 1.48921e-4 -0.005147457 -0.01759999 -0.00103408 -0.005095899 -0.01759999 -0.002173304 -0.004772841 -0.01759999 -0.003207325 -0.004195809 -0.01759999 -0.004080414 -0.003395855 -0.01759999 -0.004745483 -0.002416074 -0.01759999 -0.006259918 -9.27792e-4 -0.01759999 -0.006308197 3.46541e-4 -0.01759999 -0.006090462 0.001603007 -0.01759999 -0.005616247 0.002786815 -0.01759999 -0.004906237 0.003846168 -0.01759999 -0.003991544 0.004734694 -0.01759999 -0.002912104 0.005413711 -0.01759999 -0.001715004 0.005853414 -0.01759999 -4.52754e-4 0.006034612 -0.01759999 0.003547847 -0.004856705 -0.01759999 0.002468347 -0.005535662 -0.01759999 0.001271307 -0.005975365 -0.01759999 9.0298e-6 -0.006156623 -0.01759999 -0.00126332 -0.006071388 -0.01759999 -0.002490222 -0.005723536 -0.01759999 -0.003617942 -0.005128145 -0.01759999 -0.004597246 -0.004311323 -0.01759999 -0.005385339 -0.003308713 -0.01759999 -0.005947768 -0.002164185 -0.01759999 8.19644e-4 0.005949378 -0.01759999 0.002046465 0.005601525 -0.01759999 0.003174245 0.005006134 -0.01759999 0.004153549 0.004189312 -0.01759999 0.004941642 0.003186762 -0.01759999 0.005504071 0.002042233 -0.01759999 0.005816221 8.05796e-4 -0.01759999 0.0058645 -4.68537e-4 -0.01759999 0.005646765 -0.001725018 -0.01759999 0.00517255 -0.002908825 -0.01759999 0.00446254 -0.003968179 -0.01879996 0.001271307 -0.005975365 -0.01879996 0.002468347 -0.005535662 -0.01879996 0.003547847 -0.004856705 -0.01879996 0.00446254 -0.003968179 -0.01879996 0.00517255 -0.002908825 -0.01879996 0.005646765 -0.001725018 -0.01879996 0.0058645 -4.68537e-4 -0.01879996 0.005816221 8.05796e-4 -0.01879996 0.005504071 0.002042233 -0.01879996 0.004941642 0.003186762 -0.01879996 0.004153549 0.004189312 -0.01879996 0.003174245 0.005006134 -0.01879996 0.002046465 0.005601525 -0.01879996 8.19643e-4 0.005949378 -0.01879996 -4.52755e-4 0.006034612 -0.01879996 -0.001715004 0.005853414 -0.01879996 -0.002912104 0.005413711 -0.01879996 -0.003991544 0.004734694 -0.01879996 -0.004906237 0.003846168 -0.01879996 -0.005616247 0.002786815 -0.01879996 -0.006090462 0.001603007 -0.01879996 -0.006308197 3.46541e-4 -0.01879996 -0.006259918 -9.27792e-4 -0.01879996 -0.005947768 -0.002164185 -0.01879996 -0.005385339 -0.003308713 -0.01879996 -0.004597246 -0.004311323 -0.01879996 -0.003617942 -0.005128145 -0.01879996 -0.002490222 -0.005723536 -0.01879996 -0.00126332 -0.006071388 -0.01879996 9.02975e-6 -0.006156623 -0.01879996 0.001025736 0.006858289 -0.01879996 0.004160702 -0.005558848 -0.01879996 -0.005719721 -0.004443526 -0.01879996 0.008880734 -0.004773139 -0.01879996 0.008006989 -0.006172299 -0.01879996 0.007893562 -0.004616439 -0.01879996 0.007554173 -0.004702091 -0.01879996 -0.01016002 -0.002570033 -0.01879996 -0.01043379 -9.43377e-4 -0.01879996 -0.01044309 7.06161e-4 -0.01879996 -0.007141172 0.001186609 -0.01879996 -0.009628832 -0.004131734 -0.01879996 -0.008854031 -0.005587995 -0.01879996 -0.007855594 -0.006901144 -0.01879996 -0.006659507 -0.00803709 -0.01879996 -0.004862964 -0.007837057 -0.01879996 -0.005296707 -0.008966505 -0.01879996 -0.004495561 -0.009377479 -0.01879996 -0.001469433 -0.006980299 -0.01879996 -0.002215445 -0.0101152 -0.01879996 -0.003802418 -0.00966525 -0.01879996 0.004224359 -0.009296417 -0.01879996 0.002685308 -0.009890019 -0.01879996 0.001070976 -0.01022911 -0.01879996 -5.76832e-4 -0.0103048 -0.01879996 0.005648255 -0.008463561 -0.01879996 0.006920099 -0.007413148 -0.01879996 0.007036805 -0.001222908 -0.01879996 0.009904503 -0.001648128 -0.01879996 0.009518742 -0.003251969 -0.01879996 0.01002794 -3.20119e-6 -0.01879996 0.009885966 0.0016402 -0.01879996 0.009482145 0.003239572 -0.01879996 0.005615353 0.004407227 -0.01879996 0.00882703 0.00475347 -0.01879996 0.00793755 0.006142675 -0.01879996 0.004758596 0.007800757 -0.01879996 0.006836712 0.007371246 -0.01879996 -0.003910541 0.009502232 -0.01879996 -0.002328693 0.009970128 -0.01879996 -0.004690051 0.005776226 -0.01879996 -6.92332e-4 0.01017814 -0.01879996 -0.005396783 0.008786678 -0.01879996 9.40084e-4 0.007197678 -0.01879996 -0.006749093 0.007842004 -0.01879996 0.005553126 0.008407235 -0.01879996 0.004672944 0.008140087 -0.01879996 0.004119932 0.009223997 -0.01879996 0.004333555 0.008054435 -0.01879996 0.002574265 0.009800195 -0.01879996 9.56243e-4 0.01012104 -0.01879996 -0.008915781 0.005368292 -0.01879996 -0.007932245 0.006692588 -0.01879996 -0.008083581 0.004919469 -0.01879996 -0.00799793 0.00458014 -0.01879996 -0.009541988 0.004204809 -0.01879996 -0.01018768 0.002335786 -0.01879996 -0.009674131 0.003903388 -0.01879996 -0.004604399 0.005436837 -0.01879996 0.005276024 0.004321515 -0.01879996 0.006697416 -0.001308619 -0.01879996 0.004419267 0.007715046 0.01959997 0.03900712 0.02599239 -0.01739996 0.03900712 0.02599239 0.01959997 0.039007 0.02699238 -0.01739996 0.039007 0.02699238 0.01959997 0.0410068 0.02899259 -0.01739996 0.0410068 0.02899259 0.02899998 0.04100698 0.02699261 0.02899998 0.01099985 -1.05631e-5 0.023 0.04100698 0.02699261 0.023 0.01099985 -1.05631e-5 0.02059996 0.06072252 0.02999472 0.02259999 0.06100648 0.03199476 0.02059996 0.04100668 0.02999264 0.02259999 0.04100644 0.03199261 -0.004397571 0.1090067 0.02999985 0.006597578 0.1090067 0.02999985 -0.01839995 0.06072252 0.02999472 -0.01839995 0.04100668 0.02999264 -0.02039998 0.06100648 0.03199476 -0.02039998 0.04100644 0.03199261 0.01259994 0.05958527 0.03599458 0.0126 -0.002968549 0.03598791 0.01259994 0.05958485 0.03999459 0.0126 -0.002968966 0.03998792 0.001099944 0.09924048 0.03599882 0.001099944 0.09924006 0.03999882 -0.01039999 0.05958527 0.03599458 -0.01039999 0.05958485 0.03999459 -0.01039999 -0.002968549 0.03598791 -0.01039999 -0.002968966 0.03998792 0.008657038 0.1090856 0.03199988 0.006099939 0.1110064 0.03200006 -0.003899991 0.1110064 0.03200006 -0.00645703 0.1090856 0.03199988 0.008657038 0.109085 0.03799986 0.006099939 0.1110058 0.0380001 0.006597578 0.1090056 0.03999984 -0.003899991 0.1110058 0.0380001 -0.00645703 0.109085 0.03799986 -0.004397571 0.1090056 0.03999984 -0.01839995 -0.01096898 0.03998708 -0.01839995 0.06072145 0.03999471 -0.02039998 -0.0109688 0.03798705 -0.02039998 0.06100583 0.03799474 0.02059996 0.06072145 0.03999471 0.02259999 0.06100583 0.03799474 0.02259999 -0.01096874 0.03798705 0.02059996 -0.01096898 0.03998708 0.02899998 -0.0106368 -0.002675354 0.02899998 -0.01096469 -1.2907e-5 0.01999998 -0.010302 -0.00376898 0.023 -0.01096469 -1.2907e-5 0.01999998 -0.01096469 -1.2907e-5 0.023 -0.01030278 0.00374329 0.01999998 -0.01030278 0.00374329 0.023 -0.008396089 0.007046639 0.01999998 -0.008396089 0.007046639 0.023 -0.005474567 0.009498596 0.01999998 -0.005474567 0.009498596 0.023 -0.001890599 0.01080352 0.01999998 -0.001890599 0.01080352 0.023 0.001923441 0.01080393 0.01999998 0.001923441 0.01080393 0.023 0.005507707 0.009499788 0.01999998 0.005507707 0.009499788 0.023 0.008429765 0.007048428 0.01999998 0.008429765 0.007048428 0.023 0.01033717 0.003745496 0.02899998 -0.010302 -0.00376898 0.01999998 -0.008394598 -0.007071912 0.02899998 -0.008394598 -0.007071912 0.01999998 -0.00547254 -0.009523272 0.02899998 -0.00547254 -0.009523272 0.01999998 -0.002687096 -0.01065576 0.02899998 -0.001888275 -0.01082736 0.01999998 0.01033794 -0.003766775 0.01999998 0.01099985 -1.05631e-5 0.01999998 0.01066613 0.002675056 0.01999998 0.01033717 0.003745496 0.01999998 -0.001888275 -0.01082736 0.01999998 0.001925766 -0.010827 0.02899998 0.001925766 -0.010827 0.01999998 0.005509734 -0.00952208 0.02899998 0.005509734 -0.00952208 0.01999998 0.008431255 -0.007070124 0.02899998 0.008431255 -0.007070124 0.02899998 0.01033794 -0.003766775 0.01999998 -0.01096749 0.02598708 -0.01779997 -0.01096749 0.02598708 -0.01779997 0.03403246 0.02599185 -0.01779997 0.03989559 0.02599251 -0.01739996 0.03989559 0.02599251 -0.01779997 0.03900712 0.02599239 0.01959997 0.03989559 0.02599251 0.01999998 0.03989559 0.02599251 0.01999998 0.03900712 0.02599239 -0.02079999 0.03403246 0.02599185 -0.02079999 0.03900712 0.02599239 0.01999998 0.03403246 0.02599185 0.023 0.03403246 0.02599185 0.023 0.03900712 0.02599239 -0.01779997 -0.01096463 -6.22255e-4 -0.02679997 -0.01096463 -6.22255e-4 -0.02679997 -0.01011765 -0.004271328 -0.02079999 -0.01096481 6.19914e-4 -0.01779997 -0.01096481 6.19914e-4 -0.01779997 -0.01011854 0.004269182 -0.02079999 -0.01011854 0.004269182 -0.01779997 -0.008094966 0.007421672 -0.02079999 -0.008094966 0.007421672 -0.01779997 -0.005129575 0.009710729 -0.02079999 -0.005129575 0.009710729 -0.01779997 -0.002693295 0.01064693 -0.02079999 -0.001567304 0.01086986 -0.01779997 -0.001567304 0.01086986 -0.01779997 0.002177238 0.0107643 -0.02079999 0.002177238 0.0107643 -0.01779997 0.00566852 0.009406268 -0.02079999 0.00566852 0.009406268 -0.01779997 0.008500277 0.006953835 -0.02079999 0.008500277 0.006953835 -0.01779997 0.01034301 0.003692269 -0.02079999 0.01034301 0.003692269 -0.01779997 0.01098227 1.17184e-6 -0.02079999 0.01098227 1.17184e-6 -0.02079999 0.01098227 -1.05649e-5 -0.02679997 0.01034379 -0.003690063 -0.02679997 0.01098227 -1.05649e-5 -0.01779997 -0.01011765 -0.004271328 -0.02679997 -0.008093416 -0.0074234 -0.01779997 -0.008093416 -0.0074234 -0.02679997 -0.005127489 -0.009711802 -0.01779997 -0.005127489 -0.009711802 -0.02679997 -0.001564979 -0.01087021 -0.01779997 -0.001564979 -0.01087021 -0.02679997 0.002179563 -0.01076382 -0.01779997 0.002179563 -0.01076382 -0.02679997 0.002678453 -0.01065063 -0.01779997 0.005670547 -0.009405076 -0.01779997 0.01065248 -0.002671122 -0.01779997 0.01034379 -0.003690063 -0.01779997 0.008501768 -0.006952047 -0.02679997 0.008501768 -0.006952047 -0.02679997 0.005670547 -0.009405076 0.01959997 0.04100698 0.02699261 -0.02679997 0.06100583 0.03799474 -0.02679997 0.002645909 0.03798854 -0.02679997 -0.0109688 0.03798705 -0.02679997 0.06100648 0.03199476 -0.02679997 0.04100644 0.03199261 0.02899998 0.06100648 0.03199476 0.02899998 0.04100644 0.03199261 0.02899998 0.06100583 0.03799474 0.02899998 0.002645909 0.03798854 0.02899998 -0.01096874 0.03798705 -0.01779997 -0.003507137 -0.002025365 -0.01779997 -0.002977311 -0.002745509 -0.02679997 -0.003507137 -0.002025365 -0.01779997 -0.002744853 -0.002977907 -0.02679997 -0.00202459 -0.003507614 -0.01779997 -0.00202459 -0.003507614 -0.02679997 4.30962e-7 -0.004049956 -0.01779997 4.31356e-7 -0.004049956 -0.02679997 0.002025365 -0.003507137 -0.01779997 0.002025365 -0.003507137 -0.02679997 0.002745509 -0.002977311 -0.01779997 0.002977907 -0.002744853 -0.02679997 0.003507614 -0.00202459 -0.01779997 0.003507614 -0.00202459 -0.02679997 0.004049956 4.32134e-7 -0.01779997 0.004049956 4.32134e-7 -0.02679997 0.003507137 0.002025365 -0.01779997 0.003507137 0.002025365 -0.02679997 0.002977311 0.002745509 -0.01779997 0.00202459 0.003507614 -0.02679997 0.002744853 0.002977907 -0.01779997 -0.004049956 -4.32134e-7 -0.02679997 -0.004049956 -4.32134e-7 -0.01779997 -0.003507614 0.00202459 -0.02679997 -0.003507614 0.00202459 -0.01779997 -0.002745509 0.002977311 -0.02679997 -0.002977907 0.002744853 -0.01779997 -0.002025365 0.003507137 -0.02679997 -0.002025365 0.003507137 -0.01779997 -4.32795e-7 0.004049956 -0.02679997 -4.33189e-7 0.004049956 -0.02679997 0.00202459 0.003507614 0.02899998 0.002025365 -0.003507137 0.02899998 0.002745509 -0.002977311 0.01999998 0.002025365 -0.003507137 0.02899998 0.002977907 -0.002744853 0.01999998 0.003507614 -0.00202459 0.02899998 0.003507614 -0.00202459 0.01999998 0.004049956 4.32134e-7 0.02899998 0.004049956 4.32134e-7 0.01999998 0.003507137 0.002025365 0.02899998 0.003507137 0.002025365 0.01999998 0.002977311 0.002745509 0.02899998 0.002744853 0.002977907 0.01999998 0.00202459 0.003507614 0.02899998 0.00202459 0.003507614 0.01999998 -4.31143e-7 0.004049956 0.02899998 -4.3075e-7 0.004049956 0.01999998 -0.002025365 0.003507137 0.02899998 -0.002025365 0.003507137 0.01999998 -0.002745509 0.002977311 0.02899998 -0.003507614 0.00202459 0.01999998 -0.002977907 0.002744853 0.02899998 4.33401e-7 -0.004049956 0.01999998 4.33008e-7 -0.004049956 0.02899998 -0.00202459 -0.003507614 0.01999998 -0.00202459 -0.003507614 0.02899998 -0.002977311 -0.002745509 0.01999998 -0.002744853 -0.002977907 0.02899998 -0.003507137 -0.002025365 0.01999998 -0.003507137 -0.002025365 0.02899998 -0.004049956 -4.32134e-7 0.01999998 -0.004049956 -4.32134e-7 0.01999998 -0.003507614 0.00202459 -0.01779997 -0.001250803 0.007999837 -0.02679997 -0.001250803 0.007999837 -0.01779997 -0.001083433 0.008624851 -0.02679997 -0.001083433 0.008624851 -0.01779997 -6.2597e-4 0.009082436 -0.02679997 -6.25971e-4 0.009082436 -0.01779997 -9.87747e-7 0.009249985 -0.02679997 -9.8814e-7 0.009249985 -0.01779997 6.24031e-4 0.009082555 -0.02679997 6.2403e-4 0.009082555 -0.01779997 0.001081585 0.00862509 -0.02679997 0.001081585 0.00862509 -0.01779997 0.001249134 0.008000075 -0.02679997 0.001249134 0.008000075 -0.01779997 0.001081705 0.007375061 -0.02679997 0.001081705 0.007375061 -0.01779997 6.24261e-4 0.006917476 -0.02679997 6.24261e-4 0.006917476 -0.01779997 -7.2104e-7 0.006749987 -0.02679997 -7.21433e-7 0.006749987 -0.01779997 -6.25739e-4 0.006917357 -0.02679997 -6.25739e-4 0.006917357 -0.01779997 -0.001083314 0.007374882 -0.02679997 -0.001083314 0.007374882 0.02899998 -0.001250803 0.007999837 0.01999998 -0.001250803 0.007999837 0.02899998 -0.001083433 0.008624851 0.01999998 -0.001083433 0.008624851 0.02899998 -6.25968e-4 0.009082436 0.01999998 -6.25969e-4 0.009082436 0.02899998 -9.85701e-7 0.009249985 0.01999998 -9.86095e-7 0.009249985 0.02899998 6.24033e-4 0.009082555 0.01999998 6.24032e-4 0.009082555 0.02899998 0.001081585 0.00862509 0.01999998 0.001081585 0.00862509 0.02899998 0.001249134 0.008000075 0.01999998 0.001249134 0.008000075 0.02899998 0.001081705 0.007375061 0.01999998 0.001081705 0.007375061 0.02899998 6.24263e-4 0.006917476 0.01999998 6.24263e-4 0.006917476 0.02899998 -7.18994e-7 0.006749987 0.01999998 -7.19387e-7 0.006749987 0.02899998 -6.25737e-4 0.006917357 0.01999998 -6.25737e-4 0.006917357 0.02899998 -0.001083314 0.007374882 0.01999998 -0.001083314 0.007374882 -0.01779997 0.006749987 7.20262e-7 -0.02679997 0.006749987 7.20262e-7 -0.01779997 0.006917357 6.25738e-4 -0.02679997 0.006917357 6.25738e-4 -0.01779997 0.007374882 0.001083314 -0.02679997 0.007374882 0.001083314 -0.01779997 0.007999837 0.001250803 -0.02679997 0.007999837 0.001250803 -0.01779997 0.008624851 0.001083433 -0.02679997 0.008624851 0.001083433 -0.01779997 0.009082436 6.25969e-4 -0.02679997 0.009082436 6.25969e-4 -0.01779997 0.009249985 9.86969e-7 -0.02679997 0.009249985 9.86969e-7 -0.01779997 0.009082555 -6.24031e-4 -0.02679997 0.009082555 -6.24031e-4 -0.01779997 0.00862509 -0.001081585 -0.02679997 0.00862509 -0.001081585 -0.01779997 0.008000075 -0.001249134 -0.02679997 0.008000075 -0.001249134 -0.01779997 0.007375061 -0.001081705 -0.02679997 0.007375061 -0.001081705 -0.01779997 0.006917476 -6.24262e-4 -0.02679997 0.006917476 -6.24262e-4 0.02899998 0.006749987 7.20262e-7 0.01999998 0.006749987 7.20262e-7 0.02899998 0.006917357 6.25738e-4 0.01999998 0.006917357 6.25738e-4 0.02899998 0.007374882 0.001083314 0.01999998 0.007374882 0.001083314 0.02899998 0.007999837 0.001250803 0.01999998 0.007999837 0.001250803 0.02899998 0.008624851 0.001083433 0.01999998 0.008624851 0.001083433 0.02899998 0.009082436 6.25969e-4 0.01999998 0.009082436 6.25969e-4 0.02899998 0.009249985 9.86969e-7 0.01999998 0.009249985 9.86969e-7 0.02899998 0.009082555 -6.24031e-4 0.01999998 0.009082555 -6.24031e-4 0.02899998 0.00862509 -0.001081585 0.01999998 0.00862509 -0.001081585 0.02899998 0.008000135 -0.001249134 0.01999998 0.008000135 -0.001249134 0.02899998 0.007375061 -0.001081705 0.01999998 0.007375061 -0.001081705 0.02899998 0.006917536 -6.24262e-4 0.01999998 0.006917536 -6.24262e-4 -0.01779997 -0.009249985 -9.86969e-7 -0.02679997 -0.009249985 -9.86969e-7 -0.01779997 -0.009082555 6.24031e-4 -0.02679997 -0.009082555 6.24031e-4 -0.01779997 -0.00862509 0.001081585 -0.02679997 -0.00862509 0.001081585 -0.01779997 -0.008000075 0.001249134 -0.02679997 -0.008000075 0.001249134 -0.01779997 -0.007375061 0.001081705 -0.02679997 -0.007375061 0.001081705 -0.01779997 -0.006917476 6.24262e-4 -0.02679997 -0.006917476 6.24262e-4 -0.01779997 -0.006749987 -7.20145e-7 -0.02679997 -0.006749987 -7.20145e-7 -0.01779997 -0.006917357 -6.25738e-4 -0.02679997 -0.006917357 -6.25738e-4 -0.01779997 -0.007374882 -0.001083314 -0.02679997 -0.007374882 -0.001083314 -0.01779997 -0.007999837 -0.001250803 -0.02679997 -0.007999837 -0.001250803 -0.01779997 -0.008624851 -0.001083433 -0.02679997 -0.008624851 -0.001083433 -0.01779997 -0.009082436 -6.25969e-4 -0.02679997 -0.009082436 -6.25969e-4 0.02899998 -0.009249985 -9.86969e-7 0.01999998 -0.009249985 -9.86969e-7 0.02899998 -0.009082555 6.24031e-4 0.01999998 -0.009082555 6.24031e-4 0.02899998 -0.00862509 0.001081585 0.01999998 -0.00862509 0.001081585 0.02899998 -0.008000075 0.001249134 0.01999998 -0.008000075 0.001249134 0.02899998 -0.007375061 0.001081705 0.01999998 -0.007375061 0.001081705 0.02899998 -0.006917476 6.24262e-4 0.01999998 -0.006917476 6.24262e-4 0.02899998 -0.006749987 -7.20145e-7 0.01999998 -0.006749987 -7.20145e-7 0.02899998 -0.006917357 -6.25738e-4 0.01999998 -0.006917357 -6.25738e-4 0.02899998 -0.007374882 -0.001083314 0.01999998 -0.007374882 -0.001083314 0.02899998 -0.007999837 -0.001250803 0.01999998 -0.007999837 -0.001250803 0.02899998 -0.008624851 -0.001083433 0.01999998 -0.008624851 -0.001083433 0.02899998 -0.009082436 -6.25969e-4 0.01999998 -0.009082436 -6.25969e-4 -0.01779997 -0.001249134 -0.008000075 -0.02679997 -0.001249134 -0.008000075 -0.01779997 -0.001081705 -0.007375061 -0.02679997 -0.001081705 -0.007375061 -0.01779997 -6.24263e-4 -0.006917476 -0.02679997 -6.24263e-4 -0.006917476 -0.01779997 7.19483e-7 -0.006749987 -0.02679997 7.1909e-7 -0.006749987 -0.01779997 6.25738e-4 -0.006917357 -0.02679997 6.25737e-4 -0.006917357 -0.01779997 0.001083314 -0.007374882 -0.02679997 0.001083314 -0.007374882 -0.01779997 0.001250803 -0.007999837 -0.02679997 0.001250803 -0.007999837 -0.01779997 0.001083433 -0.008624851 -0.02679997 0.001083433 -0.008624851 -0.01779997 6.25969e-4 -0.009082436 -0.02679997 6.25968e-4 -0.009082436 -0.01779997 9.86191e-7 -0.009249985 -0.02679997 9.85798e-7 -0.009249985 -0.01779997 -6.24032e-4 -0.009082555 -0.02679997 -6.24032e-4 -0.009082555 -0.01779997 -0.001081585 -0.00862509 -0.02679997 -0.001081585 -0.00862509 0.02899998 -0.001249134 -0.008000075 0.01999998 -0.001249134 -0.008000075 0.02899998 -0.001081705 -0.007375061 0.01999998 -0.001081705 -0.007375061 0.02899998 -6.24261e-4 -0.006917476 0.01999998 -6.24261e-4 -0.006917476 0.02899998 7.21529e-7 -0.006749987 0.01999998 7.21136e-7 -0.006749987 0.02899998 6.2574e-4 -0.006917357 0.01999998 6.25739e-4 -0.006917357 0.02899998 0.001083314 -0.007374882 0.01999998 0.001083314 -0.007374882 0.02899998 0.001250803 -0.007999837 0.01999998 0.001250803 -0.007999837 0.02899998 0.001083433 -0.008624851 0.01999998 0.001083433 -0.008624851 0.02899998 6.25971e-4 -0.009082436 0.01999998 6.2597e-4 -0.009082436 0.02899998 9.88237e-7 -0.009249985 0.01999998 9.87843e-7 -0.009249985 0.02899998 -6.2403e-4 -0.009082555 0.01999998 -6.2403e-4 -0.009082555 0.02899998 -0.001081585 -0.00862509 0.01999998 -0.001081585 -0.00862509 -0.02679997 0.01099985 -1.05631e-5 -0.02679997 0.04100698 0.02699261 -0.02679997 -0.01096498 0.00264883 -0.02079999 0.01099985 -1.05631e-5 -0.02079999 0.04100698 0.02699261 -0.02079999 0.0410068 0.02899259 -0.02079999 0.039007 0.02699238 -0.02079999 0.03403276 0.02299189 -0.02079999 -0.01096719 0.02298706 -0.01779997 0.0410068 0.02899259 -0.01779997 0.04100698 0.02699261 -0.01779997 0.039007 0.02699238 0.01999998 0.04100698 0.02699261 0.01999998 0.0410068 0.02899259 0.023 0.0410068 0.02899259 -0.01739996 0.04100698 0.02699261 0.023 0.03403276 0.02299189 0.023 0.039007 0.02699238 0.023 -0.01096719 0.02298706 0.01999998 0.039007 0.02699238</float_array>
          <technique_common>
            <accessor source="#C-mesh-positions-array" count="3471" stride="3">
              <param name="X" type="float"/>
              <param name="Y" type="float"/>
              <param name="Z" type="float"/>
            </accessor>
          </technique_common>
        </source>
        <source id="C-mesh-normals">
          <float_array id="C-mesh-normals-array" count="16185">1 -5.68434e-6 0 1 0 0 1 2.84216e-6 0 1 1.06581e-6 0 1 2.84217e-6 0 1 5.68433e-6 0 1 -2.84216e-6 0 1 3.55271e-7 0 1 -2.84217e-6 0 1 -2.13163e-6 0 1 -7.1054e-7 0 1 2.84218e-6 0 1 7.1054e-7 0 1 3.55272e-7 0 1 -2.84217e-6 0 1 -7.10542e-7 0 1 2.84217e-6 0 1 5.68434e-6 0 1 -4.26326e-6 0 1 2.84217e-6 0 1 -1.06581e-6 0 1 -7.10543e-7 0 1 3.55273e-7 0 1 2.84217e-6 0 1 -1.42109e-6 0 1 -7.10542e-7 0 1 -2.30512e-6 0 1 3.88431e-6 0 1 -4.67888e-6 0 1 1.91172e-6 0 1 -3.72653e-6 0 1 3.59949e-6 0 1 1.64184e-6 0 1 2.30513e-6 0 1 -3.88432e-6 0 1 -1.91173e-6 0 1 9.64399e-6 0 1 -3.72653e-6 0 1 -4.61027e-6 0 1 3.88433e-6 0 1 -9.35773e-6 0 1 1.86327e-6 0 1 1.64184e-6 0 1 4.61026e-6 0 1 3.8843e-6 0 1 1.91173e-6 0 1 -1.86327e-6 0 1 2.30513e-6 0 1 -1.91173e-6 0 1 1.86326e-6 0 1 -8.20917e-7 0 1 2.30513e-6 0 1 3.88431e-6 0 1 3.82345e-6 0 1 -9.64401e-6 0 1 1.86327e-6 0 1 -3.59948e-6 0 1 6.89882e-6 0 1 1.17773e-5 0 1 -6.56739e-6 0 1 -3.82346e-6 0 1 1.86326e-6 0 1 -8.20918e-7 0 1 -3.88433e-6 0 1 9.35775e-6 0 1 -2.44723e-6 0 1 -5.00153e-6 0 1 -2.40595e-6 0 1 -3.02018e-6 0 1 -1.33486e-6 0 1 2.50076e-6 0 1 3.27983e-7 0 1 -1.69833e-6 0 1 1.35063e-6 0 1 2.66972e-6 0 1 -2.50077e-6 0 1 2.57954e-6 0 1 -2.40595e-6 0 1 -2.40594e-6 0 1 1.35867e-6 0 1 2.44723e-6 0 1 -2.50077e-6 0 1 -5.24774e-6 0 1 3.02018e-6 0 1 -2.70126e-6 0 1 2.57954e-6 0 1 5.15908e-6 0 1 -2.40595e-6 0 1 2.71734e-6 0 1 -2.41615e-6 0 1 -3.67085e-6 0 1 5.00153e-6 0 1 3.22443e-6 0 1 -2.40595e-6 0 0 0.8915657 0.4528915 0 0.891567 0.4528889 0 -0.4528882 0.8915674 0 -0.4528911 0.8915659 0 0.4528911 -0.8915659 0 0.4528948 -0.891564 1 -5.6814e-6 0 1 3.52054e-6 0 1 7.56523e-6 0 1 -6.24404e-7 0 1 9.75668e-7 0 1 -4.26755e-6 0 1 -7.35145e-5 0 1 2.74911e-6 0 1 6.27064e-7 0 1 3.5818e-6 0 1 7.75466e-7 0 1 3.37043e-7 0 1 2.85695e-6 0 1 2.89412e-6 0 1 9.89244e-7 0 1 6.84229e-7 0 1 -3.63624e-6 0 1 2.09326e-6 0 1 -2.59158e-6 0 1 -4.56884e-6 0 1 2.23169e-6 0 1 9.2114e-7 0 1 -6.45048e-7 0 1 1.80755e-6 0 1 -3.24254e-6 0 1 4.231e-6 0 1 -5.48889e-7 0 1 1.14997e-6 0 1 4.4276e-7 0 1 -1.28202e-6 0 1 1.71331e-6 0 1 -2.36414e-6 0 1 1.76333e-5 0 1 -6.97686e-7 0 1 -8.01268e-7 0 1 -6.82025e-7 0 1 8.79906e-7 0 1 -1.15978e-6 0 1 5.68141e-6 0 1 -9.31274e-6 0 1 -4.6205e-7 0 1 -1.56955e-6 0 1 2.38771e-6 0 1 1.08304e-6 0 1 -1.38249e-6 0 1 9.08823e-7 0 1 2.77537e-7 0 1 -9.551e-6 0 1 3.13908e-5 0 1 -1.13629e-5 0 1 -5.10072e-7 0 1 1.19582e-6 0 1 3.04237e-6 0 1 -2.30667e-6 0 1 -7.72766e-7 0 1 -4.61332e-6 0 1 -1.54553e-6 0 1 5.77217e-6 0 1 -6.05967e-6 0 1 1.46899e-6 0 1 2.3637e-6 0 1 8.65118e-7 0 1 -1.45432e-5 0 1 -3.29234e-7 0 1 1.87652e-6 0 1 -1.269e-6 0 1 1.14089e-6 0 1 7.71625e-6 0 1 -6.38522e-7 0 1 3.4029e-6 0 1 -1.79791e-6 0 1 -3.48711e-6 0 1 -1.213e-6 0 1 5.78877e-7 0 1 1.5044e-5 0 1 -2.8407e-6 0 1 7.7618e-6 0 1 -1.13629e-5 0 1 -1.25563e-5 0 1 -4.77547e-6 0 1 6.51466e-6 0 1 -1.27704e-6 0 1 6.38522e-7 0 1 4.2157e-6 0 1 4.46339e-6 0 1 -1.07173e-6 0 1 -1.84228e-6 0 1 -8.97634e-7 0 1 5.19477e-6 0 1 -2.24408e-6 0 1 3.13911e-6 0 1 -2.84067e-6 0 1 -5.78877e-7 0 1 1.07885e-6 0 1 -1.213e-6 0 1 -5.55074e-7 0 1 3.48711e-6 0 1 -1.82807e-7 0 1 1.8482e-6 0 1 -7.76181e-6 0 1 1.13629e-5 0 1 -1.15443e-5 0 1 -9.69553e-6 0 1 -9.75668e-7 0 1 2.91962e-6 0 1 -2.6149e-6 0 1 2.46759e-6 0 1 6.87276e-6 0 1 7.71628e-6 0 1 -2.74911e-6 0 1 4.27326e-6 0 1 -1.66836e-6 0 1 1.24074e-5 0 1 -4.39051e-6 0 -1 0 0 -1 -6.87754e-7 0 -1 2.17415e-5 0 -1 -1.15675e-6 0 -1 3.479e-7 0 -1 7.31106e-7 0 -1 3.39709e-7 0 -1 1.11034e-6 0 -1 -1.62813e-6 0 -1 1.9553e-6 0 -1 5.49566e-7 0 -1 -5.4361e-6 0 -1 -1.52853e-6 0 -1 -1.69932e-6 0 -1 1.2162e-7 0 -1 1.10016e-6 0 -1 -9.75898e-7 0 -1 -8.57711e-7 0 -1 -2.28305e-7 0 -1 5.52215e-5 0 -1 -4.32236e-6 0 -1 -3.66712e-7 0 -1 8.55284e-7 0 -1 -2.74749e-7 0 -1 -2.44428e-7 0 -1 4.87294e-7 0 -1 -2.44447e-7 0 -1 -7.30217e-7 0 -1 2.44469e-7 0 -1 -9.35385e-7 0 -1 -1.65811e-7 0 -1 1.70068e-6 0 -1 3.8e-6 0 -1 -1.01902e-6 0 -1 -5.32983e-6 0 -1 1.05165e-5 0 0 0.934588 0.3557323 0 0.9345875 0.3557334 0 0.9801402 0.1983058 0 0.9801405 0.198305 0 0.9993679 0.03555268 0 0.9993679 0.03555077 0 0.9917539 -0.1281573 0 0.9917538 -0.1281582 0 0.9575033 -0.2884227 0 0.9575032 -0.288423 0 0.8975352 -0.4409431 0 0.8975349 -0.4409434 0 0.8134611 -0.5816194 0 0.813461 -0.5816196 0 0.707538 -0.7066754 0 0.7075375 -0.7066759 0 0.5826128 -0.81275 -1.25353e-7 0.5826129 -0.8127499 0 0.4420381 -0.8969963 1.31045e-7 0.4420379 -0.8969964 0 0.2895911 -0.9571505 -1.38385e-7 0.2895909 -0.9571505 0 0.129368 -0.9915967 0 0.1293678 -0.9915967 0 -0.03433215 -0.9994105 -1.4822e-7 -0.03433215 -0.9994105 -4.78928e-7 -0.197108 -0.9803819 3.51105e-7 -0.197108 -0.9803819 2.39464e-7 -0.3545918 -0.9350212 0 -0.3545914 -0.9350215 2.39464e-7 -0.5025507 -0.8645477 0 -0.5025502 -0.8645481 0 -0.6370127 -0.7708534 0 -0.6370127 -0.7708534 1.19732e-7 -0.754365 -0.6564553 0 -0.7543643 -0.6564561 0 -0.8514558 -0.5244265 0 -0.8514564 -0.5244255 0 -0.9256775 -0.3783136 0 -0.9256782 -0.3783121 0 -0.9750388 -0.2220347 0 -0.9750384 -0.2220367 0 -0.9982104 -0.05979883 0 -0.9982104 -0.05979895 0 -0.9945724 0.104048 0 -0.9945724 0.1040481 0 -0.9642215 0.2650979 0 -0.9642217 0.2650973 0 -0.9079733 0.4190281 0 -0.9079728 0.4190294 0 -0.8273384 0.5617039 0 -0.8273382 0.5617041 0 -0.724482 0.6892938 0 -0.7244815 0.6892942 0 -0.6021678 0.7983696 0 -0.6021678 0.7983696 2.39464e-7 -0.4636796 0.8860029 0 -0.4636795 0.8860031 0 -0.3127378 0.9498395 1.34982e-7 -0.3127374 0.9498397 4.78928e-7 -0.1533977 0.9881646 -4.85518e-7 -0.1533977 0.9881646 0 0.01006454 0.9999494 0 0.01006454 0.9999494 0 0.1732544 0.9848772 1.31886e-7 0.1732542 0.9848772 0 0.331793 0.9433522 1.95104e-7 0.331793 0.9433522 0 0.4814188 0.8764907 -1.43994e-7 0.4814182 0.876491 0 0.6181149 0.7860879 0 0.6181145 0.7860881 -2.39464e-7 0.7382086 0.6745725 0 0.7382082 0.674573 0 0.8384761 0.5449385 0 0.8384765 0.544938 0 -0.565391 0.8248231 0 -0.7596057 0.650384 0 -0.9020542 0.4316228 0 -0.9020539 0.4316235 0 -0.9830296 0.183447 0 -0.9970133 -0.07723009 0 -0.9970133 -0.07723021 0 -0.9430519 -0.3326457 0 -0.8248236 -0.5653902 0 -0.8248242 -0.5653894 0 -0.6503838 -0.7596058 0 -0.4316225 -0.9020544 0 -0.4316232 -0.902054 0 -0.1834469 -0.9830296 3.33979e-7 -0.1834469 -0.9830296 0 0.07723033 -0.9970133 0 0.07723045 -0.9970133 -4.30118e-7 0.3326448 -0.9430522 0 0.3326448 -0.9430522 0 0.5653908 -0.8248232 0 0.565391 -0.8248231 0 0.7596057 -0.650384 0 0.7596052 -0.6503845 0 0.9020541 -0.4316231 0 0.9830296 -0.183447 0 0.9830298 -0.1834462 0 0.9970133 0.07723021 0 0.9430524 0.3326444 0 0.9430522 0.3326449 0 0.8248232 0.5653908 0 0.6503847 0.759605 0 0.6503845 0.7596052 0 0.4316226 0.9020543 0 0.4316232 0.9020541 0 0.1834469 0.9830296 -3.33979e-7 0.1834468 0.9830296 0 -0.07723081 0.9970133 0 -0.07723093 0.9970133 -4.30118e-7 -0.3326448 0.9430522 0 -0.3326448 0.9430522 0 -0.5653907 0.8248233 0 -0.2431486 0.9699891 0 -0.243143 0.9699905 0 0.2017962 0.9794276 0 0.6067756 0.7948732 0 0.60677 0.7948775 0 0.8915666 0.4528897 0 0.8915661 0.4528908 0 0.9997751 0.02120876 0 0.9997752 0.02120739 0 0.9099709 -0.4146721 0 0.9099671 -0.4146804 0 0.6399323 -0.7684313 0 0.6399259 -0.7684367 0 0.2431485 -0.9699891 0 -0.2018017 -0.9794265 0 -0.2017965 -0.9794275 0 -0.6067684 -0.7948787 0 -0.6067687 -0.7948786 0 -0.8915658 -0.4528913 0 -0.8915661 -0.4528908 0 -0.9997751 -0.02120649 0 -0.9997752 -0.02120667 0 -0.9099675 0.4146799 0 -0.6399259 0.7684367 0 -0.6399323 0.7684313 0 -0.2431479 0.9699892 0 -0.2431427 0.9699906 0 0.606777 0.7948723 0 0.6067714 0.7948765 0 0.8915655 0.4528918 0 0.9997751 0.02121007 0 0.9099662 -0.4146827 0 0.9099681 -0.4146781 0 0.6399252 -0.7684372 0 0.6399303 -0.7684331 0 0.243144 -0.9699902 0 -0.2017962 -0.9794276 0 -0.6067674 -0.7948795 0 -0.6067694 -0.794878 0 -0.9997752 -0.02120512 0 -0.9997752 -0.02120602 0 -0.9099671 0.4146804 0 -0.6399279 0.768435 0 -0.639933 0.7684308 0 -0.2431485 0.9699891 0 0.2018014 0.9794265 0 0.2017961 0.9794276 0 0.6067694 0.794878 0 0.8915658 0.4528913 0 0.8915663 0.4528902 0 0.909967 -0.414681 0 0.2431434 -0.9699904 0 -0.201802 -0.9794264 0 -0.6067749 -0.7948737 0 -0.9997752 -0.02120739 0 -0.9997752 -0.02120327 0 -0.9099719 0.4146699 0 -0.9099681 0.4146781 0 -0.6399252 0.7684372 0 -0.2431434 0.9699904 0 0.2017967 0.9794275 0 0.6067687 0.7948786 0 0.9997751 0.02120649 0 0.9997752 0.02120602 0 0.9099677 -0.4146793 0 -0.60677 -0.7948775 0 -0.8915655 -0.4528918 0 -0.8915677 -0.4528875 0 -0.9997751 -0.02120786 0 -0.9099662 0.4146827 0 -0.6399266 0.7684361 0 -0.206704 0.9784036 0 -0.206704 0.9784035 0 0.3101887 0.950675 0 0.7439683 0.6682149 0 0.7439687 0.6682144 0 0.9784031 0.2067064 0 0.9784033 0.2067057 0 0.950675 -0.3101889 0 0.9506747 -0.3101898 -3.66043e-7 0.6682157 -0.7439677 0 0.6682161 -0.7439672 0 0.2067054 -0.9784033 0 -0.3101875 -0.9506755 3.66044e-7 -0.3101873 -0.9506756 0 -0.743969 -0.6682141 0 -0.7439687 -0.6682144 0 -0.9784031 -0.2067064 0 -0.9506752 0.3101882 0 -0.9506753 0.310188 0 -0.6682153 0.743968 0 -0.6682149 0.7439683 0 -0.2067059 0.9784032 0 -0.2067053 0.9784033 0 0.7439676 0.6682157 0 0.9784036 0.2067036 0 0.9506751 -0.3101885 0 0.950676 -0.3101858 0 0.6682124 -0.7439706 0 0.6682149 -0.7439684 0 0.2067061 -0.9784032 0 0.2067062 -0.9784031 0 -0.3101897 -0.9506747 0 -0.3101888 -0.950675 0 -0.7439684 -0.6682149 0 -0.9784031 -0.2067066 0 -0.9784036 -0.2067036 0 -0.950675 0.3101887 0 -0.950676 0.3101858 0 -0.6682142 0.743969 -3.66044e-7 -0.206703 0.9784038 3.66045e-7 -0.2067034 0.9784037 -3.66043e-7 0.3101868 0.9506757 0 0.3101873 0.9506756 0 0.7439698 0.6682133 0 0.7439702 0.6682128 0 0.9784024 0.2067093 0 0.9784027 0.2067081 0 0.9506754 -0.3101876 -1.83021e-7 0.9506741 -0.3101915 0 0.6682147 -0.7439685 0 0.6682152 -0.7439681 0 0.2067069 -0.978403 0 0.2067068 -0.978403 0 -0.3101882 -0.9506752 0 -0.310188 -0.9506753 0 -0.7439708 -0.6682121 0 -0.7439705 -0.6682125 0 -0.9784026 -0.2067087 0 -0.9784025 -0.2067088 0 -0.9506745 0.3101907 0 -0.6682166 0.7439668 3.66043e-7 -0.6682169 0.7439665 0 -0.2067055 0.9784032 0 0.3101897 0.9506747 0 0.3101888 0.950675 0 0.7439705 0.6682125 0 0.9784031 0.2067066 0 0.9784024 0.2067095 0 0.9506742 -0.3101911 0 0.6682167 -0.7439667 0 0.6682153 -0.743968 0 0.2067052 -0.9784033 0 0.2067058 -0.9784032 0 -0.3101877 -0.9506754 0 -0.310186 -0.950676 0 -0.9784024 -0.2067095 0 -0.9506752 0.3101882 0 -0.9506753 0.310188 0 -0.6682131 0.7439699 0.006093442 -0.2576241 0.9662261 0.006093263 0.1576488 0.9874765 0 0.05356681 0.9985643 0 -0.1552172 0.9878804 0.006093263 0.5456621 0.8379833 0 0.4550882 0.8904465 0 0.2600094 0.9656062 0.006093323 0.839325 0.5435961 0 0.77792 0.6283633 0 0.6302772 0.7763702 0.006093204 0.9878622 0.1552137 0 0.9662445 0.2576271 0 0.8915657 0.4528916 0.006093263 0.9655885 -0.2600036 0 0.9874948 -0.1576518 0 0.9986933 0.05110585 0.006093323 0.7763558 -0.6302657 0 0.837999 -0.5456719 0 0.9331386 -0.3595172 0.006093263 0.4528842 -0.8915486 0 0.5436052 -0.8393411 0 0.7062348 -0.7079778 0.006093323 0.05110448 -0.9986748 0 0.1552173 -0.9878804 0 0.3572176 -0.9340212 0.006093323 -0.3595116 -0.9331208 0 -0.2600094 -0.9656062 0 -0.05356645 -0.9985643 0.006093263 -0.707964 -0.7062222 0 -0.6302776 -0.7763699 0 -0.455088 -0.8904465 0.006093382 -0.9340044 -0.3572098 0 -0.8915653 -0.4528923 0 -0.7779197 -0.6283637 0.006093382 -0.9985458 0.05356514 0 -0.9986933 -0.05110585 0 -0.9662445 -0.2576271 0.006093382 -0.8904303 0.4550788 0 -0.9331384 0.3595173 0 -0.9874948 0.1576518 0 -0.3572176 0.9340212 0 -0.543605 0.8393413 0.006093323 -0.6283507 0.7779065 0 -0.7062348 0.7079778 0 -0.8379988 0.5456722 0.705159 -0.5007597 0.5019866 0.7051625 -0.5007523 0.501989 0.7051606 -0.5941822 0.3869059 0.7051622 -0.5941801 0.3869061 0.7051622 -0.6616381 0.2549145 0.7051628 -0.6616369 0.2549159 0.7051628 -0.7001786 0.1117824 0.7051625 -0.7001792 0.1117816 0.7051627 -0.708119 -0.03623723 0.7051618 -0.70812 -0.0362361 0.7051623 -0.6851117 -0.1826695 0.7051619 -0.6851117 -0.182671 0.7051616 -0.6321614 -0.3211218 0.7051622 -0.6321609 -0.3211216 0.7051613 -0.5515829 -0.4455379 0.7051619 -0.5515822 -0.4455378 0.7051616 -0.4468971 -0.5504817 0.7051625 -0.446895 -0.5504823 0.7051633 -0.3226729 -0.6313693 0.7051618 -0.3226808 -0.6313668 0.7051629 -0.1843546 -0.6846596 0.7051621 -0.184358 -0.6846596 0.705162 -0.0379849 -0.7080281 0.7051619 -0.03798085 -0.7080283 0.7051624 0.1100534 -0.7004529 0.7051622 0.1100558 -0.7004527 0.7051614 0.2532874 -0.6622636 0.7051623 0.2532836 -0.662264 0.7051625 0.3854398 -0.595132 0.7051615 0.3854429 -0.5951313 0.7051617 0.5007548 -0.5019878 0.7051632 0.5007512 -0.5019892 0.7051608 0.5941821 -0.3869058 0.7051615 0.5941811 -0.3869061 0.7051622 0.6616381 -0.2549145 0.7051637 0.6616359 -0.2549161 0.7051612 0.7001803 -0.1117822 0.7051615 0.7001802 -0.1117811 0.7051627 0.708119 0.03623723 0.7051627 0.708119 0.03623527 0.705162 0.6851121 0.1826694 0.7051619 0.6851115 0.1826713 0.7051625 0.6321606 0.3211213 0.7051621 0.6321607 0.3211219 0.7051608 0.5515828 0.4455386 0.7051619 0.5515823 0.4455375 0.7051639 0.4468917 0.5504832 0.7051622 0.446895 0.5504828 0.7051624 0.3226788 0.6313673 0.7051627 0.3226778 0.6313673 0.7051617 0.1843609 0.6846592 0.7051621 0.184358 0.6846594 0.7051621 0.03797841 0.7080283 0.7051619 0.03798085 0.7080283 0.7051624 -0.1100534 0.7004529 0.7051621 -0.1100559 0.7004529 0.7051615 -0.2532873 0.6622635 0.7051622 -0.2532836 0.6622641 0.7051625 -0.3854396 0.5951322 0.7051629 -0.3854393 0.5951319 0.8491212 -0.5021446 0.1638419 0.8491206 -0.3529496 0.3929641 0.8491204 -0.1638394 -0.5021467 0.8491215 -0.3929615 -0.3529505 0.8491215 -0.5167899 -0.1091836 0.8491214 0.5021451 -0.1638393 0.8491201 0.3529503 -0.3929647 0.8491212 0.1091753 -0.5167921 0.8491203 0.1638401 0.5021465 0.8491198 0.3929644 0.3529512 0.8491219 0.5167902 0.1091788 0.849121 -0.1091793 0.5167915 0 -0.2067076 0.9784028 0 -0.2067074 0.9784028 0 0.3101924 0.9506738 0 0.3101904 0.9506745 0 0.7439673 0.6682161 0 0.7439669 0.6682165 0 0.9784042 0.2067011 0 0.9784041 0.2067012 0 0.9506765 -0.3101846 0 0.9506775 -0.3101813 0 0.6682124 -0.7439706 0 0.6682137 -0.7439694 0 0.206706 -0.9784032 0 0.2067058 -0.9784032 0 -0.3101881 -0.9506752 0 -0.3101877 -0.9506753 0 -0.74397 -0.6682131 0 -0.9784026 -0.2067086 0 -0.9784021 -0.2067107 0 -0.9506741 0.3101919 0 -0.9506749 0.3101891 0 -0.6682164 0.743967 0 -0.6682136 0.7439696 0.8491211 -0.5021455 0.1638392 0.8491205 -0.3529491 0.3929647 0.8491203 -0.1638442 -0.5021455 0.8491198 -0.3929644 -0.3529512 0.8491215 -0.5167906 -0.1091801 0.849121 0.5021452 -0.163841 0.8491216 0.3529486 -0.3929629 0.8491212 0.1091794 -0.5167912 0.8491207 0.1638398 0.5021459 0.8491215 0.392961 0.3529512 0.8491209 0.5167912 0.1091815 0.8491198 -0.1091844 0.5167924 0 -0.2067053 0.9784033 0 -0.206705 0.9784033 0 0.3101887 0.9506751 0 0.3101879 0.9506753 0 0.7439683 0.668215 0 0.7439678 0.6682155 0 0.9784032 0.2067055 0 0.9784035 0.2067046 0 0.9506757 -0.3101869 0 0.9506754 -0.3101877 0 0.6682156 -0.7439677 0 0.6682146 -0.7439686 0 0.2067064 -0.978403 -4.63481e-7 0.2067063 -0.9784031 4.6348e-7 -0.310189 -0.950675 0 -0.3101891 -0.9506749 0 -0.7439704 -0.6682127 0 -0.7439686 -0.6682146 0 -0.9784034 -0.206705 0 -0.9784033 -0.2067056 0 -0.9506757 0.3101866 0 -0.9506766 0.3101841 0 -0.6682133 0.7439699 0 -0.668214 0.7439692 0.8491212 -0.5021447 0.1638414 0.8491216 -0.3529486 0.3929629 0.8491209 -0.1638395 -0.5021458 0.84912 -0.3929651 -0.35295 0.8491201 -0.5167922 -0.1091829 0.8491213 0.5021449 -0.1638402 0.8491201 0.3529499 -0.3929651 0.8491201 0.1091845 -0.516792 0.8491203 0.1638442 0.5021455 0.8491216 0.3929604 0.3529514 0.8491209 0.5167913 0.1091809 0.8491209 -0.1091795 0.5167917 0 -0.2067064 0.978403 4.6348e-7 -0.2067059 0.9784032 -4.63481e-7 0.3101895 0.9506748 0 0.3101891 0.9506749 0 0.7439686 0.6682146 0 0.7439682 0.668215 0 0.978403 0.2067066 0 0.9784037 0.2067036 0 0.9506757 -0.3101866 0 0.9506754 -0.3101874 0 0.6682142 -0.7439691 0 0.668214 -0.7439692 0 0.2067053 -0.9784033 0 0.206705 -0.9784033 0 -0.3101892 -0.9506749 4.63481e-7 -0.7439708 -0.6682121 -4.6348e-7 -0.7439686 -0.6682146 0 -0.9784032 -0.2067059 0 -0.9784028 -0.2067073 0 -0.9506757 0.3101869 0 -0.9506754 0.3101877 4.6348e-7 -0.6682156 0.7439677 -4.6348e-7 -0.6682146 0.7439686 0.8491209 -0.5021456 0.1638398 0.8491202 -0.3529514 0.3929634 0.8491199 -0.1638397 -0.5021475 0.8491219 -0.3929603 -0.3529506 0.8491218 -0.5167901 -0.10918 0.8491219 0.5021432 -0.1638423 0.8491209 0.3529493 -0.3929637 0.84912 0.1091847 -0.5167921 0.84912 0.1638422 0.5021464 0.8491213 0.3929606 0.3529521 0.8491218 0.5167901 0.1091812 0.8491201 -0.1091845 0.516792 0 -0.2067059 0.9784032 0 0.3101885 0.9506751 0 0.3101892 0.9506749 0 0.7439677 0.6682156 0 0.7439687 0.6682145 0 0.9784027 0.2067081 0 0.9784034 0.206705 0 0.9506751 -0.3101885 0 0.9506748 -0.3101894 0 0.668215 -0.7439682 0 0.6682122 -0.7439708 0 -0.3101879 -0.9506753 0 -0.7439677 -0.6682156 0 -0.7439673 -0.6682161 0 -0.9784035 -0.2067046 0 -0.9784041 -0.2067015 0 -0.9506757 0.3101869 0 -0.9506765 0.3101843 0 -0.668215 0.7439682 -3.239e-7 -0.046808 0.998904 3.23899e-7 -0.04680812 0.9989039 0 -0.5135158 0.8580802 0 -0.5135171 0.8580794 0 -0.8581888 0.5133345 3.23899e-7 -0.8581901 0.5133321 1.82194e-7 -0.9989138 0.04659628 2.02437e-7 -0.9989139 0.04659485 -2.42925e-7 0.8884795 -0.4589163 -1.6195e-7 0.8884811 -0.4589132 -1.94846e-7 0.9998772 0.01567673 -1.92315e-7 0.9998772 0.01567924 -1.6195e-7 0.8736532 0.4865491 -1.61949e-7 0.8736538 0.486548 0 0.5398103 0.8417868 0 0.5398076 0.8417884 0 -0.7071814 0.7070322 0 -0.707183 0.7070306 0 -0.7070302 -0.7071834 0 -0.7070323 -0.7071813 1 5.64694e-6 0 1 -1.00643e-6 0 0 0.7070302 0.7071834 0 0.7070325 0.7071811 0.7071092 0.4999404 0.5000563 0.7071033 0.4999518 0.5000532 0.7071039 -0.5000571 0.4999471 0.7071092 -0.5000476 0.499949 0.7071045 -0.4999511 -0.5000523 0.7071069 -0.4999448 -0.5000552 -1 5.68721e-6 0 -1 -7.06379e-6 0 -1 6.02364e-6 0 -1 -1.17991e-5 0 -1 -1.15235e-5 0 -1 -1.31567e-5 0 -1 1.36882e-5 0 -1 5.63242e-6 0 -1 -3.10709e-6 0 -1 0 0 -1 -4.04752e-6 0 -1 2.50516e-6 0 -1 -6.39773e-6 0 -1 1.05489e-6 0 -1 -5.71491e-6 0 -1 2.82521e-6 0 -1 3.074e-6 0 -1 -5.87981e-6 0 -1 6.0427e-6 0 -1 -5.92112e-6 0 -1 1.39961e-5 0 -1 -1.33609e-5 0 0 0.6166355 0.7872489 0 0.6166357 0.7872488 0 0.4103148 0.911944 0 0.1801499 0.9836392 0 0.180149 0.9836394 9.43174e-7 -0.06048476 0.9981692 0 -0.06048476 0.9981692 0 -0.2976052 0.9546891 0 -0.2976053 0.954689 0 -0.517429 0.8557261 0 -0.5174289 0.8557263 0 -0.7071813 0.7070323 0 -0.7071832 0.7070304 0 -0.8558364 0.5172467 0 -0.9547522 0.2974027 0 -0.9547527 0.297401 0 -0.9981822 0.06027036 0 -0.9981821 0.06027221 0 -0.9836008 -0.1803596 0 -0.9836009 -0.1803591 0 -0.9118555 -0.4105114 0 -0.9118568 -0.4105086 0 -0.7871186 -0.6168019 0 -0.7871168 -0.616804 0 -0.6166355 -0.7872489 0 -0.6166332 -0.7872506 0 -0.4103147 -0.911944 0 -0.4103179 -0.9119426 0 -0.1801499 -0.9836392 0 -0.1801508 -0.983639 0 0.06048524 -0.9981691 0 0.06048572 -0.9981691 0 0.2976052 -0.9546892 0 0.2976053 -0.954689 0 0.5174288 -0.8557263 0 0.517429 -0.8557261 0 0.7071813 -0.7070323 0 0.7071832 -0.7070304 0 0.8558364 -0.5172467 0 0.8558366 -0.5172464 0 0.9547522 -0.2974027 0 0.9547532 -0.2973997 0 0.9981821 -0.06027221 0 0.9981819 -0.06027269 0 0.9836007 0.18036 0 0.9118556 0.410511 0 0.9118568 0.4105086 0 0.7871183 0.6168022 0 0.787117 0.6168037 -0.701712 0.2923364 0.6497229 -0.7058402 0.2670476 0.6561061 -0.7045145 0.1278509 0.6980785 -0.6965913 0.1631954 0.6986614 -0.7066932 0.07671689 0.7033486 -0.7045146 -0.04292464 0.7083902 -0.7026354 -0.03445196 0.7107155 -0.7070786 -0.1191461 0.6970252 -0.7045144 -0.2112078 0.6775329 -0.7045138 -0.2112112 0.6775324 -0.7070044 -0.3058066 0.6376733 -0.702383 -0.3683054 0.6091053 -0.7054494 -0.3812853 0.5974636 -0.706461 -0.4693813 0.5297114 -0.7011742 -0.5042139 0.5041063 -0.7064605 -0.5298101 0.4692706 -0.7045147 -0.6073783 0.367084 -0.7006894 -0.6015146 0.3836855 -0.7070018 -0.6377367 0.3056801 -0.704515 -0.6775774 0.2110628 -0.7045143 -0.6775782 0.2110628 -0.7070776 -0.6970556 0.1189744 -0.7033191 -0.709582 0.04284518 -0.7050079 -0.7083749 0.03418904 -0.7066928 -0.7033329 -0.07686519 -0.7013081 -0.701168 -0.1285706 -0.7061784 -0.6894394 -0.1611998 -0.7045152 -0.6471339 -0.2913352 -0.6986759 -0.6625921 -0.2698588 -0.7068763 -0.6181514 -0.3438237 -0.704515 -0.5586086 -0.4377387 -0.7045131 -0.5586113 -0.4377383 -0.7045145 -0.4376196 -0.5587025 -0.7045139 -0.4376212 -0.558702 -0.7068739 -0.3436914 -0.6182277 -0.7017126 -0.2923329 -0.6497238 -0.7058402 -0.2670482 -0.6561058 -0.7045145 -0.1278509 -0.6980785 -0.6965926 -0.1631839 -0.6986629 -0.7066932 -0.07671844 -0.7033485 -0.7045145 0.04292464 -0.7083904 -0.7026355 0.03445196 -0.7107154 -0.7070795 0.1191465 -0.6970243 -0.7045143 0.2112078 -0.677533 -0.7045137 0.2112112 -0.6775326 -0.7070065 0.3058065 -0.6376709 -0.7023833 0.3683053 -0.6091051 -0.7054498 0.3812818 -0.5974653 -0.7064611 0.4693816 -0.5297108 -0.7011744 0.5042138 -0.5041062 -0.7064607 0.5298103 -0.4692701 -0.7045147 0.6073783 -0.3670842 -0.7006895 0.6015145 -0.3836855 -0.7070021 0.6377362 -0.3056809 -0.704515 0.6775776 -0.2110623 -0.7045143 0.6775782 -0.2110627 -0.7070775 0.6970556 -0.1189745 -0.7033191 0.7095819 -0.0428462 -0.705008 0.7083749 -0.03418856 -0.7066926 0.7033328 0.07686734 -0.7013091 0.701167 0.1285712 -0.7061773 0.6894409 0.1611988 -0.7045143 0.6471352 0.2913342 -0.6986758 0.6625919 0.2698594 -0.7068769 0.6181503 0.3438246 -0.7045148 0.5586087 0.437739 -0.7045134 0.5586114 0.4377375 -0.7045144 0.4376197 0.5587027 -0.7045142 0.4376205 0.5587022 -0.7068733 0.3436919 0.6182282 -0.04073733 0.5872132 0.8084065 -0.05702078 0.3084108 0.9495428 0 0.3769955 0.9262151 0 0.4858902 0.8740199 -0.048882 -1.0672e-4 0.9988046 0 0.1084265 0.9941045 0 0.2274623 0.9737869 0 -0.4324231 0.9016708 -0.03256976 -0.2974483 0.9541823 -0.01629096 -0.3090758 0.9508979 -7.00073e-7 -0.16846 0.9857085 -6.23502e-7 -0.04842019 0.9988272 0 -0.5379555 0.8429734 -0.05430817 -0.5870038 0.8077606 0 -0.6631999 0.7484423 0 -0.748582 0.6630424 -0.05430817 -0.8078857 0.5868319 2.78591e-7 -0.8430871 0.537777 5.25096e-7 -0.9017601 0.432237 -0.02987366 -0.9506659 0.3087752 -0.01494294 -0.9546457 0.2973693 3.87413e-7 -0.9737381 -0.2276712 3.88466e-7 -0.9940813 -0.1086399 -0.04888164 -0.9988046 -1.06719e-4 3.89692e-7 -0.9988374 0.04820698 3.93794e-7 -0.9857437 0.168254 -0.1051715 -0.9209982 -0.3751019 3.78509e-7 -0.9510234 -0.3091189 2.33404e-7 -0.8739159 -0.4860773 -0.04073709 -0.8082851 -0.5873803 0 -0.7871139 -0.6168078 0 -0.6166329 -0.7872509 -0.04073739 -0.5872107 -0.8084084 0 -0.4858906 -0.8740196 0 -0.3769957 -0.9262151 -0.05702167 -0.3084125 -0.9495422 -3.71136e-7 -0.2274604 -0.9737874 0 -0.1084279 -0.9941044 -0.04888111 1.06012e-4 -0.9988046 0 0.04842019 -0.9988272 0 0.16846 -0.9857085 -0.01629227 0.309078 -0.9508972 -0.03256952 0.2974463 -0.9541829 -0.05430865 0.5870039 -0.8077605 0 0.5379553 -0.8429734 0 0.4324234 -0.9016708 -0.05430859 0.8078874 -0.5868294 -2.80194e-7 0.7485794 -0.6630452 0 0.6632007 -0.7484416 -3.71912e-7 0.9857441 -0.1682521 -0.01494389 0.9546466 -0.297366 -0.02987444 0.9506654 -0.3087767 -5.25095e-7 0.9017633 -0.4322302 -5.25863e-7 0.8430868 -0.5377775 -3.8756e-7 0.9988374 -0.04820698 -0.04888218 0.9988046 1.05423e-4 -3.81697e-7 0.9940807 0.108644 1.71295e-7 0.616633 0.7872508 -5.61415e-7 0.7871136 0.6168081 -0.04073733 0.8082856 0.5873798 -4.66807e-7 0.8739143 0.4860801 -3.24437e-7 0.9510235 0.3091185 -0.1051726 0.9209984 0.3751012 -3.50337e-7 0.9737383 0.2276703 1 7.68783e-7 0 1 1.79358e-6 0 1 4.58837e-7 0 1 3.70697e-7 0 1 6.8379e-7 0 1 -1.12066e-5 0 1 9.37131e-7 0 1 -8.72057e-7 0 1 4.81684e-7 0 1 1.79999e-6 0 1 -7.30488e-7 0 1 -6.08745e-6 0 1 1.46816e-6 0 1 -1.751e-6 0 1 -3.89137e-7 0 1 -3.52093e-7 0 1 -2.52753e-6 0 1 4.24279e-7 0 1 9.51707e-7 0 1 -1.76841e-5 0 1 6.48403e-6 0 1 3.60146e-6 0 1 -1.44968e-6 0 1 1.56348e-6 0 1 -9.55505e-7 0 1 -6.90783e-7 0 1 1.62101e-6 0 1 -5.75268e-7 0 1 4.591e-6 0 1 1.16808e-6 0 1 -3.11161e-6 0 1 2.29832e-6 0 0 0.9633584 0.268218 0 0.99819 0.0601406 0 0.9981901 0.06013888 0 0.9885925 -0.1506156 0 0.9885923 -0.1506162 0 0.9349927 -0.3546671 0 0.9349929 -0.3546665 0 0.8397771 -0.5429315 0 0.8397764 -0.5429325 0 0.7071819 -0.7070317 0 0.7071822 -0.7070315 0 0.5431113 -0.8396608 -1.2521e-7 0.5431118 -0.8396604 0 0.3548662 -0.9349172 0 0.3548666 -0.934917 -2.17724e-7 0.1508264 -0.9885603 2.22749e-7 0.1508264 -0.9885603 2.17724e-7 -0.05992668 -0.9982028 0 -0.05992668 -0.9982028 -2.17724e-7 -0.2680128 -0.9634154 0 -0.2680124 -0.9634155 0 -0.2163339 -0.9763196 0 -0.2163355 -0.9763191 1.63283e-7 -0.2163355 -0.9763192 0 -0.2163355 -0.9763191 0 -0.2163357 -0.9763191 0 -0.2163352 -0.9763191 0.1014216 -0.25738 -0.9609732 0.07539927 -0.2638516 -0.9616118 0.2493422 -0.2459552 -0.9366614 0.9335897 0.0185635 -0.3578627 0.8776955 -0.1209764 -0.4636977 0.7585387 -0.1721655 -0.6284729 0.7700808 -0.1580657 -0.6180542 0.6125287 -0.2132399 -0.7611421 0.6401275 -0.1891308 -0.744625 0.4369387 -0.2443393 -0.8656691 0.4793197 -0.217759 -0.8501964 0.3067696 -0.2513573 -0.9179934 0.8758018 -0.2472377 -0.4145418 0.9535347 -0.07324355 -0.2922449 0.9912557 -0.03829365 -0.1262764 0.9946977 -0.01172637 -0.1021711 0.9996696 -0.006663084 -0.02482616 0.06313776 0.9639716 0.2584038 0.1008528 0.9622772 0.2526884 0.2312389 0.9383269 0.2570435 0.2966588 0.9240091 0.2412488 0.4222266 0.8740001 0.2405173 0.4795089 0.8494575 0.220212 0.9962449 0.08362591 0.02242785 0.9972025 0.06981706 0.02670103 0.968046 0.2440397 0.05772131 0.9660905 0.2521573 0.05555254 0.9166859 0.3846988 0.1081379 0.894922 0.4346461 0.1009819 0.8356497 0.5284185 0.1498786 0.7875914 0.5982618 0.1475902 0.724882 0.6628349 0.1876063 0.6481022 0.7379392 0.1881736 0.6129216 0.7631635 0.2047162 0.5387373 0.8136267 0.2185724 1 1.67161e-5 0 1 1.86567e-5 0 1 -1.17447e-6 0 1 2.77236e-6 0 -1.23758e-7 0.9762722 0.216547 0 0.976273 0.2165438 -3.06893e-7 0.9762732 0.2165427 0 0.976273 0.216544 0 0.976273 0.2165434 0 0.976273 0.2165439 0 -0.8899586 -0.4560413 -1.97174e-6 -0.4715648 0.8818315 0.1685277 -0.3650705 0.9155993 -1.85518e-6 -0.4216161 0.9067745 -1.85229e-6 -0.264566 0.9643677 0.08530437 -0.2095734 0.9740648 -2.39318e-6 -0.1554661 0.9878413 1.85229e-6 -0.04443079 0.9990125 0.08530437 0.01133841 0.9962905 1.58645e-6 0.0671578 0.9977424 -1.85229e-6 0.1779084 0.9840471 0.08530807 0.2316879 0.9690425 -3.05177e-6 0.2864454 0.9580966 -1.68476e-6 0.3538475 0.9353032 0.04052639 0.4417847 0.8962053 1.34339e-7 0.4558512 0.8900561 1.71408e-6 -0.8968492 -0.4423364 1.85227e-6 -0.958037 -0.2866448 0.08530563 -0.9689922 -0.2318988 -1.48666e-6 -0.9840096 -0.1781157 -1.15723e-6 -0.9999329 -0.01159399 0.1685205 -0.9847341 0.04358482 -1.28791e-6 -0.9977281 -0.06737118 0 -0.9068639 0.4214235 0.1685215 -0.8693206 0.4646314 -1.85227e-6 -0.9289653 0.3701669 -9.27583e-7 -0.9776725 0.2101346 0.1685209 -0.9506331 0.2605715 -1.21556e-6 -0.9878743 0.1552565 0.2826351 -0.8970996 -0.3396024 0 -0.8899588 -0.4560411 0 -0.7766221 -0.6299669 0 -0.6178305 -0.7863113 0 -0.6178309 -0.786311 0 -0.428358 -0.9036091 0 -0.4283581 -0.9036092 0 -0.2176142 -0.9760349 0 -0.2176144 -0.9760348 0 0.003935754 -0.9999923 0 0.003935754 -0.9999923 0 0.22529 -0.9742919 0 0.2252904 -0.9742917 0 0.4354576 -0.9002093 0 0.4354585 -0.9002088 0 0.6240006 -0.781424 0 0.624001 -0.7814236 0 0.781557 -0.623834 0 0.7815571 -0.6238338 0 0.9003018 -0.4352664 0 0.9003022 -0.4352653 0 0.9743399 -0.225082 0 0.9743396 -0.2250833 0 0.9999932 -0.003721654 0 0.9999932 -0.003721654 0 0.9759886 0.2178219 0 0.9759887 0.2178215 0 0.9035171 0.428552 0 0.9035184 0.4285492 0 0.7861787 0.6179994 0 0.7861794 0.6179984 0 0.6298009 0.7767567 0 0.629801 0.7767566 -1.26437e-7 0.4558516 0.8900558 0.6001396 -0.798078 -0.05388855 0.5987871 -0.7897021 -0.1335091 0.6004018 -0.7869109 -0.1424394 0.598361 -0.768841 -0.225494 0.6020442 -0.7649562 -0.2288777 0.5989826 -0.7488938 -0.2835102 0.599401 -0.7719727 0.211605 0.5994006 -0.771973 0.211605 0.5994008 -0.7907435 0.1242712 0.5994012 -0.7907426 0.1242749 0.5994006 -0.7996663 0.03539371 0.5994009 -0.7996661 0.03539389 0.5995763 -0.7989464 -0.04683101 0.6003804 -0.7466245 0.286523 0.6001427 -0.7518162 0.2731322 0.5999791 -0.755855 0.2621228 0.6021106 -0.6934514 0.3957121 0.6012549 -0.7004157 0.3845913 0.6004883 -0.7091897 0.3694103 0.6000248 -0.7186133 0.3515182 0.599053 -0.7438306 0.2963978 0.6024923 -0.7276098 0.3280047 0.6012009 -0.7376456 0.3073052 0.6026105 -0.6902908 0.400449 0.5993229 -0.705997 0.3773334 0.5999783 -0.6774714 0.4255099 0.6000609 -0.6763454 0.4271813 0.5998721 -0.6652449 0.4445254 0 -0.7070366 -0.7071769 3.61181e-7 -0.7070313 -0.7071823 0 -0.7070313 -0.7071822 -2.24873e-7 -0.2587159 -0.9659535 2.42648e-7 -0.2587153 -0.9659537 -4.18827e-7 -0.2587168 -0.9659532 0 -0.2587144 -0.9659539 -1.34319e-6 -0.2587168 -0.9659532 0 -0.2587167 -0.9659533 -7.27908e-7 -0.2587149 -0.9659538 9.93697e-7 -0.2587149 -0.9659538 -1.17579e-6 -0.258716 -0.9659534 0 0.9658975 0.2589251 0 0.9658975 0.2589253 -2.73934e-7 0.9658988 0.25892 8.63832e-7 0.9658986 0.2589207 -3.30202e-6 -0.2587163 -0.9659534 0 -0.2587156 -0.9659536 1.9904e-6 -0.2587161 -0.9659534 0 -0.2587177 -0.965953 -3.30202e-6 0.2587164 0.9659534 0 0.2587157 0.9659536 1.9904e-6 0.2587142 0.965954 0 0.2587177 0.965953 0.07828658 0.8995568 -0.4297312 0.00254321 0.9146495 -0.4042399 0 0.8827296 -0.4698814 0 0.9313452 -0.3641377 0 0.9459587 -0.3242872 0.02616202 0.9638989 -0.2649801 0.04269468 0.9613192 -0.2721076 0 0.9772195 -0.2122312 0 0.9853454 -0.170571 0.04126882 0.9919149 -0.1200078 0.01541268 0.9942663 -0.105816 0 0.9984866 -0.05499559 0.05284619 0.1058943 -0.9929722 0.01974964 0.1202968 -0.9925416 -8.33886e-7 0.05520546 -0.998475 0 0.1707816 -0.985309 0 0.2124463 -0.9771729 0.03749442 0.2650861 -0.9634955 0.02297002 0.2724944 -0.9618831 0 0.4321373 -0.9018079 0.04673856 0.4039937 -0.913567 0 0.3643411 -0.9312656 0 0.3244881 -0.9458898 0.0804162 -0.1056991 0.9911412 0.02220523 -0.1283811 0.9914763 7.49661e-7 -0.05520546 0.9984751 0 -0.1788117 0.9838834 0 -0.2204043 0.9754086 0.02838152 -0.2886618 0.9570104 0.07039409 -0.2718899 0.9597502 0 -0.3398715 0.9404719 0 -0.3794794 0.9252002 0.03399229 -0.4411213 0.8968035 0.06089347 -0.4304519 0.9005572 0 -0.4914745 0.8708921 0 -0.5279939 0.8492482 0.03904825 -0.5816642 0.8124914 0.05194014 -0.5767455 0.8152711 0 -0.6294016 0.7770803 0 -0.6618129 0.7496691 0.04353529 -0.7065095 0.7063632 0.04353892 -0.7065129 0.7063597 0 -0.7498112 0.6616519 0 -0.7772187 0.6292306 0.04746699 -0.8123169 0.5812816 0.03567546 -0.815979 0.5769797 0 -0.8493635 0.5278086 0 -0.8709996 0.4912838 0.05083805 -0.8962517 0.4406226 0.02836686 -0.9019667 0.4308728 0 -0.9252812 0.3792819 0 -0.9405454 0.3396681 0.05364972 -0.9560779 0.2881608 0.02160805 -0.9619718 0.2722928 0 -0.9754534 0.220206 0 -0.9839222 0.1785977 0.05589896 -0.9901977 0.1279997 0.01541113 -0.9942662 0.1058176 0 -0.9984871 0.05498772 0 -0.9658975 -0.2589251 0 -0.9658975 -0.2589249 1.63739e-6 -0.965898 -0.2589227 0 -0.9658989 -0.2589197 1 1.78979e-4 0 1 -1.02831e-5 0 1 9.52546e-6 0 1 1.70993e-5 0 1 -9.2596e-6 0 1 -9.14756e-6 0 1 8.17491e-6 0 1 -4.66688e-6 0 1 5.18433e-7 0 1 -1.85194e-5 0 1 -8.29493e-6 0 1 8.61877e-6 0 1 8.17652e-6 0 1 -8.74022e-6 0 1 -8.84117e-6 0 1 8.88347e-6 0 1 -8.0099e-6 0 1 4.48785e-6 0 1 -1.98533e-6 0 1 2.57079e-6 0 5.1343e-4 0.4004641 -0.9163125 0 -0.09886658 -0.9951007 -4.5602e-4 0.8800304 -0.4749173 0.005895495 0.2723551 0.9621788 -1.32728e-7 0.9621378 0.2725636 0.01413398 0.9743549 0.2245723 -1.56563e-7 0.9899768 0.1412299 -2.07142e-7 0.9899772 0.1412277 -0.02211833 0.9941185 0.1060146 -0.01359021 0.927009 -0.3747928 0 0.9983876 0.05676555 0 0.9979799 -0.06353145 0 0.9979798 -0.06353175 0 0.9728881 -0.2312765 0 0.9728881 -0.2312765 0 0.9461559 -0.3237113 -0.003864705 0.9370689 -0.3491231 -2.94214e-4 0.8801923 -0.4746173 -0.02530139 0.9191388 -0.3931207 -0.03488117 0.9145038 -0.403071 -0.01972925 0.919628 -0.3922946 -0.002418994 0.8942202 -0.4476208 3.02941e-4 0.8846749 -0.4662085 -0.02953559 -0.598765 0.8003801 0 -0.5423523 0.8401511 0 -0.6765379 0.7364078 -0.0270155 -0.8364455 0.5473839 0 -0.8255553 0.5643214 5.41607e-7 -0.02111816 -0.999777 0 0.1481469 -0.9889655 -8.33055e-4 0.3718158 -0.9283062 -0.007696151 0.3454314 -0.9384126 -0.02111029 0.313084 -0.9494909 0 0.2834612 -0.9589837 0 0.1481476 -0.9889653 -0.01232701 0.4394873 -0.8981642 -0.004974842 0.4373193 -0.8992925 -0.01387137 0.4404687 -0.8976608 -0.009936392 0.4359335 -0.8999241 -0.003707826 0.4226958 -0.9062641 -0.007488012 -0.01412528 -0.9998722 0 -0.0988667 -0.9951007 -3.86044e-7 -0.1828269 -0.9831452 0.001852154 -0.189778 -0.9818252 0.002020299 -0.9831041 -0.1830369 1.59866e-7 -0.9817864 -0.1899884 1.55195e-7 -0.9997726 -0.02133131 1.5518e-7 -0.9997725 -0.02133274 1.49319e-7 -0.9889968 0.1479374 1.57864e-7 -0.988997 0.1479362 1.54849e-7 -0.9497692 0.3129512 1.43013e-7 -0.9497692 0.3129515 1.32728e-7 -0.8832195 0.4689599 1.29623e-7 -0.8832191 0.4689607 1.41114e-7 -0.825553 0.5643247 -0.007825374 -0.7912353 0.6114617 1.93129e-7 -0.7747213 0.6323029 0 -0.6765382 0.7364076 0 0.2243886 0.9744998 0 0.1058292 0.9943844 -1.54498e-7 0.1058294 0.9943843 0 -0.06374448 0.9979663 0 -0.06374454 0.9979663 0 -0.2314838 0.9728388 2.03757e-7 -0.2314841 0.9728387 0 -0.3925659 0.919724 0 -0.3925663 0.9197238 0 -0.5289579 0.8486481 -0.01402044 -0.5117235 0.8590358 0 -0.569822 0.8217682 1.43792e-7 -0.7911282 -0.6116504 0.004931747 -0.7644484 -0.6446661 0 -0.84015 -0.5423541 0.004931986 -0.8624013 -0.5062014 1.19336e-7 -0.8831207 -0.4691461 1.43792e-7 -0.9197228 -0.3925687 0.004931867 -0.9355451 -0.353173 1.23979e-7 -0.9497037 -0.3131502 1.2129e-7 -0.9640427 -0.2657477 0 -0.9640415 -0.265752 0.004931628 0.4310485 0.9023154 0 0.3923687 0.919808 2.46528e-7 0.3062223 0.9519601 0.005137264 0.3129457 0.9497572 0 0.2655365 0.9641008 0.004931688 0.5773401 0.8164889 0 0.5421726 0.8402673 0 0.4689604 0.8832193 0.004931628 0.7070232 0.7071732 0 0.6763808 0.7365521 0 0.6114796 0.7912603 0.004931509 0.8163658 0.5775142 0 0.79113 0.6116482 0 0.7364068 0.6765391 0 0.9640462 0.2657348 0.00513637 0.9496903 0.3131488 0 0.9518945 0.3064263 -1.43792e-7 0.9197243 0.392565 0.00493139 0.9022238 0.4312403 0 0.8831183 0.4691503 -1.43792e-7 0.8401508 0.5423531 0 -0.2655371 -0.9641007 0 -0.2655369 -0.9641007 0 -0.3129506 -0.9497695 0.004931509 -0.3529734 -0.9356204 0.004931688 -0.506017 -0.8625094 0 -0.4689613 -0.8832188 0 -0.392369 -0.9198079 0 -0.7364079 -0.6765379 0 -0.6763814 -0.7365516 0.004931747 -0.644504 -0.764585 0 -0.6114791 -0.7912607 0 -0.5421733 -0.8402667 -0.5246577 -0.8419187 -0.1261243 -0.5164291 0.05440205 0.8546001 -0.5479013 0.1237592 0.8273378 -0.5447196 0.3623942 -0.7562745 -0.516431 -0.05440592 -0.8545988 -0.5485122 -0.1696674 -0.8187475 -0.5178765 -0.1978474 -0.8322623 -0.5479024 -0.1237565 -0.8273376 -0.5449267 0.370493 -0.7521902 -0.541312 0.7422441 -0.3950383 -0.5317964 0.8467577 0.0139383 -0.5430209 0.8395319 -0.01773375 -0.5463022 0.8358847 0.05339318 -0.5246526 0.8419224 0.1261215 -0.5441866 0.8324728 0.1041644 -0.5381221 0.8220017 0.1863812 -0.5452274 0.8155192 0.1940503 -0.5407434 0.8109399 0.2235468 -0.540417 0.7990766 0.2634884 -0.5404093 0.7990825 0.2634865 -0.540414 0.7738539 0.3303075 -0.540409 0.773858 0.3303059 -0.5404124 0.7430567 0.3947421 -0.5404118 0.7430582 0.3947402 -0.5404152 0.7069 0.4563375 -0.5404087 0.7069067 0.4563347 -0.5404143 0.6656543 0.5146424 -0.5404087 0.6656619 0.5146384 -0.5404128 0.6196119 0.5692408 -0.5404092 0.6196165 0.5692394 -0.5404105 0.5691064 0.6197374 -0.5404103 0.5691114 0.619733 -0.5404125 0.5144996 0.6657662 -0.5404118 0.5145042 0.6657631 -0.5404116 0.4561856 0.7070008 -0.5404099 0.4561857 0.7070019 -0.5404096 0.3945857 0.7431418 -0.5404125 0.394585 0.7431401 -0.5404095 0.3301378 0.7739294 -0.5404127 0.3301397 0.7739263 -0.5404109 0.2633149 0.7991379 -0.5404123 0.2633206 0.7991352 -0.517875 0.1978414 0.8322646 -0.5485091 0.16967 0.818749 -0.5407493 0.2233448 0.8109917 -0.5463013 -0.8358854 -0.05339097 -0.5317948 -0.8467586 -0.01393878 -0.5430206 -0.8395323 0.01773506 -0.5407474 -0.2233591 -0.8109889 -0.5404114 -0.2633184 -0.7991365 -0.5404135 -0.2633142 -0.7991365 -0.5404118 -0.3301402 -0.7739267 -0.5404123 -0.3301376 -0.7739275 -0.5404103 -0.3945881 -0.7431399 -0.5404109 -0.394582 -0.7431428 -0.5404095 -0.4561882 -0.7070007 -0.5404134 -0.4561853 -0.7069995 -0.5404105 -0.514504 -0.6657643 -0.5404128 -0.5144976 -0.6657674 -0.5404125 -0.5691093 -0.6197331 -0.540412 -0.5691041 -0.6197382 -0.5404096 -0.6196169 -0.5692384 -0.5404128 -0.6196119 -0.5692408 -0.5404084 -0.6656596 -0.5146417 -0.5404115 -0.6656561 -0.514643 -0.5404094 -0.7069062 -0.4563347 -0.5404129 -0.7069014 -0.4563379 -0.5404087 -0.7430612 -0.3947387 -0.5404124 -0.7430561 -0.3947433 -0.5404096 -0.7738592 -0.3303022 -0.5404133 -0.7738552 -0.3303055 -0.5404101 -0.7990826 -0.2634846 -0.540416 -0.7990769 -0.26349 -0.5407449 -0.810939 -0.2235465 -0.5452271 -0.815519 -0.1940517 -0.5381211 -0.8220022 -0.186382 -0.5441849 -0.8324737 -0.1041653 -0.5403016 0.3676427 -0.7569103 -0.5405797 0.3065158 -0.7834678 -0.54369 0.2964165 -0.7851998 -0.5407314 0.2729414 -0.7956838 -0.540413 0.2293359 -0.8095424 -0.540413 0.2293335 -0.809543 -0.5406835 0.1787201 -0.8220222 -0.5444315 0.1593598 -0.8235284 -0.5406566 0.1436678 -0.8288848 -0.5404128 0.08922374 -0.8366559 -0.540413 0.08921921 -0.8366564 -0.5407432 0.04644531 -0.8399046 -0.5430213 0.01791524 -0.8395279 -0.5374326 0.001926243 -0.8433046 -0.5459982 -0.07618069 -0.8343155 -0.5407417 -0.8399157 0.0462628 -0.5404117 -0.8366759 0.08904325 -0.5404135 -0.8366742 0.08904802 -0.5405721 -0.8277715 0.1502543 -0.5435894 -0.8240983 0.1592887 -0.540731 -0.8205474 0.1852352 -0.5404136 -0.8095908 0.2291633 -0.5404116 -0.8095931 0.2291606 -0.5406036 -0.7912585 0.285758 -0.5440143 -0.7850655 0.2961769 -0.5407189 -0.778352 0.3190475 -0.540413 -0.7592169 0.3626894 -0.5404124 -0.7592179 0.3626881 -0.5406349 -0.7327347 0.4132963 -0.5442966 -0.723562 0.4244989 -0.5407037 -0.7144958 0.4439992 -0.5404118 -0.6870039 0.4857786 -0.5404124 -0.6870012 0.4857817 -0.5406612 -0.6538257 0.5293368 -0.5444393 -0.6413443 0.540614 -0.5406808 -0.6307626 0.5565993 -0.5404125 -0.595023 0.5948967 -0.5404139 -0.5950222 0.5948961 -0.54068 -0.5567338 0.6306446 -0.544439 -0.5407533 0.6412271 -0.5406587 -0.5294739 0.6537168 -0.540413 -0.4859251 0.6868993 -0.5404118 -0.4859299 0.6868969 -0.5407031 -0.4441477 0.7144041 -0.5442978 -0.4246525 0.7234711 -0.5406349 -0.4134511 0.7326474 -0.540412 -0.3628525 0.7591397 -0.5404124 -0.3628516 0.7591398 -0.5407171 -0.3192209 0.7782822 -0.544015 -0.2963421 0.7850026 -0.5406039 -0.2859252 0.7911981 -0.5404133 -0.2293311 0.8095435 -0.5404108 -0.229339 0.809543 -0.5407326 -0.1853985 0.8205094 -0.5435876 -0.1594661 0.824065 -0.5405727 -0.1504352 0.8277381 -0.5404128 -0.08922374 0.8366559 -0.540412 -0.08922451 0.8366565 -0.5407432 -0.04644536 0.8399046 -0.5430206 -0.01790994 0.8395283 -0.5374336 -0.001926243 0.8433039 -0.5459982 0.07618194 0.8343154 -0.5407443 0.8399143 -0.04625684 -0.540412 0.8366756 -0.08904445 -0.5404109 0.8366764 -0.08904379 -0.5406578 0.8289143 -0.1434927 -0.5444309 0.823562 -0.1591874 -0.5406839 0.8220611 -0.1785393 -0.5404127 0.8095917 -0.2291622 -0.5404123 0.8095914 -0.2291648 -0.5407342 0.7957365 -0.2727822 -0.543688 0.7852637 -0.2962505 -0.5405787 0.7835344 -0.3063473 -0.5404114 0.7592192 -0.3626869 -0.5404146 0.7592151 -0.3626907 -0.540745 0.7404597 -0.399142 -0.5413438 0.7379091 -0.403035 0 0.9658983 0.2589219 0 0.9658983 0.2589215 0 0.9658984 0.2589213 0 0.9658982 0.2589226 0 0.9658986 0.2589206 -3.48147e-7 0.9658987 0.2589203 -2.8742e-7 0.9658982 0.2589225 7.45296e-7 0.9658979 0.2589236 0 0.9658981 0.2589225 0.6001815 -0.3598046 0.7143688 0.6007054 -0.3734045 0.7069103 0.6010719 -0.3805862 0.7027567 0.6015902 -0.3896381 0.6973316 0.6023799 -0.3985412 0.691595 0.602634 -0.4007793 0.6900784 0.599321 -0.3774915 0.705914 0.5999785 -0.4256456 0.6773858 0.6000559 -0.4272883 0.6762823 0.5998772 -0.4446635 0.665148 0.5999813 -0.2622705 0.755802 0.6002177 -0.2810071 0.7488484 0.6009057 -0.3006296 0.7406311 0.6006293 -0.2961227 0.7426682 0.600046 -0.3207154 0.7328618 0.5999272 -0.3407763 0.72385 0.5994011 -0.2117692 0.7719276 0.5994011 -0.2117683 0.7719278 0.5994008 -0.1244468 0.7907161 0.5994009 -0.1244432 0.7907164 0.599401 -0.03556388 0.7996585 0.5994009 -0.03556311 0.7996586 0.5994009 0.05375623 0.7986419 0.6000742 0.04663676 0.7985836 0.5987867 0.1333407 0.7897307 0.6004031 0.1422684 0.7869409 0.598361 0.2253322 0.7688885 0.6020451 0.2287141 0.7650044 0.5989839 0.2833334 0.7489597 0 0.7070319 0.7071818 -4.20421e-7 0.7070307 0.7071829 0 0.7070314 0.7071822 -1 -5.45752e-6 0 -1 -1.75216e-6 0 -1 1.492e-6 0 -1 7.3796e-7 0 -1 3.31116e-6 0 -1 3.13736e-6 0 -1 -3.42155e-6 0 -1 3.04861e-6 0 -1 -4.41288e-6 0 -1 9.24716e-7 0 -1 3.48149e-6 0 -1 -3.14713e-6 0 -1 4.97263e-6 0 -1 -2.07773e-6 0 -1 -2.8592e-6 0 -1 -1.65936e-6 0 -1 7.12474e-6 0 -1 2.97762e-6 0 -1 -6.7857e-6 0 -1 -1.84943e-6 0 -1 3.07428e-6 0 -1 -2.45467e-6 0 -1 2.108e-6 0 -1 2.10064e-6 0 -1 2.62448e-6 0 -1 1.22197e-6 0 -1 -1.21939e-6 0 -1 -1.40354e-6 0 -1 -8.31189e-7 0 -1 -2.1534e-6 0 -1 -2.11526e-6 0 -1 2.20644e-6 0 -1 3.82174e-6 0 -1 -2.17894e-6 0 -1 5.04156e-6 0 -1 -1.02767e-6 0 -1 1.05806e-6 0 0 -0.8416714 -0.5399901 0 -0.841673 -0.5399878 0 -0.4863586 -0.8737593 0 -0.4863611 -0.873758 0 -0.01546651 -0.9998804 0 -0.01546657 -0.9998805 0 0.4591032 -0.888383 0 0.4591055 -0.8883818 -1.93642e-7 0.9989038 0.04681152 -1.94251e-7 0.9989037 0.04681259 -1.87258e-7 0.991625 -0.1291503 -1.9496e-7 0.9916249 -0.1291519 -2.04281e-7 0.9535899 -0.3011086 -1.98997e-7 0.9535896 -0.3011099 -1.36187e-7 0.8859788 -0.4637259 -2.70426e-7 0.8859775 -0.4637285 0 -0.536742 0.8437464 2.79464e-7 -0.5367406 0.8437474 -5.21974e-7 -0.3732525 0.9277299 0 -0.3732507 0.9277306 0 -0.197154 0.9803726 0 -0.197153 0.9803728 0 -0.01439404 0.9998964 0 -0.01439398 0.9998964 0 0.1688509 0.9856416 0 0.1688504 0.9856417 0 0.3463928 0.9380896 0 0.3463909 0.9380903 0 0.5122313 0.8588477 -4.14291e-7 0.5122309 0.8588479 0 0.6607657 0.7505923 -1.48727e-7 0.6607659 0.7505921 0 0.7869791 0.6169798 -1.93128e-7 0.7869783 0.6169808 -2.60987e-7 0.8866062 0.4625253 -1.45695e-7 0.8866065 0.4625245 0 0.4639167 -0.8858788 0 0.4639157 -0.8858793 0 0.3013128 -0.9535253 0 0.3013107 -0.953526 0 0.1293631 -0.9915973 0 0.1293628 -0.9915974 0 -0.04659897 -0.9989138 0 -0.04659879 -0.9989137 0 -0.4623361 -0.8867048 2.80837e-7 -0.462334 -0.8867059 2.60987e-7 -0.6168128 -0.78711 0 -0.6168117 -0.7871108 0 -0.7504517 -0.6609254 2.8943e-7 -0.7504506 -0.6609266 2.60987e-7 -0.8587385 -0.5124142 0 -0.8587374 -0.5124161 1.30494e-7 -0.9380165 -0.3465907 0 -0.9380161 -0.3465921 0 -0.9856057 -0.169061 0 -0.9856057 -0.1690604 0 -0.9998996 0.01417994 0 -0.9998995 0.01418101 0 -0.9804145 0.1969452 0 -0.9804148 0.1969442 0 -0.9278099 0.3730534 2.1399e-7 -0.9278097 0.3730539 1.30494e-7 -0.8438614 0.5365614 2.15217e-7 -0.8438612 0.5365616 -1 5.62125e-6 0 -1 -2.2485e-5 0 -1 -6.07106e-7 0 -1 2.74198e-6 0 -1 -4.62311e-7 0 -1 4.87881e-6 0 -1 4.92891e-6 0 -1 -2.44414e-6 0 -1 1.46132e-6 0 -1 2.4401e-6 0 -1 -4.93103e-6 0 -1 3.68543e-6 0 -1 -4.98542e-6 0 -1 -1.30611e-6 0 -1 -1.36673e-6 0 -1 6.84094e-7 0 -1 -9.71369e-6 0 -1 1.37099e-6 0 -1 9.76039e-6 0 -1 -1.4551e-6 0 -1 -2.46238e-6 0 -1 5.47287e-6 0 -1 3.04219e-6 0 -1 5.14065e-6 0 -1 -1.67643e-6 0 -1 4.93334e-6 0 -1 -2.46563e-6 0 -1 -4.26897e-6 0 -1 3.69849e-6 0 -1 -2.44413e-6 0 -1 2.23341e-6 0 -1 -4.87909e-6 0 -1 2.46563e-6 0 -1 2.42777e-6 0 -1 2.46668e-6 0 -1 -2.74207e-6 0 -1 -6.07065e-6 0 -1 2.44927e-6 0 -1 -2.73348e-6 0 -1 -1.23033e-6 0 -1 -2.44842e-6 0 -1 3.69418e-6 0 -1 4.93108e-6 0 -1 6.84067e-7 0 -1 2.46221e-6 0 -1 -1.38903e-6 0 -1 1.2328e-6 0 -1 2.06314e-6 0 -1 -2.46668e-6 0 -1 2.45696e-6 0 -1 2.45687e-6 0 -1 -2.44938e-6 0 -1 -2.4567e-6 0 -1 -1.23111e-6 0 0.2089688 0.5963315 0.7750619 0.2089704 0.7749433 0.596485 0.06961214 0.7494326 0.658411 0.06961137 0.6582712 0.7495554 -0.03620523 -0.8552578 0.5169366 0.297038 -0.6940675 0.6557734 0.0693193 -0.7800321 0.6218881 0.06961035 -0.658443 0.7494046 0.1727132 -0.6141719 0.7700411 -0.03619903 -0.5169733 0.8552358 -0.03620523 0.8552578 -0.5169366 0.297038 0.6940675 -0.6557734 0.0693193 0.7800321 -0.6218881 0.06961035 0.658443 -0.7494046 0.1727132 0.6141716 -0.7700412 -0.03619903 0.5169733 -0.8552358 0.06623369 0.9924673 -0.1030623 0.0656659 0.9974356 -0.02846509 0.06623369 0.9924454 0.1032733 0.06959635 0.9952834 -0.06758362 0.06959635 0.9952687 0.0677976 0.06566601 0.9974295 0.02867978 0.06623363 0.1030612 0.9924674 0.06566542 -0.02867794 0.9974295 0.06623369 -0.103273 0.9924454 0.06959652 -0.06779849 0.9952687 0.06959646 0.06758373 0.9952833 0.06566601 0.02846622 0.9974356 0.06623357 -0.1030612 -0.9924674 0.06566596 0.02867794 -0.9974296 0.06623363 0.103273 -0.9924454 0.06959646 0.06779849 -0.9952687 0.06959652 -0.06758373 -0.9952834 0.0656656 -0.02846622 -0.9974356 0.06623381 -0.9924675 0.1030607 0.0656659 -0.9974356 0.02846509 0.06623381 -0.9924454 -0.1032733 0.0695964 -0.9952834 0.06758362 0.0695964 -0.9952688 -0.06779682 0.06566596 -0.9974294 -0.02868205 1 1.44222e-5 0 1 5.47183e-5 0 -1 -2.96217e-6 0 -1 9.8739e-7 0 -1 1.48108e-6 0 -1 6.17119e-7 0 -1 -9.8739e-7 0 -1 -3.94956e-6 0 -1 2.71532e-6 0 -1 -9.8739e-7 0 -1 -1.97478e-6 0 -1 2.96217e-6 0 -1 9.8739e-7 0 1 2.69065e-6 0 1 -1.44384e-5 0 1 -2.58747e-6 0 1 -8.76113e-7 0 1 5.84258e-6 0 1 2.67463e-6 0 1 1.0716e-6 0 1 -1.8964e-6 0 1 3.69096e-6 0 1 -7.91566e-6 0 1 4.01581e-6 0 1 7.54862e-6 0 1 -3.10211e-5 0 1 1.28073e-6 0 1 3.29747e-6 0 1 -3.69096e-6 0 1 1.99151e-6 0 1 -7.47059e-6 0 1 5.34925e-6 0 1 -2.30129e-6 0 1 1.31277e-6 0 1 3.82341e-6 0 1 3.79356e-5 0 1 -5.18908e-6 0 1 -4.02462e-6 0 0.4461984 -0.6327463 -0.6328817 0.4462014 -0.632735 -0.6328909 0.4461974 -0.6327474 -0.6328814 0.4461922 -0.6327847 -0.6328477 0.4461987 -0.632747 -0.6328808 0.4461979 -0.6327387 -0.6328895 0.4462004 -0.63275 -0.6328765 0 0.7071806 -0.707033 0 0.7071822 -0.7070314 0 0.7071812 -0.7070325 -2.68354e-7 -0.7071835 0.7070301 0 -0.7071841 0.7070296 0 -0.7071817 0.7070319 0.4461992 0.6327444 0.632883 0.4461915 0.632785 0.6328479 0.4461985 0.6327471 0.6328808 0.4461974 0.6327397 0.6328889 0.4461979 0.6327468 0.6328816 0.4461936 0.6327598 0.6328716 0.4462008 0.6327344 0.6328919 0 -0.7071806 0.707033 -1.46818e-7 -0.7071822 0.7070313 1.46236e-7 -0.7071812 0.7070325 -2.68354e-7 0.707183 -0.7070306 0 0.7071845 -0.7070291 0 0.7071815 -0.7070321 0.4461974 0.6328828 -0.6327459 0.4461985 0.6329054 -0.6327224 0.4461975 0.6328813 -0.6327472 0.4462023 0.6328758 -0.6327493 0.4461982 0.6328814 -0.6327468 0.4461951 0.6328792 -0.6327511 0.4462003 0.6328842 -0.6327425 0.4461979 -0.6328821 0.6327462 0.446199 -0.6328865 0.632741 0.4461981 -0.6328811 0.6327471 0.4462 -0.632905 0.632722 0.4461977 -0.6328813 0.6327471 0.4462019 -0.6328752 0.6327503 0.4461967 -0.6328826 0.6327466 1 9.72237e-6 0 1 -7.95645e-5 0 1 -1.44222e-5 0 1 -5.47183e-5 0 1 -9.72237e-6 0 1 7.95645e-5 0 0 0.7070316 0.7071819 0 0.7070316 0.7071819 0 0.7070297 0.707184 -5.36706e-7 0.7070349 0.7071787 0 0.707032 0.7071815 0 0.7070299 0.7071836 -5.36706e-7 -0.7070349 -0.7071787 1.34556e-7 -0.707032 -0.7071816 0 -0.7070299 -0.7071836 0 -0.7070314 -0.7071822 0 -0.7070317 -0.7071818 0 -0.7070298 -0.7071839 0 0.7793458 0.626594 0 0.8958244 0.4444081 0 0.8958262 0.4444046 0 0.9704152 0.2414421 0 0.9704154 0.2414416 0 0.9996305 0.02718567 0 0.9996304 0.02718621 0 0.9821037 -0.1883415 0 0.9821041 -0.1883393 0 0.9186563 -0.3950578 0 0.9186547 -0.3950616 0 0.8122506 -0.5833087 0 0.8122534 -0.5833048 0 0.667865 -0.7442824 0 0.6678673 -0.7442805 0 0.4922539 -0.8704518 0 0.4922572 -0.8704499 0 0.2936234 -0.9559212 4.57727e-7 0.2936255 -0.9559206 -1.11862e-6 0.08126521 -0.9966925 -3.36357e-7 0.08126461 -0.9966925 0 -0.1348939 -0.9908601 0 -0.1348938 -0.9908601 0 -0.3447462 -0.938696 0 -0.3447481 -0.9386953 0 -0.5384758 -0.8426411 0 -0.5384788 -0.8426392 0 -0.7070344 -0.7071793 0 -0.7070296 -0.707184 0 -0.8425244 -0.5386583 0 -0.938623 -0.3449448 0 -0.9386216 -0.3449487 0 -0.9908313 -0.1351049 0 -0.9908311 -0.1351065 0 -0.9967099 0.08105254 0 -0.9967098 0.08105236 0 -0.9559836 0.2934203 0 -0.9559831 0.2934218 0 -0.8705573 0.4920672 0 -0.8705554 0.4920706 0 -0.744424 0.6677072 0 -0.7444203 0.6677114 0 -0.5834797 0.8121278 0 -0.5834828 0.8121256 0 -0.3952602 0.9185693 0 -0.3952562 0.918571 0 -0.1885494 0.9820637 3.35367e-7 -0.1885516 0.9820634 0 0.02697235 0.9996362 6.66809e-7 0.02697235 0.9996362 -1.11862e-6 0.241234 0.970467 0 0.241234 0.970467 0 0.444216 0.8959197 0 0.4442158 0.8959199 0 0.6264258 0.7794812 0 0.6264284 0.7794789 0 0.7793492 0.62659 -0.7065879 0.1332775 0.694961 -0.7065884 -0.2076295 -0.6764783 -0.7050238 0.688203 0.1712256 -0.6958013 0.6597495 0.283886 -0.7050253 0.635303 0.3151659 -0.7065904 0.676431 0.2077768 -0.6958031 0.7053502 0.1354224 -0.7050262 0.6964896 -0.1335677 -0.6958028 0.6970211 -0.1732632 -0.706588 0.7011576 -0.09545439 -0.7050254 0.70892 0.01927959 -0.6958038 0.7179706 -0.01937252 -0.7065868 0.705286 0.05750483 -0.7050261 0.5760326 -0.4136722 -0.6958039 0.5598465 -0.4499211 -0.7065894 0.5962712 -0.3810408 -0.7050253 0.651494 -0.2801696 -0.695802 0.6434796 -0.3190513 -0.7065879 0.6642454 -0.2439506 -0.7065878 0.2440927 -0.6641932 -0.7065878 0.3144762 -0.6339073 -0.7017776 0.3506827 -0.6201047 -0.7065907 0.3811595 -0.5961938 -0.7050252 0.4736396 -0.5278306 -0.6958011 0.450043 -0.5597519 -0.7065868 0.5004233 -0.5003117 -0.6958034 0.1734029 -0.6969857 -0.7050253 0.208234 -0.6779218 -0.7065891 0.09558767 -0.7011383 -0.7017781 0.0578981 -0.7100391 -0.7065881 0.01923292 -0.7073637 -0.7050253 -0.09566885 -0.7026997 -0.6958023 -0.1352705 -0.7053801 -0.7065882 -0.05735498 -0.7052968 -0.6958038 -0.2837373 -0.6598107 -0.705026 -0.2444855 -0.6657065 -0.7065892 -0.3481965 -0.6160284 -0.7017777 -0.3836106 -0.6002926 -0.7065897 -0.4127606 -0.5747694 -0.7065879 -0.4724884 -0.5267717 -0.7017785 -0.5036854 -0.5037936 -0.7065885 -0.5266699 -0.4726008 -0.7050254 -0.6656542 -0.2446296 -0.6958002 -0.6865769 -0.2108893 -0.7065867 -0.6500051 -0.2796941 -0.7050261 -0.5975026 -0.3820064 -0.6958057 -0.6251817 -0.3535565 -0.7065873 -0.5746833 -0.4128846 -0.7050255 -0.7068487 0.05748075 -0.6958034 -0.7116677 0.09688556 -0.7065874 -0.7073683 0.01908749 -0.7050255 -0.7026796 -0.09581512 -0.695802 -0.7158581 -0.05836701 -0.7065908 -0.6949299 -0.1334238 -0.701778 -0.6201807 0.3505476 -0.706587 -0.6339766 0.3143383 -0.7050251 -0.6779668 0.208088 -0.695803 -0.6742018 0.2476091 -0.7065883 -0.6867264 0.1707039 -0.7065901 -0.4433878 0.5514867 -0.7065893 -0.5004176 0.5003139 -0.7017771 -0.5303255 0.475672 -0.7065888 -0.5515791 0.4432752 -0.7065856 -0.5962765 0.3810395 -0.6958011 -0.3868825 0.6051305 -0.7050253 -0.4137955 0.5759451 -0.7065898 -0.3144672 0.6339095 -0.7017784 -0.281578 0.6543859 -0.7065883 -0.2440927 0.6641926 -0.7050257 0.01912713 0.7089238 -0.6958022 0.05821597 0.7158704 -0.7065882 -0.01922762 0.7073638 -0.7050256 -0.1337145 0.696462 -0.6958021 -0.09704607 0.7116471 -0.7065871 -0.1708565 0.6866897 -0.6958026 0.2107422 0.6866196 -0.7050251 0.1710816 0.6882374 -0.7065901 0.2795467 0.6500648 -0.7017785 0.3164573 0.638249 -0.7065891 0.3481968 0.6160284 -0.7065889 0.6159517 0.3483328 -0.7065873 0.5746833 0.4128846 -0.7017775 0.5552041 0.446382 -0.7065915 0.5266653 0.4726016 -0.7050244 0.4442534 0.5527927 -0.6958059 0.479561 0.5346733 -0.7065863 0.4127689 0.5747675 -0.001351475 0.5937339 0.8046603 -0.001773476 0.5833076 0.8122494 0 0.6677075 0.7444238 -0.002455294 0.2934198 0.9559806 -0.001039385 0.330178 0.9439182 -2.61844e-4 0.3950605 0.9186551 0 0.4557323 0.8901169 0 0.5032553 0.8641378 -3.26255e-4 -0.02718502 0.9996304 -0.002603411 0.0810517 0.9967066 -9.64927e-4 0.03728449 0.9993042 0 0.1604038 0.9870516 0 0.2136062 0.9769198 0 -0.3976284 0.9175466 -4.43065e-5 -0.344946 0.9386226 -0.001901805 -0.2414407 0.9704138 -0.001297056 -0.2589216 0.9658975 0 -0.1504229 0.9886218 0 -0.09668159 0.9953154 0 -0.4467179 0.8946749 -0.00152868 -0.5321217 0.8466666 -0.00129956 -0.538657 0.8425242 -0.002310872 -0.7794779 0.6264255 -0.001109778 -0.7580408 0.6522062 -2.0138e-4 -0.7071824 0.7070313 0 -0.6601554 0.7511292 0 -0.6185194 0.7857696 -3.94656e-4 -0.9386968 0.3447437 -0.002755641 -0.8959153 0.4442165 -8.86412e-4 -0.9166046 0.3997943 0 -0.8589024 0.5121393 0 -0.8299132 0.5578926 0 -0.9994775 -0.03232353 -9.261e-5 -0.9996363 0.02697175 -0.002034127 -0.9908582 0.1348928 -0.001238644 -0.9937235 0.111858 0 -0.9746632 0.2236775 0 -0.9611243 0.2761162 0 -0.99626 -0.08640611 -0.001490414 -0.9825456 -0.1860167 -0.001411974 -0.9820627 -0.1885498 -0.002170503 -0.8704507 -0.4922508 -0.001176238 -0.8840649 -0.4673628 -1.44991e-4 -0.9185701 -0.3952583 0 -0.9412625 -0.3376758 0 -0.9581645 -0.2862182 -4.67115e-4 -0.6677085 -0.7444227 -0.002911806 -0.7442767 -0.667865 -8.03945e-4 -0.7070313 -0.7071819 0 -0.7921084 -0.6103805 0 -0.8239924 -0.5666009 0 -0.3374715 -0.9413357 -1.45008e-4 -0.3950607 -0.9186551 -0.002170562 -0.4920681 -0.870554 -0.001176178 -0.4671739 -0.8841648 0 -0.5664253 -0.8241132 0 -0.6102096 -0.79224 0 -0.2860149 -0.9582252 -0.001448154 -0.1858068 -0.9825853 -0.001528561 -0.18834 -0.9821027 -0.002034187 0.1351061 -0.9908291 -0.001238703 0.1120709 -0.9936995 -9.26754e-5 0.02718502 -0.9996305 0 -0.03211778 -0.9994841 0 -0.08619368 -0.9962785 -0.002755701 0.4444065 -0.895821 -8.86463e-4 0.3999896 -0.9165193 -3.94693e-4 0.3449462 -0.9386225 0 0.2763155 -0.961067 0 0.223883 -0.9746161 0 0.7512724 -0.6599923 -2.01466e-4 0.7071824 -0.7070313 -0.002310991 0.6265921 -0.7793441 -0.001109838 0.652368 -0.7579016 0 0.5580696 -0.8297942 0 0.5123245 -0.858792 0 0.7859023 -0.6183508 -0.001401841 0.8467802 -0.5319413 -0.001649022 0.8426386 -0.5384771 -0.001901865 0.9704651 -0.2412343 -0.001297116 0.9659524 -0.2587167 -4.4367e-5 0.9386959 -0.3447466 0 0.917648 -0.3973941 0 0.8947699 -0.4465278 -0.002603471 0.9966892 0.08126521 -9.64975e-4 0.9992963 0.0374974 -3.26277e-4 0.9996362 -0.02697175 0 0.9953362 -0.09646701 0 0.9886541 -0.1502102 -2.61863e-4 0.9185706 0.3952569 -0.002455234 0.9559177 0.2936247 -0.001039385 0.9438477 0.3303796 0 0.9768739 0.2138161 0 0.9870169 0.1606163 0 0.7442811 0.6678665 -0.001773476 0.8121256 0.5834799 -0.001351475 0.8045334 0.5939059 0 0.8640319 0.5034371 0 0.890021 0.4559197 -0.1303374 -0.02695256 0.9911033 -0.1303366 -0.9306917 0.3417973 -0.1303377 -0.6620149 -0.7380708 -0.1303384 0.4406173 -0.8881826 -0.130338 0.9881906 0.08056968 -0.608197 0.3527688 -0.7110911 -0.6081984 0.3527569 -0.7110959 -0.608197 0.4275801 -0.6687838 -0.6081972 0.4275797 -0.6687839 -0.6081974 0.4973785 -0.6186361 -0.6081972 0.4973821 -0.6186335 -0.6081982 0.5613501 -0.5612319 -0.6081928 0.5613626 -0.5612252 -0.6081991 0.6187378 -0.4972499 -0.6082062 0.618727 -0.4972546 -0.6081934 0.6688799 -0.4274348 -0.6081926 0.6688836 -0.4274303 -0.6081956 0.711171 -0.3526101 -0.6081938 0.7111724 -0.3526105 -0.6081952 0.7451261 -0.2736526 -0.608201 0.7451199 -0.2736564 -0.6081975 0.7703428 -0.1914884 -0.6081982 0.7703424 -0.1914878 -0.6082003 0.7865285 -0.1070765 -0.6081955 0.7865324 -0.1070759 -0.608202 0.7934935 -0.02141135 -0.6081992 -0.5300158 -0.5909121 -0.6082 -0.5300117 -0.5909149 -0.6081968 -0.463026 -0.6447508 -0.6082006 -0.4630131 -0.6447565 -0.6081964 -0.3906002 -0.6910346 -0.6082002 -0.3905879 -0.6910381 -0.6082003 -0.3135845 -0.7292168 -0.6081973 -0.3135941 -0.7292153 -0.6081969 -0.2329153 -0.758846 -0.6081967 -0.2329212 -0.7588441 -0.6081982 -0.1495001 -0.7795798 -0.6081977 -0.1494972 -0.7795808 -0.6081974 -0.06433492 -0.7911744 -0.608198 -0.06432682 -0.7911747 -0.6081965 0.02158296 -0.793493 -0.6081974 0.02157896 -0.7934925 -0.6081985 0.1072375 -0.7865081 -0.6081982 0.1072477 -0.7865069 -0.6081976 0.1916502 -0.7703026 -0.6081995 0.191648 -0.7703016 -0.6081987 0.2738136 -0.7450641 -0.6081939 -0.7451267 0.273654 -0.6082007 -0.7451207 0.2736554 -0.6081964 -0.7703437 0.1914886 -0.6081973 -0.7703431 0.191488 -0.6081992 -0.7865291 0.1070777 -0.6081945 -0.7865329 0.1070772 -0.608201 -0.7934943 0.02141135 -0.6082095 -0.7934879 0.02140986 -0.6082 -0.7911584 -0.06450802 -0.6081902 -0.7911662 -0.06450504 -0.6081889 -0.7795553 -0.1496665 -0.6081923 -0.7795522 -0.1496685 -0.6082085 -0.7587865 -0.2330785 -0.608201 -0.7587937 -0.2330747 -0.6081864 -0.7291597 -0.3137446 -0.608199 -0.7291464 -0.3137509 -0.6081967 -0.690954 -0.390742 -0.6082059 -0.6909412 -0.3907504 -0.6081927 -0.6446617 -0.4631554 -0.6082057 -0.6446409 -0.4631674 -0.6082004 -0.5907964 -0.5301434 -0.6081965 -0.02158296 0.793493 -0.6081991 -0.02157896 0.7934913 -0.608197 -0.1072376 0.7865092 -0.6081982 -0.1072477 0.7865069 -0.6081976 -0.1916502 0.7703026 -0.6081995 -0.191648 0.7703016 -0.6081987 -0.2738136 0.7450641 -0.6081985 -0.2738081 0.7450663 -0.608197 -0.3527688 0.7110911 -0.6081984 -0.3527569 0.7110959 -0.608197 -0.4275801 0.6687838 -0.6081969 -0.4275795 0.6687842 -0.6081976 -0.4973788 0.6186357 -0.6081972 -0.4973821 0.6186335 -0.6081984 -0.5613502 0.5612314 -0.6081915 -0.5613626 0.5612264 -0.6081988 -0.6187386 0.4972494 -0.6082046 -0.6187267 0.4972568 -0.6081941 -0.6688806 0.4274329 -0.6081914 -0.6688837 0.4274317 -0.6081949 -0.7111716 0.3526104 -0.6082009 0.7911577 0.06450796 -0.6081911 0.7911655 0.06450498 -0.6081897 0.7795543 0.1496675 -0.6081935 0.7795516 0.1496658 -0.6082094 0.7587859 0.2330784 -0.6082017 0.7587927 0.2330757 -0.6081875 0.7291592 0.3137432 -0.6082 0.7291461 0.3137496 -0.608197 0.6909528 0.3907437 -0.6082069 0.6909406 0.3907501 -0.6081932 0.6446614 0.4631552 -0.6082072 0.6446412 0.4631651 -0.6081996 0.590795 0.5301457 -0.6082023 0.5907931 0.5301449 -0.6081984 0.5300151 0.5909136 -0.6082002 0.530012 0.5909146 -0.6081966 0.4630258 0.6447512 -0.6082006 0.4630131 0.6447565 -0.6081964 0.3906002 0.6910346 -0.6082005 0.3905881 0.6910377 -0.6082003 0.3135845 0.7292168 -0.6081972 0.313594 0.7292155 -0.6081969 0.2329153 0.758846 -0.6081967 0.2329212 0.7588441 -0.6081984 0.1495002 0.7795798 -0.6081976 0.1494972 0.779581 -0.6081974 0.06433492 0.7911745 -0.3822025 0.4106706 -0.827811 -0.3822022 0.4106729 -0.8278101 -0.3822035 0.497763 -0.778558 -0.3822044 0.497763 -0.7785577 -0.3822032 0.579023 -0.7201759 -0.3822033 0.5790244 -0.7201746 -0.3822068 0.6534859 -0.6533561 -0.3821995 0.6534983 -0.6533479 -0.3822035 0.7202993 -0.5788691 -0.3822054 0.7202973 -0.5788703 -0.3822067 0.7786633 -0.4975958 -0.3822028 0.7786641 -0.4975974 -0.382208 0.8278959 -0.4104944 -0.3822049 0.8278972 -0.4104945 -0.3822001 0.8674309 -0.3185699 -0.3822029 0.8674294 -0.3185704 -0.3821963 0.8967914 -0.2229152 -0.3822005 0.8967891 -0.2229174 -0.3822012 0.9156332 -0.124652 -0.3822052 0.9156311 -0.1246553 -0.3822057 -0.6170074 -0.6879104 -0.3822033 -0.6170149 -0.6879051 -0.3822015 -0.5390272 -0.750581 -0.3822043 -0.5390225 -0.7505829 -0.382205 -0.4547054 -0.804464 -0.3822016 -0.4547181 -0.8044586 -0.3822054 -0.365059 -0.8489116 -0.3822031 -0.365075 -0.8489058 -0.3822034 -0.2711377 -0.8834055 -0.3822053 -0.2711374 -0.8834046 -0.3822048 -0.1740416 -0.9075402 -0.3822025 -0.1740416 -0.907541 -0.3822029 -0.07490044 -0.9210379 -0.3822054 -0.07489818 -0.9210371 -0.382205 0.025128 -0.923736 -0.3822022 0.02512615 -0.9237371 -0.3822042 0.1248441 -0.9156057 -0.3822022 0.1248499 -0.9156058 -0.3822034 0.223104 -0.8967415 -0.3822022 0.2231118 -0.89674 -0.3822001 -0.8674309 0.3185699 -0.3822029 -0.8674294 0.3185704 -0.3821962 -0.8967912 0.2229164 -0.3822005 -0.8967891 0.2229174 -0.3822013 -0.9156333 0.1246507 -0.3822052 -0.9156311 0.1246553 -0.3821962 -0.923745 0.0249235 -0.3821993 -0.9237438 0.02492403 -0.3822108 -0.9210188 -0.07509595 -0.3822007 -0.9210232 -0.07509303 -0.3822072 -0.9075013 -0.1742387 -0.3822054 -0.9075027 -0.1742349 -0.3822042 -0.8833454 -0.271332 -0.3821964 -0.8833505 -0.2713264 -0.3822107 -0.8488249 -0.3652551 -0.3822022 -0.8488321 -0.3652474 -0.3821985 -0.8043711 -0.4548752 -0.3822005 -0.8043684 -0.4548783 -0.3822078 -0.7504625 -0.5391876 -0.3821991 -0.7504757 -0.5391755 -0.3822038 -0.02512806 0.9237363 -0.3822044 -0.02512615 0.9237362 -0.3822042 -0.1248441 0.9156057 -0.3822021 -0.1248499 0.9156059 -0.3822034 -0.223104 0.8967415 -0.3822035 -0.2231118 0.8967394 -0.3822035 -0.3187609 0.8673593 -0.3822032 -0.3187558 0.8673613 -0.3822025 -0.4106706 0.827811 -0.3822024 -0.4106731 0.8278098 -0.3822035 -0.497763 0.778558 -0.3822044 -0.497763 0.7785577 -0.3822032 -0.579023 0.7201759 -0.3822033 -0.5790244 0.7201746 -0.3822068 -0.6534859 0.6533561 -0.3822007 -0.6534981 0.6533476 -0.3822038 -0.7202986 0.5788699 -0.3822054 -0.7202973 0.5788703 -0.3822065 -0.7786629 0.4975968 -0.3822031 -0.7786647 0.4975965 -0.3822107 0.9210187 0.0750972 -0.3822007 0.9210232 0.07509303 -0.3822072 0.9075015 0.1742374 -0.3822054 0.9075025 0.1742362 -0.3822043 0.8833456 0.2713308 -0.3821963 0.8833501 0.2713276 -0.3822107 0.8488249 0.3652551 -0.3822024 0.8488325 0.3652462 -0.3821983 0.8043706 0.4548763 -0.3822007 0.8043689 0.4548772 -0.3822078 0.7504625 0.5391876 -0.3821991 0.7504757 0.5391755 -0.3822061 0.6877668 0.6171672 -0.3822008 0.6877794 0.6171565 -0.3822057 0.6170074 0.6879104 -0.3822033 0.6170149 0.6879051 -0.3822015 0.5390272 0.750581 -0.3822041 0.5390223 0.7505832 -0.382205 0.4547054 0.804464 -0.3822017 0.4547183 0.8044583 -0.3822052 0.3650587 0.8489118 -0.3822031 0.365075 0.8489058 -0.3822034 0.2711377 0.8834054 -0.3822053 0.2711374 0.8834046 -0.3822049 0.1740417 0.9075401 -0.3822035 0.1740415 0.9075407 -0.1303395 0.9881902 0.08057165 -0.1304854 0.9785776 0.1592471 -0.1188321 0.9751055 0.1872121 -0.1304767 0.9685231 0.2119879 -0.1303386 0.9477669 0.2911183 -0.1303388 0.947766 0.291121 -0.1303389 0.9107344 0.3918862 -0.6082104 0.7934871 -0.02141112 -0.382198 0.9237444 -0.02492237 -0.3821992 0.9237437 -0.02492535 -0.130338 0.9911091 -0.02673989 -0.1303403 0.9911085 -0.02674478 -0.1303355 0.9306929 -0.3417944 -0.1303405 0.9306859 -0.3418115 -0.130338 0.9621884 -0.2391765 -0.1303389 0.962187 -0.2391819 -0.130338 0.9824077 -0.1337432 -0.1170361 0.9818595 -0.1491796 -0.1305156 0.9868224 -0.09564191 -0.1232313 0.7735484 -0.6216405 -0.1304054 0.7791848 -0.6130787 -0.1303376 0.8354566 -0.5338768 -0.1303419 0.8354432 -0.5338969 -0.1303374 0.8882809 -0.4404193 -0.1281294 0.8873937 -0.4428492 -0.130527 0.9097822 -0.3940293 -0.13034 0.4406188 -0.8881817 -0.1304935 0.5079401 -0.8514507 -0.1190425 0.5348287 -0.8365329 -0.1304674 0.5532984 -0.8227025 -0.1303368 0.6212553 -0.7726928 -0.1303398 0.621238 -0.7727063 -0.1303393 0.701148 -0.7010015 -0.1303402 0.7011438 -0.7010056 -0.1305199 0.7448466 -0.6543456 -0.6081984 0.273808 -0.7450664 -0.3822033 0.3187622 -0.8673589 -0.3822032 0.3187558 -0.8673613 -0.1303393 0.3420064 -0.9306145 -0.1303386 0.3419994 -0.9306172 -0.1303384 0.02695256 -0.9911032 -0.1303371 0.02695363 -0.9911033 -0.1303384 0.1339551 -0.9823787 -0.1303398 0.133953 -0.9823789 -0.1303384 0.2393834 -0.962137 -0.1148113 0.2223988 -0.9681721 -0.1305055 0.2739443 -0.9528499 -0.1246963 -0.2911394 -0.9485192 -0.1303898 -0.2835633 -0.9500476 -0.1303358 -0.1867368 -0.9737259 -0.1303399 -0.1867288 -0.9737269 -0.1303383 -0.08036166 -0.9882075 -0.1259124 -0.08550816 -0.9883494 -0.1305233 -0.03183495 -0.9909341 -0.1303411 -0.6620072 -0.738077 -0.1305018 -0.6049823 -0.7854716 -0.1194627 -0.579136 -0.8064305 -0.1304551 -0.5615803 -0.8170735 -0.1303378 -0.4878773 -0.8631268 -0.1303408 -0.4878612 -0.8631355 -0.130338 -0.3916972 -0.9108158 -0.1303385 -0.3916912 -0.9108183 -0.1305224 -0.3345773 -0.9332856 -0.6082011 -0.5907919 -0.5301476 -0.3822032 -0.6877722 -0.617163 -0.382201 -0.6877787 -0.6171571 -0.1303376 -0.7379411 -0.6621594 -0.1303408 -0.7379189 -0.6621835 -0.1303389 -0.9107344 -0.3918862 -0.1303416 -0.9107326 -0.3918893 -0.1303385 -0.8630269 -0.4880539 -0.1303375 -0.8630271 -0.4880537 -0.1303384 -0.8051998 -0.5785025 -0.1125835 -0.8187513 -0.5630022 -0.1305022 -0.7853285 -0.605168 -0.12637 -0.9887024 -0.08061319 -0.1303757 -0.9877567 -0.08566766 -0.1303356 -0.9736871 -0.1869391 -0.1303403 -0.9736856 -0.1869435 -0.1303386 -0.9477669 -0.2911183 -0.1236996 -0.950805 -0.2840218 -0.1305259 -0.9332059 -0.334798 -0.1303405 -0.9306856 0.3418124 -0.1305069 -0.9529044 0.273754 -0.120091 -0.9634436 0.2394885 -0.1304421 -0.9663357 0.2217665 -0.130338 -0.9824077 0.1337432 -0.1303392 -0.9824076 0.1337425 -0.1303373 -0.9911091 0.02674108 -0.1303403 -0.9911086 0.02674347 -0.1305233 -0.9909266 -0.03206562 -0.6081933 -0.7111732 0.3526097 -0.3822096 -0.8278937 0.4104971 -0.3822051 -0.8278977 0.4104934 -0.1303375 -0.8882799 0.4404214 -0.1303409 -0.8882728 0.4404346 -0.1303393 -0.701148 0.7010015 -0.1303402 -0.7011438 0.7010056 -0.1303376 -0.7728356 0.6210774 -0.13034 -0.7728294 0.6210849 -0.1303375 -0.835456 0.5338777 -0.1103524 -0.8248376 0.5544955 -0.1304936 -0.851555 0.5077653 -0.1282508 -0.4407426 0.8884243 -0.1303569 -0.4429017 0.887043 -0.1303399 -0.5340605 0.8353388 -0.1303392 -0.534056 0.8353419 -0.1303368 -0.6212553 0.7726928 -0.1214819 -0.6139257 0.7799599 -0.1305211 -0.6545061 0.7447054 -0.1303386 -0.02695363 0.9911031 -0.1305101 -0.09585493 0.9868025 -0.1209291 -0.1341158 0.9835594 -0.1304305 -0.1491348 0.9801769 -0.1303384 -0.2393834 0.962137 -0.1303387 -0.2393762 0.9621387 -0.1303381 -0.3420085 0.9306139 -0.1303387 -0.3419998 0.930617 -0.1305294 -0.3941851 0.9097144 -0.608198 0.06432682 0.7911747 -0.3822033 0.07490038 0.9210379 -0.3822032 0.0748983 0.921038 -0.1303387 0.08035904 0.9882076 -0.1303398 0.08036082 0.9882074 -0.130338 0.3916972 0.9108158 -0.1303371 0.3916913 0.9108185 -0.1303381 0.2909266 0.9478258 -0.1303375 0.2909082 0.9478315 -0.1303371 0.1867368 0.9737256 -0.1081199 0.2123479 0.9711944 -0.130484 0.1590372 0.9786119 -0.1303406 0.9107332 0.391888 -0.1305181 0.882407 0.4520211 -0.1219761 0.8639526 0.4885774 -0.1304183 0.8566476 0.4991452 -0.1303384 0.8051998 0.5785025 -0.1303393 0.8051996 0.5785026 -0.1303366 0.7379418 0.6621589 -0.1303408 0.7379189 0.6621835 -0.1303375 0.6620149 0.7380708 -0.1303409 0.6620058 0.7380784 -0.1303389 0.5783367 0.8053188 -0.1303396 0.578323 0.8053287 -0.1303378 0.4878773 0.8631268 -0.1192606 0.4996607 0.8579722 -0.1305167 0.4518262 0.882507 0.2089688 -0.5963315 -0.7750619 0.2089703 -0.7749431 -0.5964852 0.06961214 -0.7494327 -0.6584109 0.06961137 -0.6582714 -0.7495553 0.9506432 -0.1297528 -0.2818542 0.9510245 0.0260967 -0.3080124 0.9510626 0.1597774 -0.2644829 0.95048 0.243003 -0.1937454 0.9501619 0.3057242 0.06103461 0.9502883 0.2467404 0.1899244 0.9506432 0.1297527 0.2818542 0.9510245 -0.0260967 0.3080123 0.9510625 -0.1597774 0.2644832 0.95048 -0.243003 0.1937454 0.9506455 -0.2818258 -0.1297981 0.9502857 -0.2467506 -0.189924 0.9501619 -0.3057242 -0.06103461 0.9510205 -0.3090021 0.008818924 0.9510233 -0.3080128 0.02613097 0.9490585 -0.2991847 0.09887731 0.9510199 -0.3090021 -0.008884966 0.9510496 -0.2644863 0.1598491 0.950479 -0.1938041 0.2429606 0.9490571 -0.09894984 0.2991649 0.951018 -0.008993029 0.3090048 0.9510191 0.008797526 0.309007 0.9501597 0.06097733 0.3057426 0.9502875 0.189869 0.2467868 0.9506474 0.2818191 0.1297981 0.9510205 0.3090021 -0.008818924 0.9510233 0.3080128 -0.02613097 0.9490584 0.2991847 -0.09887713 0.9510199 0.3090021 0.008884966 0.9510496 0.2644863 -0.1598491 0.950479 0.1938041 -0.2429606 0.9490571 0.09894984 -0.2991649 0.951018 0.008993029 -0.3090048 0.9510191 -0.008797526 -0.309007 0.9501597 -0.06097733 -0.3057426 0.9502875 -0.189869 -0.2467867 1 2.84217e-6 0 1 -4.26324e-6 0 1 -2.84215e-6 0 1 2.84217e-6 0 1 -2.84218e-6 0 1 1.42108e-6 0 1 2.84218e-6 0 1 -4.26324e-6 0 1 2.84218e-6 0 1 -1.42108e-6 0 1 -1.42109e-6 0 1 -4.26326e-6 0 1 -1.42108e-6 0 1 1.42108e-6 0 1 -5.68433e-6 0 1 1.42108e-6 0 1 -1.42109e-6 0 1 2.84217e-6 0 1 -2.84218e-6 0 1 -4.26327e-6 0 1 -7.76863e-6 0 1 4.67888e-6 0 1 -7.64692e-6 0 1 4.822e-6 0 1 7.45305e-6 0 1 -3.59949e-6 0 1 -8.62353e-7 0 1 -1.17774e-5 0 1 3.90506e-6 0 1 7.76861e-6 0 1 7.64693e-6 0 1 -2.411e-6 0 1 2.52639e-6 0 1 -3.59949e-6 0 1 8.62354e-7 0 1 1.17774e-5 0 1 -3.28368e-6 0 1 -7.45306e-6 0 1 2.52638e-6 0 1 3.59949e-6 0 1 -2.58706e-6 0 1 1.64184e-6 0 1 7.64691e-6 0 1 -2.41099e-6 0 1 -7.45306e-6 0 1 9.2205e-6 0 1 -7.7686e-6 0 1 4.67887e-6 0 1 -7.64693e-6 0 1 2.411e-6 0 1 -5.05275e-6 0 1 -3.59947e-6 0 1 3.28368e-6 0 1 7.7686e-6 0 1 7.64691e-6 0 1 -2.52637e-6 0 1 3.90506e-6 0 1 -7.64693e-6 0 1 7.45304e-6 0 1 3.59948e-6 0 1 -1.07895e-5 0 1 1.72471e-6 0 1 -1.20807e-6 0 1 1.35063e-6 0 1 1.66857e-7 0 1 1.31193e-6 0 1 2.71733e-6 0 1 2.41614e-6 0 1 2.50076e-6 0 1 -5.40252e-6 0 1 3.67085e-6 0 1 -1.87557e-6 0 1 2.62387e-6 0 1 -1.93466e-6 0 1 -1.20297e-6 0 1 -5.15909e-6 0 1 2.71733e-6 0 1 -3.12596e-6 0 1 -2.71733e-6 0 1 2.41614e-6 0 1 2.70126e-6 0 1 2.57955e-6 0 1 -2.40595e-6 0 1 1.20297e-6 0 1 2.44723e-6 0 1 -1.168e-6 0 0 -0.7071796 0.707034 1.49011e-7 -0.7071828 0.7070308 0 -0.7070324 -0.7071812 1.39595e-7 -0.7070322 -0.7071815 0 0.7070311 0.7071825 0 0.7070308 0.7071827 1 -3.04237e-6 0 1 -7.04106e-6 0 1 1.54736e-5 0 1 5.50199e-6 0 1 -1.87321e-6 0 1 0 0 1 -1.89669e-6 0 1 -4.12367e-6 0 1 4.74172e-7 0 1 1.25413e-6 0 1 -8.95451e-7 0 1 -3.10187e-6 0 1 6.4807e-6 0 1 5.78822e-6 0 1 -3.71002e-6 0 1 -3.59549e-7 0 1 -1.39537e-6 0 1 4.58238e-7 0 1 -1.05675e-6 0 1 2.89943e-7 0 1 -1.06057e-6 0 1 8.57383e-6 0 1 -1.11585e-5 0 1 9.36615e-6 0 1 4.46338e-6 0 1 1.17885e-6 0 1 2.25943e-6 0 1 4.05319e-7 0 1 2.04988e-6 0 1 3.36373e-7 0 1 3.26366e-6 0 1 -2.29994e-6 0 1 -6.41009e-7 0 1 2.17578e-6 0 1 -1.43746e-7 0 1 3.2837e-7 0 1 -1.03455e-6 0 1 -1.54734e-5 0 1 -1.34549e-6 0 1 -1.45968e-6 0 1 -2.13498e-5 0 1 8.23774e-6 0 1 1.43193e-6 0 1 -6.47572e-6 0 1 -2.11349e-6 0 1 -6.74751e-7 0 1 -3.95697e-6 0 1 0 0 1 -2.39164e-6 0 1 1.13629e-5 0 1 1.8482e-6 0 1 9.31409e-7 0 1 -6.27815e-6 0 1 4.77546e-6 0 1 -4.34311e-6 0 1 3.6964e-6 0 1 6.67217e-7 0 1 1.39801e-6 0 1 -6.81617e-7 0 1 -3.1391e-6 0 1 -4.68246e-6 0 1 -1.5743e-6 0 1 5.9791e-7 0 1 -4.61333e-6 0 1 -1.54553e-6 0 1 -1.52119e-6 0 1 -4.84776e-6 0 1 6.26473e-6 0 1 -2.09714e-6 0 1 4.84774e-6 0 1 5.6814e-6 0 1 2.84435e-6 0 1 -4.69131e-7 0 1 9.38258e-7 0 1 -1.269e-6 0 1 3.04237e-6 0 1 5.49821e-6 0 1 -6.38522e-7 0 1 3.4029e-6 0 1 1.15011e-6 0 1 -1.79791e-6 0 1 1.99264e-6 0 1 7.52201e-6 0 1 1.25563e-5 0 1 -4.77546e-6 0 1 -1.37578e-6 0 1 3.46046e-6 0 1 2.34565e-7 0 1 -6.38522e-7 0 1 -6.85326e-6 0 1 -1.38171e-6 0 1 1.60277e-6 0 1 -2.28442e-6 0 1 1.26471e-6 0 1 -2.61491e-6 0 1 -2.96843e-6 0 1 1.79526e-6 0 1 1.38419e-5 0 1 2.14896e-5 0 1 -6.27816e-6 0 1 5.68144e-6 0 1 -4.56196e-6 0 1 2.426e-6 0 1 -1.11015e-6 0 1 7.52199e-6 0 1 1.46245e-6 0 1 -1.2805e-5 0 1 -1.8482e-6 0 1 -4.84779e-6 0 1 -1.10963e-6 0 1 9.7567e-7 0 1 4.09663e-7 0 1 2.6149e-6 0 1 3.79338e-6 0 1 -2.7491e-6 0 1 5.51354e-5 0 1 -2.06183e-6 0 1 -3.12816e-6 0 -1 4.12652e-6 0 -1 1.08707e-6 0 -1 2.33143e-6 0 -1 -1.34955e-6 0 -1 -6.95799e-7 0 -1 2.72508e-6 0 -1 3.39709e-6 0 -1 -2.03516e-7 0 -1 -4.88503e-7 0 -1 -4.24591e-7 0 -1 -4.88589e-7 0 -1 1.01959e-6 0 -1 2.44333e-7 0 -1 1.71315e-7 0 -1 -6.84916e-7 0 -1 5.52212e-5 0 -1 -1.08059e-6 0 -1 2.44474e-7 0 -1 -3.42138e-7 0 -1 -1.34435e-6 0 -1 -1.40097e-6 0 -1 1.46668e-6 0 -1 -2.43406e-7 0 -1 4.88938e-7 0 -1 -9.77422e-7 0 -1 2.21091e-6 0 -1 0 0 -1 2.30304e-7 0 -1 1.33246e-6 0 -1 -1.31456e-6 0 -1 1.95418e-6 0 0 -0.6281678 0.778078 0 -0.6281675 0.7780783 0 -0.492645 0.8702304 1.88387e-7 -0.492645 0.8702304 0 -0.3438907 0.9390098 1.29779e-7 -0.3438909 0.9390097 4.78928e-7 -0.1858998 0.9825688 -1.64956e-7 -0.1858999 0.9825688 -4.78928e-7 -0.02291643 0.9997375 4.72737e-7 -0.02291643 0.9997374 -4.78928e-7 0.1406826 0.9900547 1.3683e-7 0.1406826 0.9900548 0 0.3005034 0.9537808 0 0.3005037 0.9537807 2.39464e-7 0.4522531 0.8918898 -1.21595e-7 0.4522532 0.8918896 0 0.5918555 0.8060442 0 0.5918551 0.8060444 0 0.7155624 0.6985489 0 0.82005 0.572292 0 0.8200501 0.5722917 0 0.9025121 0.4306645 0 0.9025118 0.4306651 0 0.9607343 0.2774699 0 0.9607342 0.2774707 0 0.9931528 0.116823 0 0.9931527 0.1168239 0 0.9988966 -0.04696363 0 0.9988967 -0.04696172 0 0.9778119 -0.209485 0 0.9778117 -0.2094859 0 0.9304646 -0.3663821 0 0.9304643 -0.3663828 0 0.8581258 -0.5134395 0 0.8581262 -0.5134388 0 0.76274 -0.6467053 0 0.7627402 -0.6467051 0 0.6468681 -0.7626019 0 0.6468686 -0.7626014 0 0.5136216 -0.8580169 -1.75185e-7 0.5136212 -0.8580171 0 0.3665816 -0.930386 -1.25527e-7 0.3665816 -0.930386 -4.78928e-7 0.209694 -0.9777671 1.65851e-7 0.209694 -0.9777671 4.78928e-7 0.04717576 -0.9988866 0 0.04717582 -0.9988867 4.78928e-7 -0.116612 -0.9931776 -1.4004e-7 -0.116612 -0.9931776 -4.78928e-7 -0.2772645 -0.9607937 3.67579e-7 -0.2772644 -0.9607937 0 -0.430472 -0.902604 0 -0.4304724 -0.9026039 2.39464e-7 -0.5721167 -0.8201722 0 -0.5721173 -0.8201719 2.39464e-7 -0.6983968 -0.7157109 0 -0.6983962 -0.7157114 1.19732e-7 -0.8059179 -0.5920274 0 -0.8059178 -0.5920276 0 -0.8917929 -0.4524441 0 -0.8917937 -0.4524426 0 -0.9537165 -0.3007073 0 -0.9537168 -0.3007063 0 -0.9900246 -0.1408949 0 -0.9900248 -0.1408938 0 -0.9997423 0.02270311 0 -0.9997423 0.02270406 0 -0.9826086 0.185689 0 -0.9826083 0.1856909 0 -0.9390832 0.3436903 0 -0.9390829 0.3436909 0 -0.870336 0.4924584 0 -0.8703349 0.4924604 0 -0.778213 0.6280005 0 -0.7782123 0.6280015 0 -0.6086766 -0.7934185 0 -0.3825841 -0.9239208 0 -0.3825848 -0.9239204 0 -0.1304205 -0.9914588 0 -0.1304207 -0.9914588 0 0.1306322 -0.991431 0 0.1306322 -0.991431 0 0.3827807 -0.9238393 0 0.3827816 -0.923839 0 0.6088472 -0.7932877 0 0.6088468 -0.7932879 0 0.7934177 -0.6086778 0 0.7934179 -0.6086775 0 0.9239206 -0.3825846 0 0.9239206 -0.3825842 0 0.9914587 -0.1304213 0 0.9914588 -0.1304202 0 0.9914309 0.1306318 0 0.9914309 0.1306329 0 0.9238387 0.3827823 0 0.923839 0.3827816 0 0.7932884 0.6088462 0 0.608677 0.7934182 0 0.608676 0.7934188 0 0.3825848 0.9239204 0 0.3825846 0.9239205 0 0.1304206 0.9914588 0 0.1304207 0.9914588 0 -0.1306326 0.9914309 0 -0.1306324 0.9914309 0 -0.382781 0.9238391 0 -0.3827816 0.9238389 0 -0.6088462 0.7932884 0 -0.6088456 0.7932888 0 -0.7934184 0.6086766 0 -0.7934187 0.6086764 0 -0.9239203 0.3825849 0 -0.9239206 0.3825846 0 -0.9914588 0.1304205 0 -0.9914587 0.1304211 0 -0.9914309 -0.1306318 0 -0.9914308 -0.1306337 0 -0.923839 -0.3827816 0 -0.7932884 -0.6088462 0 -0.7932885 -0.6088459 0 -0.6086767 -0.7934184 0 -0.8466651 -0.5321263 0 -0.8466663 -0.5321243 0 -0.9937002 -0.1120719 0 -0.9937004 -0.1120695 0 -0.9439172 0.3301822 0 -0.9439188 0.3301779 0 -0.7071838 0.7070298 0 -0.7071831 0.7070305 0 -0.3303813 0.9438477 0 -0.3303769 0.9438491 0 0.1118574 0.9937243 0 0.1118575 0.9937244 0 0.5319351 0.8467851 0 0.5319429 0.8467803 0 0.8466669 0.5321233 0 0.9937003 0.1120706 0 0.9937005 0.1120681 0 0.9439178 -0.330181 0 0.9439201 -0.3301742 0 0.7071831 -0.7070305 0 0.7071824 -0.7070312 0 0.3303818 -0.9438475 0 0.330376 -0.9438494 0 -0.1118577 -0.9937242 0 -0.1118602 -0.9937241 0 -0.5319357 -0.8467848 0 -0.5319442 -0.8467795 0 -0.8466669 -0.5321233 0 -0.8466644 -0.5321272 0 -0.9937005 -0.1120681 0 -0.9937 -0.1120733 0 -0.9439184 0.330179 0 -0.9439169 0.3301834 0 -0.7071844 0.7070291 0 -0.7071824 0.7070312 0 -0.3303822 0.9438473 0 0.1118602 0.9937241 0 0.5319417 0.846781 0 0.8466663 0.5321243 0 0.9439204 -0.330173 0 0.3303813 -0.9438477 0 0.3303769 -0.9438491 0 -0.1118599 -0.993724 0 -0.1118574 -0.9937243 0 -0.8466657 -0.5321252 0 -0.9937003 -0.1120706 0 -0.9439178 0.330181 0 -0.3303765 0.9438493 0 -0.3303818 0.9438475 0 0.1118577 0.9937242 0 0.11186 0.9937241 0 0.5319435 0.8467799 0 0.9937004 0.1120692 0 0.9439172 -0.3301822 0 0.3303765 -0.9438493 0 -0.9439201 0.3301742 0 -0.3303773 0.943849 0 0.5319442 0.8467795 0 0.8466657 0.5321252 0 0.9937 0.1120733 0 0.9937009 0.1120654 0 0.9439192 -0.3301766 0 0.7071776 -0.707036 0 0.3303822 -0.9438473 0 -0.11186 -0.9937241 0 -0.5319429 -0.8467803 0 -0.8659725 -0.5000919 0 -0.8659713 -0.5000938 0 -1 -1.05421e-4 0 -1 -1.05421e-4 0 -0.8660789 0.4999076 0 -0.866079 0.4999072 0 -0.500091 0.865973 0 -0.5000929 0.8659718 0 -1.0767e-4 1 0 -1.07669e-4 1 0 0.4999069 0.8660792 0 0.4999057 0.8660799 0 0.8659737 0.5000897 0 0.8659726 0.5000916 0 1 1.11277e-4 0 1 1.08349e-4 0 0.8660777 -0.4999094 0 0.5000917 -0.8659725 0 0.5000914 -0.8659726 0 1.07951e-4 -1 0 1.0795e-4 -1 0 -0.4999082 -0.8660785 0 -0.4999069 -0.8660792 0 -0.8659717 -0.5000931 1.83022e-7 -0.8659717 -0.5000931 0 -1 -1.06153e-4 0 -1 -1.06519e-4 0 -0.8660792 0.499907 0 -0.8660791 0.4999071 0 -0.5000923 0.8659722 3.66044e-7 -0.5000926 0.8659721 0 -1.06826e-4 1 0 -1.06826e-4 1 0 0.4999076 0.8660788 0 0.4999077 0.8660787 0 0.8659723 0.500092 0 0.8659725 0.5000916 0 1 1.06885e-4 0 1 1.06885e-4 0 0.8660795 -0.4999063 -1.83021e-7 0.8660796 -0.4999061 0 0.5000923 -0.8659722 0 0.5000925 -0.8659721 0 1.07951e-4 -1 0 1.07951e-4 -1 -3.66043e-7 -0.4999101 -0.8660773 3.66043e-7 -0.4999098 -0.8660775 0 -0.8659706 -0.5000951 0 -0.8659731 -0.5000907 0 -1 -1.08349e-4 0 -0.8660768 0.499911 0 -0.5000944 0.8659709 0 -0.5000969 0.8659695 0 -1.06263e-4 1 0 -1.06264e-4 1 0 0.4999076 0.8660787 0 0.4999079 0.8660786 0 0.865973 0.500091 0 0.8659718 0.5000932 0 1 1.08349e-4 0 1 1.05421e-4 0 0.8660783 -0.4999085 0 0.866077 -0.4999107 0 0.5000941 -0.8659711 0 0.5000957 -0.8659702 0 1.05702e-4 -1 0 1.05702e-4 -1 0 -0.4999091 -0.8660779 0 -0.4999076 -0.8660788 0 -0.8659725 -0.5000917 0 -1 -1.07617e-4 0 -1 -1.07251e-4 1.83022e-7 -0.8660784 0.4999083 0 -0.8660783 0.4999085 0 -0.5000916 0.8659726 0 -0.5000917 0.8659725 -3.66043e-7 -1.102e-4 1 3.66044e-7 -1.10199e-4 1 0 0.4999083 0.8660783 0 0.8659718 0.5000929 -1.83021e-7 0.8659719 0.5000926 0 1 1.07983e-4 0 1 1.07983e-4 0 0.8660775 -0.4999099 0 0.8660776 -0.4999096 0 0.5000951 -0.8659705 -3.66044e-7 0.5000951 -0.8659705 0 1.04577e-4 -1 0 1.04577e-4 -1 0 -0.4999088 -0.8660781 3.66042e-7 -0.4999085 -0.8660784 0.006093323 -0.8385968 -0.5447186 0.006093323 -0.9876534 -0.1565364 0 -0.9658984 -0.2589215 0 -0.8909579 -0.4540861 0.006093382 -0.9659356 0.2587112 0 -0.987705 0.1563294 0 -0.998624 -0.05244159 0.006093442 -0.7771995 0.6292249 0 -0.8387299 0.5445478 0 -0.9336187 0.3582684 0.006093263 -0.4540764 0.8909419 0 -0.5447268 0.8386136 0 -0.7071825 0.7070311 0.006093263 -0.05244159 0.9986054 0 -0.1565392 0.9876717 0 -0.3584679 0.9335421 0.006093323 0.3582617 0.9336013 0 0.2587155 0.9659537 0 0.0522288 0.9986352 0.006093263 0.7070183 0.707169 0 0.6292376 0.7772131 0 0.4538958 0.8910548 0.006093323 0.9335249 0.3584609 0 0.8909579 0.4540861 0 0.7770786 0.6294038 0.006093263 0.9986166 -0.05222851 0 0.998624 0.05244159 0 0.9658984 0.2589215 0.006093204 0.8910386 -0.4538867 0 0.9336189 -0.3582679 0 0.987705 -0.1563294 0.006093323 0.6293911 -0.7770649 0 0.7071825 -0.707031 0 0.8387299 -0.5445478 0.006093323 0.2589174 -0.9658803 0 0.3584677 -0.9335422 0 0.5447272 -0.8386135 0.006093323 -0.1563256 -0.9876868 0 -0.0522288 -0.9986352 0 0.1565396 -0.9876717 0 -0.7770785 -0.6294038 0 -0.6292379 -0.7772128 0.006093382 -0.5445397 -0.838713 0 -0.4538957 -0.8910549 0 -0.2587155 -0.9659537 0.7051622 -0.3218339 -0.6317985 0.7051624 -0.3218314 -0.6317996 0.7051618 -0.1834444 -0.6849051 0.7051622 -0.1834407 -0.6849058 0.7051619 -0.03703582 -0.7080784 0.7051621 -0.03703552 -0.7080784 0.705162 0.1109961 -0.7003046 0.7051621 0.1109946 -0.7003047 0.7051618 0.2541711 -0.6619244 0.7051625 0.2541683 -0.6619248 0.7051618 0.3862376 -0.5946153 0.7051618 0.3862383 -0.594615 0.7051649 0.5014191 -0.5013197 0.7051602 0.5014291 -0.5013165 0.7051639 0.5946953 -0.3861106 0.7051613 0.5946983 -0.3861107 0.7051627 0.6619781 -0.254029 0.7051629 0.6619777 -0.2540292 0.7051637 0.7003269 -0.1108449 0.7051611 0.7003294 -0.1108447 0.7051609 0.7080718 0.03718382 0.7051625 0.7080701 0.03718483 0.7051618 0.6848668 0.1835876 0.705161 0.6848677 0.1835871 0.7051622 0.6317304 0.3219675 0.7051619 0.6317307 0.3219674 0.7051621 0.5509849 0.4462758 0.7051614 0.5509861 0.4462754 0.7051626 0.4461578 0.5510799 0.7051622 0.4461576 0.5510805 0.7051637 0.3218281 0.6317998 0.7051613 0.3218354 0.6317986 0.7051615 0.1834444 0.6849055 0.7051622 0.1834406 0.6849057 0.7051617 0.03703582 0.7080786 0.7051623 0.03703111 0.7080783 0.7051625 -0.1109896 0.7003051 0.7051622 -0.1109946 0.7003046 0.7051618 -0.2541711 0.6619244 0.7051621 -0.2541708 0.6619242 0.7051615 -0.3862376 0.5946158 0.705162 -0.3862383 0.5946146 0.7051625 -0.5014238 0.5013183 0.7051618 -0.5014252 0.5013179 0.705161 -0.5946993 0.3861098 0.705163 -0.5946962 0.3861111 0.7051655 -0.6619743 0.2540309 0.7051606 -0.6619806 0.2540283 0.705162 -0.7003287 0.1108439 0.7051628 -0.7003278 0.1108446 0.7051625 -0.7080701 -0.0371831 0.7051608 -0.7080718 -0.03718429 0.7051622 -0.6848663 -0.1835877 0.7051611 -0.6848677 -0.1835871 0.7051627 -0.6317293 -0.3219686 0.705162 -0.6317308 -0.321967 0.7051635 -0.5509821 -0.446277 0.7051613 -0.5509859 -0.4462757 0.7051625 -0.4461582 -0.5510797 0.7051624 -0.4461575 -0.5510804 0.8491207 5.80614e-5 -0.528199 0.8491208 -0.2640494 -0.4574625 0.8491208 0.5281987 5.79202e-5 0.8491212 0.4574594 -0.2640534 0.8491197 0.2641503 -0.4574061 0.8491207 -5.50052e-5 0.528199 0.8491213 0.2640479 0.4574623 0.8491221 0.4574032 0.2641478 0.8491213 -0.528198 -5.55071e-5 0.8491215 -0.4574607 0.2640503 0.8491209 -0.2641457 0.4574066 0.84912 -0.4574062 -0.2641491 0 -0.8659714 -0.5000938 0 -0.8659727 -0.5000913 0 -1 -1.05674e-4 0 -1 -1.0382e-4 0 -0.8660799 0.4999057 0 -0.8660803 0.4999052 0 -0.5000909 0.8659729 0 -0.500091 0.8659729 0 -1.09075e-4 1 0 -1.09075e-4 1 0 0.4999096 0.8660776 0 0.4999077 0.8660787 0 0.8659728 0.5000911 0 0.8659718 0.5000929 0 1 1.05674e-4 0 1 1.07527e-4 0 0.866077 -0.499911 0 0.8660767 -0.4999113 0 0.5000957 -0.8659703 0 0.5000962 -0.86597 0 1.04577e-4 -1 0 1.04577e-4 -1 0 -0.4999074 -0.866079 0 -0.4999062 -0.8660796 0.8491198 5.50052e-5 -0.5282004 0.8491211 -0.2640491 -0.457462 0.8491219 0.528197 5.5507e-5 0.8491203 0.4574613 -0.2640531 0.8491203 0.2641508 -0.4574047 0.84912 -5.69759e-5 0.5282 0.8491215 0.2640483 0.4574618 0.84912 0.4574062 0.2641491 0.8491209 -0.5281985 -5.55071e-5 0.8491224 -0.4574587 0.2640506 0.8491205 -0.2641497 0.4574052 0.8491207 -0.4574053 -0.2641486 0 -0.8659712 -0.5000939 0 -1 -1.05673e-4 0 -1 -1.01966e-4 0 -0.8660792 0.4999069 0 -0.5000921 0.8659723 0 -1.07951e-4 1 0 -1.07951e-4 1 0 0.4999079 0.8660786 0 0.4999063 0.8660795 0 0.8659727 0.5000913 0 0.8659709 0.5000945 0 1 1.01966e-4 0 1 1.05674e-4 0 0.8660794 -0.4999065 0 0.8660783 -0.4999083 0 0.5000934 -0.8659716 0 0.5000919 -0.8659724 0 1.09075e-4 -1 0 1.09075e-4 -1 0 -0.4999086 -0.8660783 0 -0.4999083 -0.8660783 0.84912 5.69759e-5 -0.5282 0.8491212 -0.2640486 -0.4574623 0.8491216 0.5281975 5.5507e-5 0.8491214 0.4574608 -0.2640506 0.8491197 0.2641499 -0.4574066 0.8491201 -5.69757e-5 0.5281999 0.8491204 0.2640491 0.4574632 0.8491209 0.4574055 0.2641475 0.8491221 -0.5281968 -5.67136e-5 0.8491212 -0.4574605 0.2640514 0.8491213 -0.2641459 0.4574058 0.8491206 -0.4574059 -0.2641477 0 -0.8659725 -0.5000917 0 -1 -1.05674e-4 0 -0.8660791 0.4999071 0 -0.5000915 0.8659726 0 -0.5000908 0.865973 0 -1.07951e-4 1 0 -1.0795e-4 1 0 0.8659719 0.5000927 0 0.8659717 0.5000931 0 1 1.05673e-4 0 1 1.0382e-4 0 0.8660789 -0.4999073 0 0.8660785 -0.4999081 0 0.5000931 -0.8659717 0 0.5000928 -0.8659719 0 1.07951e-4 -1 0 1.07951e-4 -1 0 -0.4999079 -0.8660786 0 -0.4999063 -0.8660795 0.8491201 5.80613e-5 -0.5281999 0.8491199 -0.2640538 -0.4574617 0.8491216 0.5281975 5.67137e-5 0.8491221 0.4574586 -0.2640517 0.8491205 0.2641497 -0.4574052 0.8491207 -5.89466e-5 0.528199 0.8491208 0.2640494 0.4574625 0.8491213 -0.5281981 -5.79204e-5 0.8491207 -0.2641453 0.4574071 0.8491203 -0.4574064 -0.264148 0 -0.8659709 -0.5000945 0 -0.8659721 -0.5000926 0 -1 -1.07528e-4 0 -0.8660786 0.4999079 0 -0.8660783 0.4999083 0 -0.5000929 0.8659718 0 -1.06826e-4 1 0 -1.06826e-4 1 0 0.4999088 0.8660781 0 0.8659704 0.5000954 0 0.5000939 -0.8659712 0 1.04577e-4 -1 0 -0.4999084 -0.8660783 0 -0.4999069 -0.8660792 0 0.2488567 -0.9685404 -1.8375e-7 0.2488563 -0.9685405 -3.94412e-7 0.5348992 -0.8449158 0 0.5349007 -0.844915 -3.94412e-7 0.7690009 -0.6392478 0 0.7690011 -0.6392474 -3.94413e-7 0.9284316 -0.3715035 0 0.9284313 -0.3715041 -1.83627e-7 0.8341292 0.5515694 -2.48868e-7 0.8341283 0.5515705 -3.67255e-7 0.7164254 0.6976638 0 0.7164257 0.6976634 0 -0.20221 0.9793423 0 -0.2022092 0.9793424 0 -0.5106843 0.8597683 1.82164e-7 -0.5106847 0.8597681 1.52725e-7 -0.7632631 0.6460878 2.32136e-7 -0.7632637 0.6460871 3.16587e-7 -0.7330177 -0.6802096 3.16587e-7 -0.7330173 -0.6802099 1.58294e-7 -0.8344286 -0.5511162 3.16588e-7 -0.8344282 -0.5511168 0 -0.3651076 -0.9309653 0 -0.3651086 -0.930965 0 -0.04136991 -0.999144 0 -0.04136991 -0.9991439 0 0.2868974 -0.9579613 0 0.2868967 -0.9579616 -2.29535e-7 0.9617345 -0.2739835 -2.12542e-7 0.9617347 -0.2739824 -2.29534e-7 0.9959846 -0.08952564 -2.34479e-7 0.9959846 -0.08952564 0 0.6408223 0.7676894 -2.87764e-7 0.6408208 0.7676907 -1.97207e-7 0.3734068 0.9276677 0 0.3734064 0.9276679 -1.97207e-7 0.06973332 0.9975657 0 0.0697332 0.9975658 1.97207e-7 -0.2407125 0.9705966 0 -0.2407114 0.9705968 0 -0.996033 0.08898508 0 -0.9960328 0.08898645 0 -0.9680533 0.2507448 0 -0.9680535 0.2507439 1.97206e-7 -0.9685403 -0.2488566 2.07026e-7 -0.9685403 -0.248857 1.97206e-7 -0.8449151 -0.5349006 2.06058e-7 -0.8449155 -0.5348998 0 -0.6392465 -0.7690019 3.06524e-7 -0.6392478 -0.7690009 0 -0.3715035 -0.9284316 0 -0.3715039 -0.9284314 0 0.5515697 -0.8341289 1.19469e-7 0.5515695 -0.834129 0 0.6976638 -0.7164254 -2.05407e-7 0.6976645 -0.7164247 -3.0545e-7 0.9793427 0.2022077 0 0.9793425 0.2022089 0 0.8597681 0.5106846 0 0.8597678 0.5106852 0 0.6460881 0.7632629 3.16587e-7 -0.6802093 0.733018 0 -0.6802096 0.7330177 0 -0.5511178 0.8344274 0 -0.5511171 0.834428 0 -0.9309649 0.3651089 0 -0.930965 0.3651086 0 -0.999144 0.04136919 0 -0.999144 0.04136925 1.52725e-7 -0.9579613 -0.2868978 0 -0.9579613 -0.2868974 0 -0.273983 -0.9617346 0 -0.2739828 -0.9617347 0 -0.08952558 -0.9959845 4.69682e-7 -0.0895254 -0.9959846 0 0.76769 -0.6408215 0 0.9276677 -0.3734069 0 0.9975658 -0.0697329 0 0.9705966 0.2407125 0 0.9705967 0.2407118 -6.33175e-7 0.08898496 0.996033 0 0.08898508 0.996033 0 0.2507439 0.9680535 0 0.2507439 0.9680535 0 -0.2488574 0.9685402 2.82294e-7 -0.2488574 0.9685401 0 -0.5348987 0.8449162 1.36963e-7 -0.5348994 0.8449158 3.94413e-7 -0.7690024 0.6392459 0 -0.7690005 0.6392484 0 -0.9284316 0.3715035 3.35773e-7 -0.9284313 0.3715041 3.67255e-7 -0.8341292 -0.5515694 0 -0.8341286 -0.55157 3.67255e-7 -0.7164254 -0.6976638 0 -0.7164254 -0.6976638 0 0.2022081 -0.9793426 -1.73492e-7 0.2022089 -0.9793425 0 0.5106837 -0.8597687 0 0.5106842 -0.8597685 0 0.7632632 -0.6460878 -3.08545e-7 0.7632637 -0.6460871 0 0.7330177 0.6802096 -3.16587e-7 0.7330177 0.6802096 -3.16587e-7 0.8344277 0.5511175 0 0.834428 0.5511171 0 0.3651077 0.9309654 0 0.3651083 0.9309651 0 0.04136919 0.999144 0 0.04136919 0.999144 0 -0.2868974 0.9579613 0 -0.286898 0.9579612 2.29534e-7 -0.9617344 0.2739838 2.12514e-7 -0.9617345 0.2739835 2.32403e-7 -0.9959846 0.08952564 2.31583e-7 -0.9959848 0.08952349 0 -0.6408216 -0.7676898 0 -0.6408212 -0.7676903 0 -0.3734065 -0.9276678 0 -0.3734074 -0.9276675 0 -0.06973272 -0.9975658 0 -0.0697329 -0.9975658 -1.97206e-7 0.2407118 -0.9705967 0 0.2407118 -0.9705967 0 0.996033 -0.08898508 0 0.996033 -0.0889852 0 0.9680539 -0.2507424 0 0.9680533 -0.2507448 0 -0.76769 0.6408215 0 -0.7676896 0.640822 0 -0.927668 0.3734062 0 -0.9276677 0.3734069 0 -0.9975658 0.06973361 0 -0.9975658 0.0697329 0 -0.9705964 -0.2407129 0 -0.9705963 -0.2407132 6.33175e-7 -0.08898496 -0.9960331 0 -0.08898508 -0.996033 0 -0.2507445 -0.9680534 0 -0.2507446 -0.9680533 -1.52725e-7 0.930965 -0.3651085 0 0.9309651 -0.3651081 0 0.999144 -0.04136985 0 0.999144 -0.04136991 -1.52725e-7 0.9579612 0.286898 0 0.9579613 0.2868977 0 0.2739828 0.9617346 0 0.2739828 0.9617347 0 0.08952558 0.9959845 2.7343e-7 0.0895254 0.9959846 1 2.90523e-6 0 1 -1.83194e-6 0 1 -5.76464e-6 0 1 -1.46246e-6 0 1 -7.69827e-7 0 1 3.67178e-6 0 1 -2.90524e-6 0 1 -2.85737e-7 0 1 1.09684e-6 0 1 -2.05587e-6 0 1 5.44732e-7 0 1 2.38126e-6 0 1 -1.53966e-6 0 1 -1.73953e-6 0 1 -8.49289e-7 0 1 4.30013e-7 0 1 -2.40041e-6 0 1 1.52393e-6 0 1 2.05587e-6 0 1 5.76464e-6 0 1 -2.90523e-6 0 1 1.46246e-6 0 1 2.30949e-6 0 1 -1.73953e-6 0 1 2.20307e-6 0 1 -3.44011e-6 0 1 -3.80983e-7 0 1 8.49289e-7 0 1 2.40041e-6 0 1 3.63155e-7 0 1 -3.39715e-6 0 1 -2.38126e-6 0 1 1.73953e-6 0 -1.97206e-7 0.9685403 0.2488566 -2.07085e-7 0.9685403 0.248857 -1.97206e-7 0.8449155 0.5348998 0 0.8449155 0.5348998 -3.94413e-7 0.6392468 0.7690017 1.86432e-7 0.639245 0.7690032 3.94413e-7 0.3715058 0.9284306 -3.80976e-7 0.371506 0.9284306 0 -0.5515698 0.8341287 0 -0.5515692 0.8341293 3.67255e-7 -0.6976645 0.7164247 0 -0.6976642 0.716425 3.0545e-7 -0.9793425 -0.2022089 1.23655e-7 -0.9793425 -0.2022089 0 -0.8597678 -0.5106852 0 -0.8597683 -0.5106843 0 -0.6460878 -0.7632631 0 -0.6460874 -0.7632634 -3.16587e-7 0.6802093 -0.733018 0 0.6802096 -0.7330177 0 0.5511174 -0.8344278 -6.33175e-7 0.551117 -0.8344281 -0.7040611 0.1028931 0.7026458 -0.7040644 0.1028883 0.7026432 -0.704063 0.2812454 0.6520708 -0.7040667 0.281239 0.6520696 -0.704066 0.4404183 0.5570665 -0.7040637 0.4404249 0.5570639 -0.7040615 0.5696036 0.4240864 -0.7040655 0.5695955 0.4240907 -0.7040675 0.6599482 0.2622161 -0.7040619 0.6599541 0.2622168 -0.7040609 0.7053343 0.08247274 -0.7040665 0.7053287 0.08247417 -0.7040598 0.7026481 -0.1028864 -0.7040638 0.7026435 -0.10289 -0.7040596 0.652074 -0.2812465 -0.7040619 0.6520738 -0.2812413 -0.7040606 0.5570617 -0.4404326 -0.7040618 0.5570666 -0.4404245 -0.7040658 0.4240897 -0.5695958 -0.7040635 0.4240881 -0.5695998 -0.7040628 0.2622216 -0.6599511 -0.7040611 0.2622211 -0.6599531 -0.7040626 0.08247476 -0.7053324 -0.704066 0.08246952 -0.7053296 -0.7040611 -0.1028931 -0.7026458 -0.7040631 -0.1028856 -0.7026449 -0.704063 -0.2812454 -0.6520708 -0.7040612 -0.2812451 -0.6520729 -0.7040656 -0.4404203 -0.5570654 -0.7040661 -0.4404228 -0.5570627 -0.7040598 -0.5696048 -0.4240874 -0.7040706 -0.5695878 -0.4240923 -0.7040671 -0.6599462 -0.2622226 -0.7040629 -0.6599537 -0.2622151 -0.704061 -0.7053345 -0.08247095 -0.7040714 -0.7053239 -0.08247351 -0.7040575 -0.7026495 0.1028921 -0.7040644 -0.7026433 0.102887 -0.7040632 -0.6520708 0.2812451 -0.7040615 -0.6520747 0.2812402 -0.7040598 -0.5570647 0.4404303 -0.704065 -0.5570597 0.4404283 -0.7040651 -0.4240892 0.569597 -0.704062 -0.4240889 0.5696009 -0.7040628 -0.2622216 0.6599511 -0.7040626 -0.2622206 0.6599517 -0.7040621 -0.08246785 0.7053338 -0.7040631 -0.08246952 0.7053326 -0.008776426 0.8731504 0.4873722 -0.008775949 0.5124842 0.8586518 0 0.6201977 0.7844455 0 0.8020965 0.5971945 -0.008776366 0.01449972 0.9998564 0 0.1448893 0.9894479 0 0.3960407 0.918233 -0.00877577 -0.4873715 0.8731507 0 -0.3692523 0.9293292 0 -0.1161366 0.9932333 -0.008776068 -0.8586523 0.5124834 0 -0.7844468 0.6201961 0 -0.5971879 0.8021014 -0.008776068 -0.9998564 0.01450145 0 -0.9894482 0.1448877 1.55257e-7 -0.918235 0.3960361 -0.008776187 -0.8731498 -0.4873733 3.10512e-7 -0.9293299 -0.3692506 1.55257e-7 -0.9932333 -0.1161369 -0.008776187 -0.5124847 -0.8586515 3.10514e-7 -0.6202037 -0.7844408 0 -0.8020964 -0.5971947 -0.008776247 -0.01449865 -0.9998565 0 -0.1448854 -0.9894486 0 -0.3960397 -0.9182334 -0.008776068 0.4873733 -0.8731496 0 0.3692498 -0.9293302 0 0.1161348 -0.9932335 -0.008776545 0.8586512 -0.5124853 0 0.7844433 -0.6202006 0 0.5971938 -0.802097 0 0.9293318 0.3692457 0 0.9932333 0.1161366 -0.008776307 0.9998565 -0.01449644 0 0.9894481 -0.1448874 0 0.9182325 -0.3960419 -0.7040647 0.1028931 0.7026422 -0.7040638 0.1028857 0.7026442 -0.7040623 0.2812443 0.6520721 -0.7040626 0.2812457 0.6520712 -0.7040653 0.4404195 0.5570662 -0.704064 0.4404233 0.5570648 -0.7040622 0.5696039 0.4240848 -0.7040666 0.5695952 0.424089 -0.7040689 0.6599444 0.2622219 -0.7040656 0.65995 0.2622169 -0.7040635 0.7053315 0.08247423 -0.7040659 0.7053298 0.08246988 -0.7040641 0.7026433 -0.1028896 -0.7040571 0.7026507 -0.1028864 -0.7040629 0.6520704 -0.2812467 -0.7040614 0.6520754 -0.281239 -0.7040661 0.5570574 -0.4404292 -0.7040593 0.5570693 -0.4404251 -0.7040625 0.4240899 -0.5695997 -0.7040628 0.4240885 -0.5696004 -0.7040618 0.2622177 -0.6599538 -0.7040657 0.2622158 -0.6599503 -0.7040627 0.08247429 -0.7053324 -0.7040638 0.08246976 -0.7053318 -0.7040629 -0.1028928 -0.702644 -0.7040631 -0.1028854 -0.7026449 -0.7040626 -0.2812457 -0.6520712 -0.7040612 -0.440431 -0.5570623 -0.7040604 -0.4404306 -0.5570636 -0.7040641 -0.5695971 -0.4240906 -0.7040596 -0.5696036 -0.4240895 -0.7040612 -0.659956 -0.2622134 -0.7040596 -0.6599562 -0.2622176 -0.704069 -0.705326 -0.08247524 -0.7040653 -0.70533 -0.08247286 -0.7040578 -0.7026497 0.1028884 -0.7040646 -0.7026431 0.102887 -0.7040577 -0.6520763 0.2812461 -0.7040658 -0.6520684 0.281244 -0.7040658 -0.5570608 0.4404255 -0.7040632 -0.5570618 0.4404284 -0.7040593 -0.4240947 0.5696001 -0.7040635 -0.4240881 0.5695998 -0.7040625 -0.2622143 0.6599544 -0.7040632 -0.2622219 0.6599506 -0.7040609 -0.08247452 0.7053343 -0.7040646 -0.08246934 0.7053311 -0.008776307 0.4873719 -0.8731504 -0.008776366 0.8586508 -0.5124861 -1.55257e-7 0.784445 -0.6201986 -1.55256e-7 0.5971947 -0.8020964 -0.008776366 0.9998564 -0.01449894 -1.55256e-7 0.9894482 -0.1448877 -1.55257e-7 0.9182348 -0.3960365 -0.008776366 0.8731501 0.4873728 -1.55256e-7 0.9293296 0.3692514 -1.35849e-7 0.9932333 0.1161369 -0.008776366 0.5124831 0.8586525 0 0.6202014 0.7844428 -1.55256e-7 0.8020977 0.5971929 -0.008776247 0.01449972 0.9998564 0 0.1448873 0.9894482 0 0.3960382 0.9182341 -0.008776366 -0.4873716 0.8731506 0 -0.3692488 0.9293307 0 -0.1161354 0.9932335 -0.008776247 -0.8586523 0.5124834 1.55256e-7 -0.784444 0.6201997 0 -0.5971915 0.8020988 -0.008775949 -0.9998564 0.01449644 0 -0.9894489 0.1448826 1.55257e-7 -0.9182329 0.3960409 -0.008776247 -0.873151 -0.4873709 1.55256e-7 -0.9293316 -0.3692463 1.3585e-7 -0.9932332 -0.116137 -0.008776128 -0.5124852 -0.8586513 0 -0.6201989 -0.7844446 1.55257e-7 -0.8020971 -0.5971938 0 0.369247 -0.9293313 1.55256e-7 0.1161369 -0.9932332 -0.008776247 -0.01449763 -0.9998565 1.55256e-7 -0.3960397 -0.9182334 -0.7040658 0.1028782 0.7026432 -0.7040597 0.1028918 0.7026473 -0.7040612 0.2812461 0.6520725 -0.7040652 0.2812325 0.652074 -0.7040627 0.4404318 0.5570598 -0.7040619 0.4404296 0.5570625 -0.7040648 0.5695967 0.4240903 -0.7040635 0.5695963 0.4240928 -0.7040628 0.6599533 0.262216 -0.7040609 0.659956 0.2622146 -0.7040662 0.7053288 0.0824756 -0.7040578 0.7053375 0.08247238 -0.7040671 0.7026408 -0.1028856 -0.7040581 0.7026494 -0.1028891 -0.7040613 0.6520729 -0.2812447 -0.7040643 0.5570589 -0.4404304 -0.704064 0.5570613 -0.440428 -0.7040621 0.4240918 -0.5695987 -0.7040647 0.4240888 -0.5695978 -0.7040629 0.2622203 -0.6599515 -0.7040588 0.2622184 -0.6599566 -0.7040626 0.08247518 -0.7053323 -0.7040622 0.08247268 -0.7053331 -0.7040638 -0.1028853 -0.7026442 -0.7040659 -0.2812319 -0.6520735 -0.7040606 -0.4404323 -0.5570622 -0.7040616 -0.4404255 -0.5570661 -0.70406 -0.5696064 -0.4240849 -0.704065 -0.5695951 -0.4240919 -0.7040684 -0.6599456 -0.2622205 -0.7040598 -0.6599563 -0.2622162 -0.7040591 -0.7053362 -0.08247292 -0.7040655 -0.7053298 -0.08247286 -0.7040627 -0.7026445 0.1028901 -0.7040599 -0.6520749 0.2812438 -0.7040622 -0.6520741 0.2812399 -0.7040649 -0.5570594 0.4404289 -0.704062 -0.557062 0.4404301 -0.7040641 -0.4240884 0.5695988 -0.7040663 -0.2622166 0.6599494 -0.7040603 -0.2622178 0.6599553 -0.7040672 -0.08247441 0.7053279 -0.7040601 -0.08247017 0.7053354 -0.008776068 -0.8731504 -0.4873722 -0.008776366 -0.5124853 -0.8586512 0 -0.6202024 -0.7844418 0 -0.8020971 -0.5971938 0 -0.3960373 -0.9182345 -0.008776187 0.4873722 -0.8731502 0 0.3692505 -0.9293299 0 0.1161354 -0.9932335 -0.008776307 0.8586512 -0.5124852 0 0.7844457 -0.6201976 0 0.5971927 -0.8020979 -0.008776247 0.9998564 -0.01449894 -1.9407e-7 0.9894489 -0.1448826 -1.55256e-7 0.9182314 -0.3960445 -0.008776366 0.8731498 0.4873732 -1.55257e-7 0.9932332 0.116137 -0.008776247 0.5124859 0.8586509 -3.10513e-7 0.8020971 0.5971938 -0.008776068 0.01449763 0.9998565 3.10512e-7 0.144885 0.9894485 0 0.3960407 0.918233 -0.008776247 -0.4873733 0.8731496 0 -0.3692498 0.9293302 -3.10513e-7 -0.1161369 0.9932332 -0.008776068 -0.8586515 0.512485 0 -0.7844438 0.6202 0 -0.5971927 0.8020979 0 -0.9293296 -0.3692514 0 -0.9932335 -0.1161344 -0.008776128 -0.9998564 0.01449769 0 -0.9894486 0.1448853 0 -0.9182323 0.3960424 -0.7040638 0.1028932 0.702643 -0.7040632 0.1028839 0.702645 -0.7040621 0.2812457 0.6520717 -0.7040612 0.2812451 0.6520729 -0.704066 0.4404208 0.5570642 -0.7040627 0.4404292 0.5570619 -0.7040649 0.5695948 0.4240925 -0.704066 0.5695971 0.4240876 -0.7040619 0.6599541 0.2622163 -0.7040601 0.6599566 0.2622148 -0.7040688 0.7053259 0.08247888 -0.7040662 0.7053294 0.08246982 -0.7040653 0.7026427 -0.1028859 -0.7040582 0.7026488 -0.102892 -0.704061 0.652076 -0.2812387 -0.7040606 0.6520739 -0.2812443 -0.7040655 0.5570643 -0.4404216 -0.7040647 0.5570606 -0.4404276 -0.7040618 0.4240917 -0.5695991 -0.7040623 0.424085 -0.5696036 -0.7040636 0.2622169 -0.6599521 -0.7040633 0.2622208 -0.6599509 -0.7040646 0.0824697 -0.705331 -0.7040647 -0.1028931 -0.7026422 -0.7040626 -0.1028822 -0.7026458 -0.7040612 -0.2812461 -0.6520725 -0.704064 -0.2812451 -0.6520699 -0.7040671 -0.4404184 -0.5570648 -0.7040619 -0.4404296 -0.5570625 -0.7040576 -0.5696058 -0.4240899 -0.7040691 -0.5695891 -0.4240933 -0.7040592 -0.6599566 -0.2622174 -0.7040655 -0.6599491 -0.2622195 -0.7040619 -0.7053335 -0.08247083 -0.7040632 -0.7026442 0.1028898 -0.7040614 -0.7026461 0.1028887 -0.7040628 -0.6520742 0.281238 -0.704061 -0.6520736 0.2812441 -0.7040655 -0.5570598 0.4404275 -0.7040621 -0.424091 0.5695993 -0.7040662 -0.4240879 0.5695966 -0.7040636 -0.2622169 0.6599521 -0.7040621 -0.2622161 0.659954 -0.7040631 -0.08248144 0.7053311 -0.7040632 -0.08246803 0.7053326 -0.008776187 -0.4873719 0.8731504 -0.008776247 -0.8586521 0.5124838 1.55257e-7 -0.7844452 0.6201982 1.55256e-7 -0.5971938 0.802097 -0.008776068 -0.9998564 0.01449644 1.55256e-7 -0.9182332 0.3960403 -0.008776187 -0.8731498 -0.4873732 0 -0.9293313 -0.3692471 1.3585e-7 -0.9932339 -0.116132 -0.008776068 -0.5124852 -0.8586513 1.55256e-7 -0.6202001 -0.7844438 -0.008776068 -0.01449871 -0.9998564 0 -0.1448847 -0.9894486 0 -0.39604 -0.9182333 -0.008776187 0.4873716 -0.8731506 0 0.3692488 -0.9293307 0 0.1161342 -0.9932336 -0.008776366 0.8586502 -0.5124871 0 0.7844489 -0.6201937 -1.55256e-7 0.5971915 -0.8020988 -0.008776187 0.9998564 -0.01449894 0 0.9894489 -0.1448826 0 0.9182348 -0.3960368 -0.008776307 0.873151 0.4873709 0 0.9293297 0.3692513 0 0.9932339 0.1161321 -0.008776247 0.5124842 0.8586518 -1.55257e-7 0.6201977 0.7844455 -1.55256e-7 0.8020975 0.5971932 0 -0.3692481 0.9293308 0 -0.1161348 0.9932335 -0.008776128 0.01449865 0.9998565 0 0.1448854 0.9894486 -1.55256e-7 0.3960397 0.9182334 -0.7040623 0.1028843 0.7026459 -0.7040627 0.1028862 0.7026452 -0.7040632 0.2812436 0.6520715 -0.7040655 0.2812422 0.6520696 -0.7040654 0.4404245 0.5570622 -0.7040627 0.4404292 0.5570619 -0.7040622 0.5695977 0.4240933 -0.7040604 0.5696067 0.4240841 -0.7040637 0.659951 0.2622194 -0.7040653 0.6599506 0.2622164 -0.7040694 0.705325 0.08247983 -0.7040629 0.7053323 0.08247226 -0.7040655 0.7026421 -0.1028882 -0.7040641 0.7026426 -0.102894 -0.7040594 0.6520751 -0.2812443 -0.7040647 0.6520708 -0.2812412 -0.7040641 0.5570635 -0.4404249 -0.7040628 0.557063 -0.4404275 -0.7040644 0.4240911 -0.5695964 -0.7040586 0.4240918 -0.5696032 -0.7040649 0.2622147 -0.6599516 -0.7040644 0.2622141 -0.6599525 -0.7040613 0.08247935 -0.7053332 -0.7040644 0.08247083 -0.7053311 -0.7040649 -0.1028853 -0.7026431 -0.7040622 -0.1028922 -0.7026448 -0.7040639 -0.2812422 -0.6520713 -0.7040649 -0.2812381 -0.6520721 -0.70406 -0.4404354 -0.5570604 -0.704064 -0.4404252 -0.5570634 -0.7040621 -0.5695977 -0.4240933 -0.7040595 -0.5696049 -0.424088 -0.7040704 -0.6599453 -0.2622159 -0.7040636 -0.6599521 -0.262217 -0.7040671 -0.7053281 -0.08247399 -0.704058 -0.7053371 -0.08247417 -0.7040649 -0.7026423 0.1028913 -0.7040637 -0.7026434 0.1028915 -0.7040633 -0.6520718 0.2812424 -0.7040599 -0.6520758 0.2812415 -0.7040647 -0.5570616 0.4404264 -0.7040637 -0.5570636 0.4404254 -0.7040626 -0.4240863 0.5696023 -0.7040662 -0.4240868 0.5695975 -0.7040631 -0.2622148 0.6599534 -0.7040624 -0.2622219 0.6599515 -0.7040647 -0.08246785 0.7053312 -0.7040637 -0.08247119 0.7053317 -0.01032477 0.01449877 0.9998417 0 0.1448866 0.9894483 0 0.396042 0.9182324 -0.01032477 0.5124774 0.8586387 0 0.6202 0.7844438 0 0.8020955 0.5971958 -0.01032501 0.8731378 0.487364 0 0.9293323 0.3692443 0 0.9932323 0.1161445 -0.01032519 0.9998416 -0.01450037 0 0.9894484 -0.1448859 0 0.9182354 -0.3960353 -0.01032495 0.858639 -0.5124768 0 0.7844459 -0.6201973 0 0.5971964 -0.8020951 -0.01032489 0.4873639 -0.873138 0 0.369246 -0.9293317 0 0.1161366 -0.9932333 -0.01032489 -0.01449793 -0.9998417 0 -0.1448872 -0.9894483 0 -0.3960382 -0.9182341 -0.01032477 -0.5124756 -0.8586398 0 -0.6202003 -0.7844435 0 -0.8020998 -0.5971902 -0.01032477 -0.8731379 -0.4873642 0 -0.9293294 -0.369252 1.40216e-7 -0.9932334 -0.116136 -0.01032483 -0.9998416 0.01449823 1.35504e-7 -0.9894478 0.1448901 1.31968e-7 -0.9182354 0.3960353 -0.01032459 -0.8586394 0.5124763 1.21152e-7 -0.7844439 0.6201999 1.31968e-7 -0.5971957 0.8020957 -0.01032477 -0.4873635 0.8731383 0 -0.3692493 0.9293304 1.31968e-7 -0.1161363 0.9932333 -0.7040636 0.1028973 0.7026426 -0.7040632 0.1028872 0.7026445 -0.7040656 0.2812415 0.6520696 -0.7040616 0.2812432 0.6520733 -0.7040627 0.4404262 0.5570643 -0.7040613 0.4404326 0.557061 -0.7040631 0.5695984 0.4240907 -0.7040647 0.5695978 0.424089 -0.7040654 0.6599494 0.2622188 -0.7040631 0.6599534 0.262215 -0.7040667 0.7053285 0.08247405 -0.7040613 0.7053338 0.08247369 -0.7040665 0.7026408 -0.1028895 -0.7040624 0.7026449 -0.1028901 -0.7040613 0.6520742 -0.281242 -0.7040587 0.652077 -0.281242 -0.7040657 0.5570624 -0.4404237 -0.7040584 0.5570698 -0.440426 -0.7040638 0.424089 -0.5695986 -0.7040621 0.4240918 -0.5695986 -0.704063 0.262216 -0.6599531 -0.7040613 0.2622183 -0.659954 -0.7040632 0.08246749 -0.7053327 -0.7040611 0.08247244 -0.7053342 -0.7040636 -0.1028973 -0.7026426 -0.7040673 -0.1028793 -0.7026415 -0.7040669 -0.2812408 -0.6520687 -0.7040607 -0.2812429 -0.6520744 -0.7040594 -0.4404365 -0.5570602 -0.7040647 -0.4404245 -0.5570631 -0.7040605 -0.5696049 -0.4240863 -0.7040652 -0.5695961 -0.4240903 -0.704063 -0.6599529 -0.2622164 -0.7040665 -0.6599487 -0.2622178 -0.7040621 -0.7053331 -0.08247315 -0.7040627 -0.7053325 -0.08247387 -0.7040665 -0.7026408 0.1028903 -0.7040586 -0.7026489 0.1028888 -0.7040641 -0.6520711 0.2812421 -0.7040634 -0.6520711 0.2812436 -0.7040647 -0.5570604 0.4404278 -0.704064 -0.5570618 0.4404272 -0.7040642 -0.4240892 0.5695982 -0.7040642 -0.4240864 0.5696002 -0.7040597 -0.2622202 0.659955 -0.7040636 -0.2622172 0.6599521 -0.704064 -0.08247375 0.7053312 -0.7040611 -0.08247244 0.7053342 -0.01032483 0.9998417 -0.0144993 0 0.9894485 -0.1448856 0 0.9182333 -0.39604 -0.01032519 0.8586391 -0.5124766 0 0.7844434 -0.6202004 0 0.5971967 -0.8020949 -0.01032477 0.4873658 -0.8731369 0 0.3692465 -0.9293315 0 0.1161349 -0.9932335 -0.01032507 -0.01450055 -0.9998416 2.99442e-7 -0.1448894 -0.989448 0 -0.3960368 -0.9182348 -0.01032519 -0.5124764 -0.8586392 0 -0.6202006 -0.7844433 0 -0.8020969 -0.5971941 -0.01032477 -0.8731376 -0.4873645 0 -0.929331 -0.369248 0 -0.9932332 -0.1161382 -0.01032495 -0.9998417 0.01449769 0 -0.9894481 0.1448879 0 -0.9182337 0.3960391 -0.01032489 -0.858639 0.512477 0 -0.7844434 0.6202004 -2.63936e-7 -0.5971962 0.8020952 -0.01032507 -0.4873651 0.8731373 0 -0.3692454 0.929332 0 -0.1161388 0.993233 -0.01032507 0.01449877 0.9998417 0 0.1448897 0.9894479 0 0.3960384 0.918234 -0.01032501 0.5124751 0.8586401 0 0.6201996 0.784444 0 0.8020973 0.5971935 -0.01032495 0.8731377 0.4873644 0 0.929331 0.369248 0 0.9932333 0.1161365 -0.7040631 0.1028972 0.7026432 -0.7040626 0.1028875 0.7026451 -0.7040641 0.2812432 0.6520705 -0.7040614 0.2812409 0.6520745 -0.7040647 0.4404264 0.5570614 -0.7040616 0.4404342 0.5570592 -0.7040624 0.5695974 0.4240931 -0.7040601 0.5696044 0.4240875 -0.7040641 0.6599516 0.2622166 -0.7040636 0.659953 0.2622148 -0.7040657 0.7053291 0.08247721 -0.7040572 0.7053379 0.08247429 -0.7040643 0.7026425 -0.1028944 -0.7040636 0.7026439 -0.102889 -0.7040646 0.6520697 -0.2812442 -0.7040613 0.6520746 -0.281241 -0.7040645 0.5570602 -0.4404284 -0.7040642 0.557062 -0.4404267 -0.7040651 0.4240878 -0.5695981 -0.7040641 0.4240855 -0.5696009 -0.7040614 0.2622165 -0.6599546 -0.7040638 0.2622178 -0.6599515 -0.704064 0.08246791 -0.7053319 -0.7040623 0.08247357 -0.7053328 -0.7040646 -0.1028848 -0.7026435 -0.7040638 -0.1028873 -0.7026438 -0.7040611 -0.2812422 -0.6520743 -0.7040626 -0.2812467 -0.6520707 -0.7040655 -0.4404274 -0.5570597 -0.7040633 -0.4404264 -0.5570634 -0.7040671 -0.5695952 -0.4240883 -0.7040582 -0.569606 -0.4240887 -0.7040629 -0.659954 -0.2622144 -0.7040629 -0.6599527 -0.2622172 -0.7040667 -0.7053285 -0.08247405 -0.7040624 -0.7053324 -0.08247739 -0.704065 -0.7026416 0.1028943 -0.704066 -0.7026411 0.1028912 -0.7040609 -0.652075 0.2812412 -0.7040604 -0.6520763 0.2812392 -0.7040662 -0.5570604 0.4404255 -0.704064 -0.5570621 0.4404268 -0.704062 -0.4240872 0.5696024 -0.7040635 -0.4240891 0.5695989 -0.7040653 -0.2622183 0.6599497 -0.7040627 -0.2622129 0.6599548 -0.7040624 -0.08247345 0.7053327 -0.7040636 -0.08247345 0.7053316 -0.01032477 -0.01449781 -0.9998417 0 -0.1448848 -0.9894486 0 -0.3960389 -0.9182338 -0.01032501 -0.5124795 -0.8586374 0 -0.6202006 -0.7844433 0 -0.8020914 -0.5972012 -0.01032525 -0.8731378 -0.487364 0 -0.9293323 -0.3692443 0 -0.9932323 -0.1161445 -0.01032537 -0.9998416 0.01450037 0 -0.9894472 0.1448943 0 -0.9182351 0.3960361 -0.01032531 -0.8586413 0.512473 0 -0.7844408 0.6202038 0 -0.5971926 0.8020979 -0.01032477 -0.4873659 0.8731368 0 -0.3692482 0.9293309 0 -0.1161372 0.9932333 -0.01032483 0.01449787 0.9998417 0 0.1448856 0.9894485 0 0.3960382 0.9182341 -0.01032501 0.5124774 0.8586387 0 0.6202027 0.7844417 -1.31968e-7 0.8020933 0.5971988 -0.01032513 0.8731378 0.4873641 -1.36897e-7 0.9293308 0.3692483 -1.40216e-7 0.9932329 0.1161403 -0.01032513 0.9998416 -0.01450037 -1.5208e-7 0.9894484 -0.144886 -1.31968e-7 0.9182336 -0.3960393 -0.01032495 0.8586383 -0.5124779 -1.21232e-7 0.7844445 -0.6201992 -1.31968e-7 0.597193 -0.8020976 -0.01032495 0.4873648 -0.8731375 0 0.3692486 -0.9293307 -1.31969e-7 0.1161368 -0.9932333 -0.7040594 0.1028976 0.7026468 -0.7040643 0.102886 0.7026436 -0.7040616 0.2812535 0.6520689 -0.7040634 0.2812336 0.6520756 -0.7040606 0.4404352 0.5570598 -0.7040663 0.4404203 0.5570643 -0.7040597 0.5696051 0.4240872 -0.7040612 0.5696032 0.4240873 -0.7040637 0.6599522 0.2622165 -0.7040634 0.6599525 0.2622162 -0.7040636 0.7053316 0.08247405 -0.7040629 0.7053322 0.08247321 -0.704065 0.7026424 -0.1028898 -0.7040595 0.7026479 -0.1028893 -0.704064 0.652071 -0.2812425 -0.70406 0.6520759 -0.2812412 -0.7040616 0.5570628 -0.4404298 -0.704064 0.5570618 -0.4404272 -0.7040643 0.4240893 -0.5695978 -0.7040627 0.4240906 -0.5695989 -0.7040637 0.2622162 -0.6599522 -0.704061 0.2622182 -0.6599544 -0.704064 0.08246755 -0.7053319 -0.704064 0.08247733 -0.7053307 -0.7040629 -0.1028972 -0.7026434 -0.7040634 -0.1028885 -0.7026441 -0.7040637 -0.281242 -0.6520715 -0.704061 -0.281243 -0.652074 -0.7040622 -0.4404268 -0.5570644 -0.7040621 -0.4404295 -0.5570623 -0.7040639 -0.5695978 -0.4240902 -0.704063 -0.5695985 -0.4240908 -0.704064 -0.6599524 -0.2622154 -0.7040611 -0.6599539 -0.262219 -0.7040591 -0.7053364 -0.08247047 -0.7040632 -0.7053318 -0.08247476 -0.7040694 -0.7026375 0.1028924 -0.7040609 -0.7026467 0.1028879 -0.7040612 -0.6520746 0.281241 -0.7040602 -0.6520761 0.2812404 -0.7040634 -0.557058 0.4404332 -0.7040681 -0.5570589 0.4404243 -0.7040627 -0.4240944 0.5695961 -0.7040634 -0.4240895 0.5695987 -0.7040586 -0.2622128 0.6599591 -0.7040636 -0.08247989 0.7053308 -0.7040695 -0.08247166 0.7053259 -0.01032489 -0.9998416 0.01449823 0 -0.9894484 0.144886 0 -0.9182344 0.3960373 -0.01032531 -0.8586386 0.5124775 0 -0.7844408 0.6202037 0 -0.597199 0.8020931 -0.01032584 -0.4873638 0.8731381 0 -0.3692412 0.9293336 0 -0.116142 0.9932327 -0.01032501 0.01449519 0.9998417 -2.6647e-7 0.1448862 0.9894484 5.27872e-7 0.3960397 0.9182334 -0.01032519 0.5124772 0.8586388 0 0.6202009 0.7844431 -2.63935e-7 0.8020969 0.5971941 -0.01032507 0.8731376 0.4873645 0 0.9293306 0.3692489 0 0.9932332 0.1161377 -0.01032495 0.9998416 -0.01449823 0 0.9894483 -0.1448866 -1.31968e-7 0.9182331 -0.3960404 -0.01032507 0.8586387 -0.5124775 0 0.7844429 -0.6202012 -0.01032489 0.4873656 -0.8731371 0 0.3692476 -0.9293311 0 0.1161369 -0.9932333 -0.01032507 -0.01449882 -0.9998417 0 -0.1448877 -0.9894482 0 -0.3960397 -0.9182334 -0.01032507 -0.5124763 -0.8586393 0 -0.6201996 -0.784444 0 -0.8020967 -0.5971943 -0.01032483 -0.8731374 -0.487365 0 -0.9293307 -0.3692487 0 -0.9932334 -0.1161361 1 -4.10134e-7 0 1 -4.47365e-6 0 1 3.21353e-6 0 1 2.84147e-7 0 1 1.03729e-6 0 1 -1.02922e-6 0 1 2.33528e-6 0 1 -5.70083e-6 0 1 8.28009e-7 0 1 -5.53804e-6 0 1 2.8163e-6 0 1 -1.24592e-6 0 1 -4.78476e-7 0 1 -7.69312e-7 0 1 -3.22713e-6 0 1 2.9373e-6 0 1 -2.85732e-6 0 1 2.97883e-6 0 1 -4.39269e-6 0 1 6.43266e-6 0 1 -8.24275e-7 0 1 3.20128e-6 0 1 -7.87614e-7 0 1 -3.38705e-6 0 1 7.00165e-6 0 1 1.44892e-6 0 1 -1.98627e-7 0 1 -1.63096e-6 0 1 8.16375e-7 0 1 2.57865e-6 0 1 -4.07435e-6 0 1 -2.56355e-6 0 1 1.91197e-6 0 1 3.30197e-6 0 1 -5.05966e-7 0 1 1.48942e-6 0 1 2.49183e-6 0 1 -2.11546e-6 0 1 -8.27953e-6 0 1 -1.18353e-6 0 1 -1.80172e-6 0 1 1.52834e-6 0 1 8.30738e-6 0 1 2.11547e-6 0 1 7.21239e-6 0 1 -1.17797e-6 0 1 -7.12199e-7 0 1 3.91833e-6 0 1 -1.61357e-6 0 1 1.54365e-6 0 1 1.79492e-6 0 1 4.00811e-6 0 1 -5.13209e-6 0 1 4.43196e-6 0 1 7.18093e-7 0 1 -1.45135e-6 0 1 3.94033e-6 0 1 6.8436e-6 0 1 -2.89716e-6 0 1 2.99314e-6 0 1 2.08927e-6 0 1 -1.85697e-6 0 1 6.13169e-6 0 1 -3.70611e-6 0 1 -2.11546e-6 0 1 -2.89624e-6 0 1 1.56145e-6 0 1 -9.84432e-7 0 1 -4.23093e-6 0 1 -2.03435e-7 0 1 -1.05773e-6 0 1 3.06584e-6 0 1 5.9401e-6 0 1 -2.77346e-6 0 1 2.42116e-6 0 1 7.03742e-6 0 1 -4.95e-7 0 1 3.14186e-6 0 1 -1.09191e-6 0 1 2.30535e-6 0 1 2.25399e-6 0 1 7.92002e-6 0 1 -2.83257e-6 0 1 6.05291e-7 0 1 2.02752e-6 0 1 -7.92419e-7 0 1 -3.53665e-6 0 1 3.04128e-6 0 1 -1.30097e-6 0 1 1.50312e-5 0 1 -1.58607e-6 0 1 -3.53664e-7 0 1 -2.26975e-6 0 1 2.94198e-6 0 1 -1.5461e-6 0 1 1.04531e-6 0 1 -1.48962e-6 0 1 4.18638e-7 0 1 -1.76332e-6 0 1 -3.56812e-7 0 1 1.21711e-6 0 1 -4.08378e-6 0 1 -5.57068e-7 0 1 0 0 1 4.1439e-7 0 1 3.26395e-6 0 1 -2.08283e-7 0 1 7.92002e-6 0 1 4.89793e-7 0 1 2.76903e-6 0 1 -1.05733e-6 0 1 3.19666e-7 0 1 -7.92418e-7 0 1 2.02752e-6 0 1 8.07053e-7 0 1 4.59167e-7 0 1 -5.98238e-6 0 1 -7.30268e-6 0 1 7.92006e-6 0 1 1.41628e-6 0 1 1.98001e-6 0 1 1.86401e-6 0 1 2.53439e-7 0 1 -3.51871e-6 0 1 -5.28666e-7 0 1 1.83706e-6 0 1 -2.3943e-6 0 1 -2.44348e-6 0 1 -3.87056e-6 0 1 -4.08262e-6 0 1 2.44942e-6 0 1 -2.11466e-6 0 1 2.66959e-5 0 1 3.22822e-6 0 1 3.96001e-6 0 1 8.25409e-6 0 1 -2.43423e-6 0 1 -1.70257e-6 0 1 -4.69727e-7 0 1 5.07694e-7 0 1 -1.01376e-6 0 1 1.58484e-6 0 1 2.19965e-6 0 1 -2.82932e-6 0 1 -2.27317e-6 0 1 1.24722e-6 0 1 -4.23658e-7 0 1 -2.65722e-6 0 1 -2.73293e-6 0 1 9.77784e-7 0 1 6.47943e-6 0 1 -2.52547e-6 0 1 3.1229e-6 0 1 8.18042e-7 0 1 -4.78985e-7 0 1 -8.1822e-7 0 1 -2.44942e-6 0 1 1.25977e-6 0 1 -1.68612e-6 0 1 -6.31366e-7 0 1 7.69312e-7 0 1 2.40983e-6 0 1 2.27318e-6 0 1 1.50207e-6 0 1 2.37725e-6 0 1 -2.42116e-6 0 1 -5.11467e-6 0 1 -2.18145e-6 0 1 1.86885e-6 0 1 -1.95917e-6 0 1 -7.66457e-7 0 1 4.63832e-7 0 1 -4.19005e-6 0 1 4.08261e-6 0 1 -1.04059e-6 0 1 2.55108e-6 0 1 -8.14274e-6 0 1 1.48636e-6 0 1 -7.42253e-7 0 1 -1.52876e-6 0 1 -1.07275e-6 0 1 1.59744e-6 0 1 7.95687e-6 0 1 3.16967e-6 0 1 2.90083e-6 0 1 -4.83911e-6 0 1 2.94898e-5 0 1 -4.63832e-7 0 1 -1.63644e-6 0 1 2.57632e-6 0 1 -7.24785e-7 0 1 -3.30196e-6 0 1 4.10134e-7 0 1 2.81837e-7 0 -2.03494e-7 0.9914389 0.1305714 -1.98276e-7 0.9914389 0.1305712 -2.03494e-7 0.9948263 -0.1015915 -2.00885e-7 0.9948263 -0.1015907 -1.66969e-7 0.9445824 -0.3282749 -2.08712e-7 0.9445824 -0.3282749 -1.6697e-7 0.8434151 -0.5372625 -1.66969e-7 0.8434157 -0.5372618 -3.33939e-7 0.6967799 -0.717285 0 0.6967802 -0.7172847 0 0.5125805 -0.8586392 0 0.5125812 -0.8586388 0 0.300748 -0.9537037 0 0.3007485 -0.9537035 0 0.07270282 -0.9973537 0 0.072703 -0.9973537 0 -0.1592626 -0.9872363 0 -0.1592628 -0.9872363 0 -0.3826417 -0.9238969 0 -0.3826425 -0.9238966 0 -0.5853931 -0.8107497 0 -0.5853934 -0.8107494 0 -0.756585 -0.6538955 0 -0.7565855 -0.6538949 1.66969e-7 -0.8869905 -0.4617877 1.66969e-7 -0.8869905 -0.4617877 2.08712e-7 -0.9695771 -0.2447863 1.8784e-7 -0.9695771 -0.2447863 2.02444e-7 -0.9998937 -0.01458907 2.02434e-7 -0.9998936 -0.01458972 2.08712e-7 -0.9763057 0.2163965 1.8784e-7 -0.9763057 0.2163959 1.66969e-7 -0.9000847 0.435715 1.66969e-7 -0.9000849 0.4357145 1.66969e-7 -0.7753404 0.6315437 0 -0.7753407 0.6315433 0 -0.6087964 0.7933266 0 -0.6087974 0.7933257 0 -0.4094329 0.9123402 0 -0.4094333 0.9123401 0 -0.1879965 0.9821697 0 -0.187997 0.9821696 3.33939e-7 0.04357475 0.9990502 -3.33938e-7 0.04357481 0.9990502 0 0.2727964 0.9620718 0 0.272797 0.9620717 0 0.4873127 0.8732275 0 0.4873129 0.8732275 0 0.6755567 0.737308 -1.66969e-7 0.6755575 0.7373074 -1.66969e-7 0.8273821 0.5616396 -1.66969e-7 0.8273825 0.5616391 -2.08712e-7 0.9346029 0.3556931 -1.66969e-7 0.9346035 0.3556916 -1 1.4855e-6 0 -1 1.49026e-6 0 -1 1.49987e-6 0 -1 -3.83619e-7 0 -1 -1.63103e-6 0 -1 6.76197e-7 0 -1 -3.35566e-6 0 -1 1.4855e-6 0 -1 1.49026e-6 0 -1 -7.28485e-7 0 -1 1.80342e-7 0 -1 -1.42486e-6 0 -1 3.12032e-6 0 -1 -2.70479e-6 0 -1 6.71132e-6 0 -1 -5.29255e-6 0 -1 -2.98053e-6 0 -1 1.46731e-6 0 -1 3.02903e-6 0 -1 -2.84972e-6 0 -1 -3.12032e-6 0 -1 2.80724e-6 0 -1 -1.67783e-6 0 -1 -2.95139e-6 0 0 -0.3447945 0.9386783 0 -0.3447947 0.9386782 0 -0.5324226 0.8464788 5.94326e-7 -0.5324214 0.8464795 -5.94326e-7 -0.6967803 0.7172846 0 -0.6967791 0.7172858 0 -0.830686 0.5567413 0 -0.8306852 0.5567424 0 -0.9282866 0.3718656 0 -0.9282862 0.3718667 0 -0.9853163 0.1707387 0 -0.9853163 0.1707389 0 -0.9992834 -0.03785085 0 -0.9992834 -0.03785139 0 -0.9695769 -0.2447869 0 -0.969577 -0.244787 0 -0.8974962 -0.4410225 0 -0.8974952 -0.4410243 0 -0.7861886 -0.6179866 0 -0.7861889 -0.6179863 0 -0.6405225 -0.7679395 5.94326e-7 -0.6405217 -0.7679401 0 -0.4668627 -0.8843299 0 -0.4668598 -0.8843314 0 -0.2727975 -0.9620715 5.94326e-7 -0.2727968 -0.9620717 -5.94326e-7 -0.06681007 -0.9977658 5.94326e-7 -0.06680977 -0.9977657 -5.94326e-7 0.1420979 -0.9898527 0 0.1420973 -0.9898527 0 0.3447945 -0.9386783 0 0.3447936 -0.9386786 -5.94326e-7 0.5324218 -0.8464792 0 0.5324217 -0.8464794 0 0.6967803 -0.7172846 0 0.6967791 -0.7172858 0 0.830686 -0.5567413 0 0.8306855 -0.556742 0 0.9282863 -0.3718664 0 0.9282858 -0.3718677 0 0.9853165 -0.1707381 0 0.9853163 -0.1707389 0 0.9992834 0.03785073 0 0.9992834 0.0378521 0 0.9695772 0.2447859 0 0.9695768 0.2447875 0 0.8974956 0.4410234 0 0.897495 0.4410248 0 0.7861889 0.6179863 0 0.7861883 0.617987 0 0.6405236 0.7679387 -5.94326e-7 0.6405215 0.7679402 0 0.4668627 0.8843299 0 0.4668601 0.8843313 0 0.2727975 0.9620716 0 0.2727968 0.9620717 0 0.06680959 0.9977657 0 -0.1420976 0.9898527 0 -0.1420971 0.9898528 -1 -2.39633e-6 0 -1 6.76588e-6 0 -1 3.89459e-6 0 -1 2.72617e-6 0 -1 -1.25929e-5 0 -1 5.52045e-6 0 -1 -5.56817e-6 0 -1 7.87053e-6 0 -1 -3.76e-5 0 -1 6.31912e-6 0 -1 -2.632e-5 0 -1 1.6633e-5 0 -1 -1.11363e-5 0 -1 1.32836e-5 0 -1 -5.83959e-7 0 -1 -2.01225e-7 0 -1 -2.57708e-6 0 -1 9.73646e-7 0 -1 3.10122e-6 0 -1 -4.77131e-6 0 -1 -1.76441e-6 0 -1 1.81702e-6 0 -1 -5.09453e-7 0 -1 2.15448e-6 0 -1 -1.27452e-6 0 -1 1.87301e-6 0 -1 -3.35889e-6 0 -1 8.09595e-5 0 -1 2.87853e-4 0 -1 1.4756e-6 0 -1 -7.64712e-6 0 -1 2.79162e-6 0 -1 -3.38389e-6 0 -1 -2.39447e-6 0 -1 2.09526e-6 0 -1 7.41466e-7 0 -1 1.3359e-6 0 -1 -3.91754e-6 0 -1 -3.25637e-7 0 -1 1.09224e-6 0 -1 -7.8705e-7 0 -1 3.63846e-6 0 -1 -3.30514e-6 0 -1 -3.38079e-6 0 -1 -2.24582e-6 0 -1 -2.21575e-6 0 -1 1.10488e-6 0 -1 -4.5908e-6 0 -1 1.38011e-6 0 -1 -3.75996e-6 0 -1 1.03956e-6 0 -1 -1.3801e-6 0 -1 9.67046e-7 0 -1 2.61456e-6 0 -1 3.51324e-6 0 -1 -2.11596e-6 0 -1 3.73525e-6 0 -1 -4.79471e-6 0 -1 -1.22823e-6 0 -1 2.60218e-6 0 -1 6.2721e-6 0 -1 -2.94791e-6 0 -1 5.55926e-6 0 -1 5.41132e-6 0 -1 2.95602e-6 0 -1 -3.28794e-6 0 -1 4.94634e-6 0 -1 5.48591e-6 0 -1 -5.97157e-6 0 -1 2.16452e-5 0 -1 -2.13106e-5 0 -1 1.12131e-6 0 -1 -2.98578e-6 0 -1 1.24034e-5 0 -1 -2.39519e-6 0 -1 -5.15079e-6 0 -1 -4.87102e-6 0 -1 1.22327e-6 0 -1 -1.55349e-6 0 -1 1.74884e-6 0 -1 3.10085e-6 0 -1 9.26547e-7 0 -1 -1.88318e-6 0 -1 3.84123e-6 0 -1 2.00384e-6 0 -1 1.12291e-6 0 -1 4.44571e-7 0 -1 -5.41131e-6 0 -1 -1.70717e-6 0 -1 -1.32206e-6 0 -1 -4.57656e-7 0 -1 -9.26544e-7 0 -1 -3.30196e-6 0 -1 4.92867e-6 0 -1 -4.89523e-7 0 -1 1.5365e-6 0 -1 -6.47127e-7 0 -1 -2.63084e-6 0 -1 8.86297e-6 0 -1 -3.13933e-6 0 -1 -5.18302e-6 0 -1 4.32272e-6 0 -1 -1.89077e-6 0 -1 -5.93605e-7 0 -1 2.16255e-5 0 -1 -9.91197e-7 0 -1 -5.38334e-6 0 -1 1.07724e-6 0 -1 -2.56658e-6 0 -1 -1.03449e-4 0 -1 3.09866e-6 0 -1 -3.53498e-6 0 -1 1.03237e-6 0 -1 -2.21092e-6 0 -1 3.1652e-6 0 -1 -1.62885e-6 0 -1 -3.64652e-6 0 -1 -3.71499e-6 0 -1 -3.71039e-6 0 -1 5.99549e-6 0 -1 2.88799e-6 0 -1 -3.08793e-6 0 -1 -6.14951e-6 0 -1 9.29232e-6 0 -1 -3.71981e-6 0 -1 -3.56341e-6 0 -1 2.95878e-6 0 -1 -4.63799e-7 0 -1 -1.85751e-6 0 -1 -3.71038e-6 0 -1 1.04187e-6 0 -1 3.71693e-6 0 -1 2.88798e-6 0 -1 -1.03237e-6 0 -1 -2.0765e-6 0 -1 -1.5826e-6 0 -1 -2.888e-6 0 -1 3.08793e-6 0 -1 -1.48677e-5 0 -1 8.3349e-6 0 -1 -2.0216e-6 0 -1 -1.48415e-5 0 -1 1.93563e-6 0 -1 -3.56342e-6 0 -1 -8.8795e-6 0 -1 4.16745e-6 0 -1 1.8575e-6 0 -1 4.409e-6 0 -1 -7.45644e-6 0 -1 -6.46935e-6 0 -1 1.2272e-5 0 -1 -1.11589e-5 0 -1 -5.77571e-6 0 -1 6.54493e-5 0 -1 6.46934e-6 0 -1 -9.32876e-6 0 -1 5.4064e-6 0 -1 3.11475e-6 0 -1 1.8437e-4 0 -1 -2.23189e-5 0 -1 1.15511e-5 0 -1 -1.03376e-5 0 -1 1.10224e-5 0 -1 -2.87811e-4 0 -1 2.93195e-6 0 -1 -3.27244e-5 0 -1 1.11592e-5 0 -1 -2.58438e-6 0 -1 4.153e-6 0 -1 1.44957e-6 0 -1 -1.85612e-6 0 -1 5.8639e-6 0 -1 -6.29666e-5 0 -1 -5.46316e-5 0 -1 -2.69039e-5 0 -1 -1.78999e-6 0 -1 1.69383e-5 0 0 -0.2727964 -0.9620718 1.85729e-7 -0.2727967 -0.9620718 6.30119e-7 -0.114938 -0.9933727 0 -0.114938 -0.9933727 0 0.04297953 -0.999076 -0.001327633 0.04589968 -0.9989452 0 0.1232361 -0.9923775 -6.30119e-7 0.2055475 -0.9786471 1.67567e-7 0.2055475 -0.9786472 -5.84999e-7 0.3249189 -0.945742 -0.0094406 0.3598555 -0.9329603 -1.63733e-7 0.3999671 -0.9165295 0 0.5048757 -0.8631922 -2.10028e-7 0.5048761 -0.863192 0 0.636803 -0.7710266 0 0.6368027 -0.7710269 -1.5753e-7 0.7522374 -0.6588922 0 0.752238 -0.6588915 0 0.8481909 -0.5296908 0 0.8481912 -0.5296903 0 0.9221748 -0.3867736 0 0.9221752 -0.3867725 0 0.9722758 -0.2338372 0 0.9971953 -0.0748443 0 0.9971951 -0.0748468 0 0.9962877 0.08608686 0 0.9695774 0.2447851 0 0.9695768 0.2447874 0 0.9177551 0.3971469 0 0.9177547 0.3971477 0 0.8421628 0.5392234 0 0.842162 0.5392246 0 0.7635967 0.6456936 -0.008709967 0.7447319 0.667307 -0.002227604 0.7184465 0.6955787 3.46253e-7 -0.3833947 -0.9235846 0.009417653 -0.4235727 -0.9058132 0 -0.4564696 -0.889739 0 -0.5634155 -0.8261738 2.78825e-7 -0.5634157 -0.8261736 0 -0.6886467 -0.7250972 0 -0.6886463 -0.7250974 0 -0.796043 -0.6052403 0 -0.7960423 -0.605241 0 -0.8828216 -0.4697085 0 -0.8828209 -0.4697098 0 -0.9467359 -0.3220113 0 -0.9467359 -0.3220111 0 -0.9861302 -0.1659734 0 -0.9861301 -0.1659747 0 -0.9999842 -0.005639553 0 -0.9999842 -0.00563699 0 -0.9879393 0.1548418 0 -0.987939 0.1548442 0 -0.9695804 0.2447735 -0.004571259 -0.9502968 0.3113121 0 -0.9467368 0.3220087 0 -0.9158484 0.4015242 0.006060481 -0.8880463 0.4597144 0 -0.8805676 0.4739207 0 -0.8028176 0.5962247 0 -0.8028173 0.5962252 0 -0.6967798 0.7172852 0 -0.6967795 0.7172855 3.1506e-7 -0.5726961 0.8197679 -1.57907e-7 -0.5726964 0.8197676 0 -0.4337806 0.9010186 2.72578e-7 -0.4337807 0.9010186 0 -0.2836287 0.9589343 1.74025e-7 -0.2836287 0.9589343 6.30119e-7 -0.1261326 0.9920134 0 -0.1261327 0.9920135 0 0.03463119 0.9994002 0 0.03463119 0.9994003 0 0.1944978 0.9809029 1.60321e-7 0.1944979 0.9809029 0 0.3493269 0.937001 0 0.3493267 0.937001 -3.1506e-7 0.4951093 0.8688307 0 0.4951089 0.868831 0 0.6280676 0.7781589 0 0.6280676 0.7781589 0 0.6940649 0.7199125 -5.81531e-4 0.7035377 0.7106578 0 1 1.06976e-4 0 1 1.06976e-4 0 0.707184 -0.7070297 0 0.7071818 -0.7070319 0 0.6689211 -0.7433335 0 0.6689209 -0.7433337 0.7071081 7.55453e-5 -0.7071055 0.7071084 7.54488e-5 -0.7071053 0 1.06703e-4 -1 0 1.06703e-4 -1 0 1.06756e-4 -1 0 1.06756e-4 -1 -0.7071085 7.55009e-5 -0.7071052 -0.707108 7.54795e-5 -0.7071056 -1 0 0 -1 0 0 -0.9604291 -0.2785244 -2.9605e-5 -0.9604291 -0.2785246 -2.9605e-5 0.9604293 -0.2785243 -2.89001e-5 0.9604293 -0.2785243 -3.03099e-5 1 0 0 1 0 0 0 1 1.06767e-4 0 1 1.06925e-4 0 -1.06718e-4 1 0 -1.06779e-4 1 0 -1.06779e-4 1 0.503558 0.6703932 -0.5449792 0.6791261 0.1970221 -0.7070856 0.6791266 0.1970221 -0.7070852 -0.503557 0.6703919 -0.5449817 0 0.7071835 -0.7070301 0 0.7071788 -0.7070348 -0.6791262 0.1970217 -0.7070856 -0.6791261 0.1970224 -0.7070856 0.5035563 0.6702757 0.5451253 0.6006157 0.799538 8.49351e-5 0.6006143 0.7995389 8.49351e-5 -0.5035552 0.6702748 0.5451274 -0.6006157 0.7995379 8.79684e-5 -0.6006137 0.7995394 8.19018e-5 -0.7071075 -7.5461e-5 0.7071061 -0.7071052 -7.54492e-5 0.7071084 -0.6791267 0.1968707 0.7071272 -0.6791247 0.1968709 0.7071291 0 0.7070313 0.7071824 0 0.7070289 0.7071847 0.6791241 0.1968714 0.7071295 0.6791276 0.1968706 0.7071264 0.7071048 -7.5485e-5 0.7071088 0.707108 -7.53892e-5 0.7071056 2.89455e-7 -1.06791e-4 1 0 -1.06812e-4 1 0 -1.0675e-4 1 -5.7891e-7 -1.06705e-4 1 0 -1.0666e-4 1 0 -1.06681e-4 1 -3.16346e-7 -1.07102e-4 1 0 -1.07102e-4 1 9.3052e-7 -1.0666e-4 1 -8.1193e-7 -1.06681e-4 1 0 -1.06646e-4 1 -0.9604291 0.2785245 3.02317e-5 -0.9604292 0.2785243 2.94565e-5 0 1 1.08654e-4 0 1 1.04774e-4 0.9604291 0.2785246 2.94565e-5 0.9604291 0.2785245 3.02317e-5 -0.02206182 -0.9922591 -0.1222096 0 -0.9847893 -0.1737532 0 -0.9847892 -0.1737534 0 -0.9848262 0.1735434 0 -0.9848264 0.1735427 0 -0.8660789 0.4999075 0 -0.8660787 0.4999077 0 -0.6428696 0.7659758 0 -0.6428688 0.7659763 0 -0.3421207 0.939656 -4.16047e-7 -0.3421204 0.9396562 6.35879e-7 -1.06461e-4 1 -4.16039e-7 -1.06461e-4 1 0 0.3419198 0.9397292 0 0.3419195 0.9397293 0 0.6427062 0.7661129 0 0.6427058 0.7661131 0 0.8659725 0.5000918 0 -0.9561961 -0.2927269 0 -0.8659722 -0.5000923 0 -0.642706 -0.7661129 0 -0.6427058 -0.7661132 1.34432e-7 -0.3766381 -0.9263606 0.01242613 -0.3418936 -0.9396566 0 0.9848263 -0.1735436 0 0.9923672 0.1233183 0.0459448 0.9837493 0.1735696 0 0.9558768 0.2937682 0 0.8659719 0.5000928 0 -0.2100564 -0.9776893 2.1196e-7 1.06706e-4 -1 -2.0361e-7 1.06706e-4 -1 0 0.3421207 -0.9396561 0 0.3421205 -0.9396561 0 0.6428694 -0.7659759 0 0.6428693 -0.765976 0 0.8660787 -0.4999077 0 0.866079 -0.4999073 0 0.9848263 -0.173543 0 0.9848264 -0.1735429 0 1.06709e-4 -1 0 1.04817e-4 -1 0 1.04818e-4 -1 0 1.07086e-4 -1 0 1.07086e-4 -1 1.23819e-6 1.07086e-4 -1 0 1.06746e-4 -1 0 1.06709e-4 -1 0 1.07086e-4 -1 0 1.07086e-4 -1 0 1.07087e-4 -1 0 -0.9741025 -0.226107 0 -0.9741507 0.2258992 0 -0.9741507 0.2258992 0 -0.8415527 0.5401751 0 -0.8415528 0.5401749 0 -0.6110392 0.7916005 0 -0.6110394 0.7916002 0 -0.3587014 0.9334524 -0.04541718 -0.309111 0.9499409 2.06724e-7 -0.194245 0.9809531 6.47425e-7 0.02818125 0.9996029 -2.01403e-7 0.02818125 0.9996029 -6.47425e-7 0.3625139 0.9319784 0 0.3625138 0.9319785 0 0.6546674 0.7559172 0 0.8706495 0.4919039 0 0.8706496 0.4919039 0 0.9853305 0.1706573 0 0.9853306 0.1706565 0 0.9999997 -8.26572e-4 0 0.9852759 -0.1709727 0 -0.9741024 -0.2261074 0 -0.8414375 -0.5403546 0 -0.8414377 -0.5403543 0 -0.6108701 -0.791731 0 -0.6108701 -0.791731 2.15808e-7 -0.3092276 -0.9509881 0 -0.3092275 -0.9509881 0 0.02839434 -0.9995968 0 0.02839434 -0.9995969 0 0.221239 -0.9752196 0.008387386 0.3627002 -0.9318681 4.77022e-4 0.992471 -0.1224799 -0.1502171 0.9461817 -0.2866622 0 0.9852758 -0.1709727 0 0.8707546 -0.4917179 0 0.8707545 -0.4917182 0 0.6548286 -0.7557774 0 0.6548286 -0.7557774 0 0.384321 -0.9231995 -1 0 0 -1 -1.96576e-6 0 0 -1.06726e-4 1 0 -1.06729e-4 1 0 -1.06712e-4 1 0 1 1.06108e-4 0 1 1.07624e-4 0 1.0673e-4 -1 0 1.0673e-4 -1 0 1.0673e-4 -1 0 1 1.07624e-4 0 -1.06729e-4 1 1.01091e-6 -1.06726e-4 1 0 -1.06712e-4 1 0 0.8054796 0.5926235 0.014961 0.7069531 0.7071022 0.014961 0.7069521 0.7071032 0 0.5924513 0.8056063 0 0.2587162 0.9659535 0 0.2587161 0.9659535 0 -0.2589222 0.9658983 0 -0.2589221 0.9658982 0 -0.5926235 0.8054797 -0.004030823 -0.6248133 0.7807639 0.004030883 -0.7808969 0.624647 0 -0.8056063 0.5924513 0 -0.9659535 0.2587158 0 -0.9659535 0.2587158 0 -0.9658983 -0.2589218 0 -0.9658982 -0.2589221 0 -0.8054803 -0.5926226 -0.01496106 -0.7069521 -0.7071033 -0.01496094 -0.7069508 -0.7071045 0 0.9658982 0.2589221 0 0.9658982 0.2589221 0 0.9659535 -0.2587162 0 0.9659535 -0.2587158 0 0.7809032 -0.6246521 -0.005500316 0.8055944 -0.592442 0.005500197 0.5926145 -0.8054675 0 0.6248183 -0.7807703 0 0.2589221 -0.9658982 0 0.2589222 -0.9658983 0 -0.2587161 -0.9659535 0 -0.2587162 -0.9659534 0 -0.5924511 -0.8056065 0 -0.5926235 0.8054797 0.014961 -0.7071016 0.7069537 0.01496106 -0.7071032 0.7069521 0 -0.8056066 0.5924509 0 -0.9659533 0.2587165 0 -0.9659535 0.2587162 0 -0.9658981 -0.2589225 0 -0.9658982 -0.2589221 0 -0.8054801 -0.5926229 -0.004030883 -0.7807635 -0.6248139 0.004030883 -0.6246466 -0.7808973 0 -0.5924512 -0.8056063 0 0.2589221 -0.9658982 0 0.5926233 -0.8054798 -0.01496106 0.7071031 -0.7069523 -0.01496112 0.7071027 -0.7069526 0 -0.2589222 0.9658982 0 -0.2589221 0.9658982 0 0.2587162 0.9659535 0 0.2587161 0.9659534 0 0.6246519 0.7809034 -0.005500257 0.5924422 0.8055943 0.005500197 0.8054676 0.5926144 0 0.7807701 0.6248185 0 0.9658982 0.2589221 0 0.9659535 -0.2587158 0 0.9659535 -0.2587158 0 0.8056058 -0.5924519 0 0.9659535 -0.2587158 0 0.9659537 -0.2587154 0 0.7071825 -0.707031 0 0.7071828 -0.7070308 0 0.2589203 -0.9658988 0 0.2589202 -0.9658988 0 -0.2587144 -0.965954 0 -0.2587144 -0.9659539 1.56178e-7 -0.7070316 -0.707182 -1.56178e-7 -0.7070315 -0.7071821 0 -0.9658986 -0.2589207 0 -0.9658985 -0.2589212 0 -0.9659537 0.2587153 0 -0.965954 0.258714 0 -0.7071819 0.7070317 0 -0.7071819 0.7070317 0 -0.2589223 0.9658982 0 -0.2589224 0.9658982 0 0.2587159 0.9659535 0 0.2587159 0.9659535 0 0.7070314 0.7071822 0 0.7070315 0.7071821 0 0.9658986 0.2589212 0 0.9658984 0.2589214 0 0.9659535 -0.2587155 0 0.9659535 -0.2587158 0 0.7071828 -0.7070307 0 0.2589203 -0.9658988 0 0.2589202 -0.9658988 0 -0.2587145 -0.965954 0 -0.7070315 -0.7071821 0 -0.9658987 -0.2589206 0 -0.9658985 -0.2589213 0 -0.9659538 0.2587149 0 -0.9659539 0.2587143 0 -0.7071818 0.7070319 0 -0.7071818 0.7070317 0 -0.2589224 0.9658982 0 -0.2589222 0.9658982 0 0.2587158 0.9659535 0 0.7070315 0.7071821 0 0.7070317 0.7071819 0 0.9658985 0.2589215 0 0.9658986 0.2589211 0 0.9659537 -0.2587155 0 0.9659534 -0.2587165 0 0.7071832 -0.7070304 0 0.7071818 -0.7070319 0 0.2589218 -0.9658983 0 0.2589219 -0.9658983 0 -0.2587166 -0.9659533 0 -0.258716 -0.9659534 0 -0.7070304 -0.7071832 0 -0.707033 -0.7071805 0 -0.9658977 -0.258924 0 -0.9658991 -0.2589193 0 -0.9659546 0.258712 0 -0.9659533 0.2587166 0 -0.7071822 0.7070314 0 -0.2589211 0.9658986 0 0.2587156 0.9659536 0 0.2587157 0.9659536 0 0.7070307 0.7071828 0 0.7070319 0.7071818 0 0.9658984 0.2589217 0 0.9658981 0.2589228 0 0.9659532 -0.2587167 0 0.965954 -0.2587143 0 0.7071819 -0.7070317 0 0.7071807 -0.7070329 0 0.2589225 -0.9658981 0 0.2589223 -0.9658982 0 -0.258716 -0.9659535 0 -0.9658984 -0.2589215 0 -0.965954 0.2587142 0 -0.9659532 0.2587167 0 -0.7071833 0.7070302 0 -0.707181 0.7070326 0 -0.2589217 0.9658984 0 0.2587149 0.9659538 0 0.2587157 0.9659536 0 0.707032 0.7071816 0 0.9658977 0.258924 0 0.9658983 0.2589218 0 0.965954 -0.2587144 0 0.9659533 -0.2587166 0 0.7071822 -0.7070314 0 0.2589218 -0.9658984 0 0.2589204 -0.9658987 0 -0.7070304 -0.7071832 0 -0.7070305 -0.707183 0 -0.9658989 -0.2589194 0 -0.9658989 -0.2589194 0 -0.965954 0.2587143 0 -0.9659546 0.2587119 0 -0.7071807 0.7070329 0 -0.7071808 0.7070327 0 -0.2589229 0.965898 0 0.258715 0.9659537 0 0.7070319 0.7071818 0 0.707033 0.7071805 0 0.9658977 0.258924 0 0.9658983 0.2589216 0 0.9659546 -0.2587119 0 0.9659532 -0.2587167 0 0.7071821 -0.7070315 0 -0.258716 -0.9659535 0 -0.7070319 -0.7071818 0 -0.9658983 -0.2589218 0 -0.9658992 -0.2589182 0 -0.9659542 0.2587132 0 -0.7071821 0.7070315 0 -0.7071819 0.7070317 0 -0.2589222 0.9658983 0 -0.2589216 0.9658984 0 0.2587155 0.9659536 0 0.965899 0.2589192 0 0.9659539 -0.2587144 0 0.9659539 -0.2587143 0 0.7071819 -0.7070317 0 0.7071816 -0.707032 0 0.2589225 -0.9658982 0 -0.2587158 -0.9659535 0 -0.2587158 -0.9659535 0 -0.7070315 -0.7071822 0 -0.7070314 -0.7071822 0 -0.9658985 -0.258921 0 -0.9658985 -0.2589213 0 -0.9659538 0.2587145 0 -0.9659538 0.2587146 0 -0.2589216 0.9658984 0 0.2587144 0.965954 0 0.9658985 0.2589213 0 0.9658987 0.2589206 0 0.9659539 -0.2587143 0 0.7071818 -0.7070317 0 0.2589225 -0.9658982 0 -0.2587158 -0.9659535 0 -0.7070316 -0.7071821 0 -0.707031 -0.7071825 0 -0.9658986 -0.258921 0 -0.9659538 0.2587146 0 -0.965954 0.2587142 0 -0.7071816 0.707032 0 -0.7071817 0.7070319 0 -0.2589217 0.9658984 0 -0.2589216 0.9658984 0 0.2587144 0.9659539 0 0.7070318 0.7071819 0 0.707032 0.7071816 0 0.9658985 0.2589212 0 0.9658986 0.2589207 1 0 0 1 0 0 1 -1.79737e-7 0 1 0 0 1 0 0 1 1.22237e-5 0 1 4.09776e-6 0 1 6.2089e-6 0 1 5.42386e-6 0 1 -1.39683e-6 0 1 -3.07555e-6 0 1 1.33077e-6 0 1 -2.12212e-6 0 1 -4.50772e-7 0 1 -1.10824e-6 0 1 1.64082e-5 0 1 -4.87447e-6 0 1 5.24834e-6 0 1 -8.48846e-6 0 1 -6.65383e-7 0 1 -5.91951e-7 0 1 3.33536e-6 0 1 -1.16986e-6 0 1 -2.12734e-6 0 1 -2.07675e-7 0 1 -2.02602e-6 0 1 6.98435e-7 0 1 4.6035e-7 0 1 -7.51717e-7 0 1 -5.43456e-7 0 1 8.44026e-7 0 1 -1.33317e-6 0 1 2.85712e-6 0 1 5.46328e-6 0 1 -1.51251e-6 0 1 -3.40077e-6 0 1 4.24424e-6 0 1 -3.07555e-6 0 1 8.22619e-6 0 1 -1.02444e-5 0 1 4.59229e-6 0 1 -2.44259e-6 0 1 6.5159e-7 0 1 -2.38036e-6 0 1 5.0545e-6 0 1 -1.79592e-6 0 1 4.88364e-6 0 1 6.65383e-7 0 1 5.91951e-7 0 1 -2.12212e-6 0 -1 -2.45218e-4 0 -1 1.05552e-6 0 -1 4.62857e-7 0 -1 -1.31208e-6 0 -1 3.1939e-7 0 -1 9.18779e-7 0 -1 5.51342e-7 0 -1 -6.51733e-7 0 -1 -3.20486e-6 0 -1 0 0 -1 1.04967e-5 0 -1 -5.215e-7 0 -1 1.34208e-6 0 -1 -8.50171e-7 0 -1 5.82785e-6 0 -1 -2.8537e-6 0 -1 -3.46836e-6 0 -1 3.29401e-6 0 -1 -1.6391e-5 0 -1 9.13622e-7 0 -1 -3.33536e-6 0 -1 -1.1839e-6 0 -1 4.24423e-6 0 -1 -1.01752e-6 0 -1 -5.91951e-7 0 -1 -4.24423e-6 0 -1 1.96813e-6 0 -1 1.53665e-6 0 -1 -5.09609e-6 0 -1 8.21764e-6 0 -1 -6.88017e-7 0 -1 1.3602e-6 0 -1 6.65383e-7 0 -1 1.47988e-6 0 -1 -7.42741e-6 0 -1 -1.97413e-5 0 -1 0 0 -1 0 0 -1 0 0 -1 -7.90905e-7 0 -1 -3.04654e-6 0 -1 3.18318e-6 0 -1 -6.65383e-7 0 -1 -1.47988e-6 0 -1 3.33536e-6 0 -1 8.22619e-6 0 -1 -2.17426e-6 0 -1 1.82344e-6 0 -1 1.66679e-7 0 -1 -4.21733e-6 0 -1 3.13273e-6 0 1 -1.82517e-6 0 1 -1.06106e-6 0 1 1.33076e-6 0 1 -6.69775e-7 0 1 -1.556e-6 0 1 -3.67512e-6 0 1 1.10021e-6 0 1 -1.57175e-6 0 1 1.37394e-6 0 1 1.09916e-6 0 1 -1.06106e-5 0 1 3.07554e-6 0 1 2.95975e-7 0 1 -2.27922e-7 0 1 4.17529e-7 0 1 1.02015e-6 0 1 -2.91821e-6 0 1 7.90595e-7 0 1 -2.04539e-6 0 1 3.07555e-6 0 1 -1.33077e-6 0 1 1.06106e-6 0 1 -3.45063e-7 0 1 1.87969e-6 0 1 2.11966e-6 0 1 -8.49347e-7 0 1 3.52184e-7 0 1 1.57135e-6 0 1 -3.23177e-6 0 1 4.10978e-7 0 1 -5.24833e-6 0 1 2.22844e-6 0 1 8.1955e-6 0 1 7.74634e-7 0 1 -2.50152e-6 0 1 -3.07555e-6 0 1 -2.95975e-7 0 1 1.06106e-6 0 1 -3.16704e-7 0 1 4.06181e-7 0 1 4.90944e-7 0 1 4.38375e-7 0 1 -1.19872e-6 0 1 5.93297e-7 0 0 0.6689207 -0.7433338 0 0.6689214 -0.7433333 0 1.05931e-4 -1 1 -8.52542e-7 1.90266e-7 1 -1.43538e-6 0 1 3.07379e-6 0 1 3.36474e-7 0 1 0 0 1 0 1.41909e-7 1 -1.2698e-7 0 1 0 0 1 2.57946e-7 0 1 0 0 -1 0 0 -1 2.62027e-6 0 0 1 1.06714e-4 0 1 1.11565e-4 0 0.7071818 -0.7070318 0 0.7071835 -0.7070301 0 0.668917 -0.7433371 0 0.6689231 -0.7433317 -1 1.33832e-6 0 -1 1.66019e-6 0 -1 -7.2452e-7 0 -1 5.10085e-7 0 -1 5.81001e-7 0 -1 -2.54545e-6 0 -1 -9.03976e-7 0 -1 -1.09436e-6 0 -1 6.56042e-7 0 -1 1.33077e-6 0 -1 -2.12211e-6 0 -1 -3.49217e-6 0 -1 -3.82411e-6 0 -1 1.30593e-6 0 -1 -3.07554e-6 0 -1 -2.47959e-6 0 -1 1.1839e-6 0 -1 2.15584e-6 0 -1 -2.66153e-6 0 -1 7.68885e-7 0 -1 -6.56042e-7 0 -1 -1.96812e-6 0 -1 -1.1839e-6 0 -1 -2.15584e-6 0 -1 2.66153e-6 0 -1 -7.68886e-7 0 -1 -4.65304e-7 0 -1 5.65115e-6 0 -1 0 0 -1 2.78311e-7 0 -1 -3.54736e-7 0 -1 5.2643e-6 0 -1 -3.91405e-7 0 -1 -6.15384e-7 0 -1 -4.17517e-7 0 -1 -1.25846e-6 0 -1 -6.20442e-7 0 -1 5.65259e-7 0 -1 7.24705e-6 0 -1 -2.78769e-7 0 -1 1.26492e-6 0 -1 5.91951e-7 0 -1 -7.68887e-7 0 -1 4.24423e-6 0 -1 -3.28021e-6 0 -1 3.10027e-6 0 -1 -1.16925e-6 0 -1 -3.43727e-6 0 -1 3.17065e-6 0 -1 -6.15929e-7 0 -1 1.29997e-6 0 0 1 1.00044e-4 0 1 1.0914e-4 0 1 1.04592e-4 0 1 1.06714e-4 3.10418e-7 1 1.06714e-4 -2.82266e-7 1 1.12447e-4 0 1 1.13431e-4 0 1 3.63799e-5 0 1 1.06714e-4 -1.24108e-7 1 1.04774e-4 0 1 1.09329e-4 5.47928e-7 1 1.09139e-4 0 1 1.00651e-4 0 1 9.09496e-5 -1 0 0 -1 0 -1.90266e-7 -1 1.43005e-7 0 -1 0 0 -1 -1.99615e-7 0 -1 0 0 -1 -1.30265e-7 0 -1 -1.31076e-7 0 -1 -3.74212e-7 0 -1 1.91054e-6 0 0 0.7071827 -0.7070309 0 0.7071815 -0.7070322 0 1 1.06714e-4 1 1.92638e-6 0 0 -1 -1.06085e-4 0 -1 -1.07387e-4 0 -1 -1.06819e-4 0 -1 -1.06714e-4 0 -1 -1.06483e-4 0 -1 -1.06676e-4 -4.46279e-7 -1 -1.06679e-4 0 -1 -1.06501e-4 0 -1 -1.06728e-4 4.46279e-7 -1 -1.06772e-4 0 -1 -1.06606e-4 0 -1 -1.06866e-4 0 -1 -1.06697e-4 0 -1 -1.06722e-4 0 -1 -1.07509e-4 0 1 1.06714e-4 -0.7071064 7.54583e-5 -0.7071072 -0.7071076 7.55458e-5 -0.707106 0.7071067 7.55345e-5 -0.707107 0.7071078 7.54635e-5 -0.7071058</float_array>
          <technique_common>
            <accessor source="#C-mesh-normals-array" count="5395" stride="3">
              <param name="X" type="float"/>
              <param name="Y" type="float"/>
              <param name="Z" type="float"/>
            </accessor>
          </technique_common>
        </source>
        <vertices id="C-mesh-vertices">
          <input semantic="POSITION" source="#C-mesh-positions"/>
        </vertices>
        <triangles count="6980">
          <input semantic="VERTEX" source="#C-mesh-vertices" offset="0"/>
          <input semantic="NORMAL" source="#C-mesh-normals" offset="1"/>
          <p>0 0 1 0 2 0 2 1 1 1 3 1 2 2 3 2 4 2 5 3 6 3 2 3 2 4 6 4 7 4 2 1 7 1 0 1 8 5 9 5 2 5 2 6 9 6 10 6 2 1 10 1 5 1 4 7 11 7 2 7 2 1 11 1 12 1 2 8 12 8 8 8 13 1 14 1 15 1 15 9 14 9 16 9 15 1 16 1 17 1 18 10 19 10 15 10 15 1 19 1 20 1 15 11 20 11 13 11 21 1 22 1 15 1 15 12 22 12 23 12 15 1 23 1 18 1 17 13 24 13 15 13 15 1 24 1 25 1 15 14 25 14 21 14 26 1 27 1 28 1 28 15 27 15 29 15 28 1 29 1 30 1 31 1 32 1 28 1 28 1 32 1 33 1 28 16 33 16 26 16 34 17 35 17 28 17 28 18 35 18 36 18 28 19 36 19 31 19 30 20 37 20 28 20 28 1 37 1 38 1 28 1 38 1 34 1 39 1 40 1 41 1 41 21 40 21 42 21 41 1 42 1 43 1 44 22 45 22 41 22 41 1 45 1 46 1 41 23 46 23 39 23 47 1 48 1 41 1 41 24 48 24 49 24 41 1 49 1 44 1 43 25 50 25 41 25 41 1 50 1 51 1 41 1 51 1 47 1 52 26 53 26 54 26 54 27 53 27 55 27 54 28 55 28 56 28 56 29 55 29 57 29 56 1 57 1 58 1 58 30 57 30 59 30 58 1 59 1 60 1 60 31 59 31 61 31 60 1 61 1 62 1 62 1 61 1 63 1 62 1 63 1 64 1 63 32 65 32 64 32 64 1 65 1 66 1 64 33 66 33 67 33 67 34 66 34 68 34 67 1 68 1 69 1 69 35 68 35 70 35 69 36 70 36 71 36 71 37 70 37 72 37 71 1 72 1 73 1 73 1 72 1 74 1 73 1 74 1 75 1 75 1 74 1 76 1 75 1 76 1 52 1 52 1 76 1 77 1 52 1 77 1 53 1 78 38 79 38 80 38 80 39 79 39 81 39 80 40 81 40 82 40 82 1 81 1 83 1 82 1 83 1 84 1 84 41 83 41 85 41 84 1 85 1 86 1 86 1 85 1 87 1 86 1 87 1 88 1 88 1 87 1 89 1 88 1 89 1 90 1 89 42 91 42 90 42 90 1 91 1 92 1 90 43 92 43 93 43 93 44 92 44 94 44 93 1 94 1 95 1 95 45 94 45 96 45 95 1 96 1 97 1 97 46 96 46 98 46 97 1 98 1 99 1 99 1 98 1 100 1 99 1 100 1 101 1 101 1 100 1 102 1 101 1 102 1 78 1 78 1 102 1 103 1 78 1 103 1 79 1 104 47 105 47 106 47 106 34 105 34 107 34 106 1 107 1 108 1 108 48 107 48 109 48 108 1 109 1 110 1 110 49 109 49 111 49 110 1 111 1 112 1 112 1 111 1 113 1 112 1 113 1 114 1 114 1 113 1 115 1 114 1 115 1 116 1 115 50 117 50 116 50 116 1 117 1 118 1 116 51 118 51 119 51 119 52 118 52 120 52 119 1 120 1 121 1 121 53 120 53 122 53 121 54 122 54 123 54 123 55 122 55 124 55 123 1 124 1 125 1 125 56 124 56 126 56 125 1 126 1 127 1 127 57 126 57 128 57 127 58 128 58 104 58 104 59 128 59 129 59 104 1 129 1 105 1 130 1 131 1 132 1 132 1 131 1 133 1 132 1 133 1 134 1 134 60 133 60 135 60 134 1 135 1 136 1 136 61 135 61 137 61 136 1 137 1 138 1 138 1 137 1 139 1 138 1 139 1 140 1 140 1 139 1 141 1 140 1 141 1 142 1 141 62 143 62 142 62 142 1 143 1 144 1 142 1 144 1 145 1 145 63 144 63 146 63 145 64 146 64 147 64 147 1 146 1 148 1 147 1 148 1 149 1 149 46 148 46 150 46 149 1 150 1 151 1 151 1 150 1 152 1 151 1 152 1 153 1 153 1 152 1 154 1 153 1 154 1 130 1 130 1 154 1 155 1 130 1 155 1 131 1 156 1 157 1 158 1 158 1 157 1 159 1 158 1 159 1 160 1 160 65 159 65 161 65 160 1 161 1 162 1 162 66 161 66 163 66 162 1 163 1 164 1 163 1 165 1 164 1 164 67 165 67 166 67 164 1 166 1 167 1 167 68 166 68 168 68 167 1 168 1 169 1 169 1 168 1 170 1 169 69 170 69 171 69 171 70 170 70 172 70 171 71 172 71 173 71 174 72 175 72 176 72 176 1 175 1 177 1 176 73 177 73 178 73 178 1 177 1 179 1 178 74 179 74 180 74 180 75 179 75 181 75 180 1 181 1 156 1 156 76 181 76 182 76 156 77 182 77 157 77 172 1 183 1 173 1 173 78 183 78 184 78 173 79 184 79 185 79 185 1 184 1 186 1 185 1 186 1 187 1 187 80 186 80 188 80 187 1 188 1 189 1 189 81 188 81 190 81 189 82 190 82 191 82 192 1 193 1 194 1 194 83 193 83 195 83 194 84 195 84 196 84 196 1 195 1 197 1 196 1 197 1 198 1 198 1 197 1 199 1 198 1 199 1 174 1 174 85 199 85 200 85 174 1 200 1 175 1 190 86 201 86 191 86 191 87 201 87 202 87 191 88 202 88 203 88 203 89 202 89 204 89 203 1 204 1 205 1 205 90 204 90 206 90 205 1 206 1 207 1 207 91 206 91 208 91 207 1 208 1 192 1 192 92 208 92 209 92 192 93 209 93 193 93 210 94 211 94 212 94 212 95 211 95 213 95 212 96 214 96 210 96 210 97 214 97 215 97 211 98 216 98 213 98 213 99 216 99 217 99 218 1 219 1 220 1 221 100 222 100 223 100 224 1 225 1 226 1 227 1 228 1 229 1 230 101 231 101 232 101 232 1 231 1 233 1 234 102 214 102 212 102 213 1 217 1 220 1 220 1 217 1 235 1 236 1 237 1 238 1 238 103 237 103 239 103 238 1 239 1 240 1 240 104 239 104 241 104 240 105 241 105 242 105 243 106 244 106 220 106 220 107 244 107 245 107 220 1 245 1 246 1 234 1 212 1 238 1 238 108 212 108 247 108 238 109 247 109 236 109 246 1 248 1 220 1 220 110 248 110 249 110 220 111 249 111 213 111 213 112 249 112 250 112 213 1 250 1 212 1 212 113 250 113 251 113 212 1 251 1 247 1 252 1 223 1 253 1 253 114 223 114 254 114 255 1 256 1 257 1 257 1 256 1 258 1 257 1 258 1 223 1 223 1 258 1 259 1 223 1 259 1 254 1 260 1 261 1 262 1 263 1 264 1 265 1 265 115 264 115 266 115 265 116 266 116 267 116 267 117 266 117 268 117 267 118 268 118 269 118 260 119 262 119 270 119 261 1 271 1 262 1 262 120 271 120 272 120 262 1 272 1 255 1 255 1 272 1 273 1 273 1 274 1 255 1 255 121 274 121 275 121 255 122 275 122 256 122 256 1 275 1 276 1 256 1 276 1 277 1 277 123 276 123 278 123 277 1 278 1 263 1 263 124 278 124 279 124 263 125 279 125 264 125 268 1 270 1 269 1 269 126 270 126 262 126 269 1 262 1 280 1 280 1 262 1 281 1 280 1 281 1 282 1 282 127 281 127 283 127 283 1 281 1 284 1 283 1 284 1 285 1 285 128 284 128 233 128 233 129 284 129 286 129 233 130 286 130 232 130 287 1 288 1 289 1 289 1 288 1 290 1 289 131 290 131 291 131 291 1 290 1 292 1 291 1 292 1 293 1 293 132 292 132 294 132 293 1 294 1 295 1 287 1 296 1 297 1 297 1 296 1 298 1 227 1 299 1 228 1 228 1 299 1 300 1 228 1 300 1 298 1 298 1 300 1 301 1 298 1 301 1 297 1 228 1 302 1 229 1 229 133 302 133 303 133 229 1 303 1 304 1 304 134 303 134 305 134 304 1 305 1 306 1 235 1 307 1 220 1 220 135 307 135 308 135 220 136 308 136 305 136 305 1 308 1 309 1 305 137 309 137 306 137 310 1 302 1 311 1 311 1 302 1 296 1 311 1 296 1 312 1 312 1 296 1 313 1 314 138 315 138 289 138 316 139 317 139 291 139 291 140 317 140 318 140 287 1 289 1 296 1 296 141 289 141 315 141 296 142 315 142 319 142 319 1 320 1 296 1 296 1 320 1 321 1 296 1 321 1 313 1 313 1 321 1 322 1 313 143 322 143 323 143 323 144 322 144 316 144 323 1 316 1 324 1 324 145 316 145 291 145 324 146 291 146 325 146 318 1 326 1 291 1 291 147 326 147 327 147 291 148 327 148 289 148 289 149 327 149 328 149 289 1 328 1 314 1 286 150 329 150 291 150 291 1 329 1 330 1 291 151 330 151 325 151 331 1 332 1 333 1 333 152 332 152 334 152 334 1 335 1 333 1 333 153 335 153 336 153 333 1 336 1 226 1 226 1 336 1 337 1 226 154 337 154 224 154 338 155 339 155 340 155 340 1 339 1 341 1 342 1 343 1 344 1 344 156 343 156 345 156 223 157 222 157 257 157 257 158 222 158 346 158 257 159 346 159 347 159 348 1 349 1 331 1 349 160 350 160 331 160 331 1 350 1 351 1 331 1 351 1 252 1 252 161 351 161 352 161 352 1 353 1 252 1 252 162 353 162 354 162 252 1 354 1 223 1 223 1 354 1 355 1 223 1 355 1 221 1 253 1 238 1 252 1 252 163 238 163 240 163 252 1 240 1 331 1 331 164 240 164 340 164 331 165 340 165 332 165 332 166 340 166 341 166 242 1 243 1 240 1 240 167 243 167 220 167 240 1 220 1 340 1 340 168 220 168 344 168 340 169 344 169 338 169 338 1 344 1 345 1 220 1 219 1 344 1 344 170 219 170 356 170 344 171 356 171 357 171 303 1 358 1 359 1 310 1 360 1 302 1 302 172 360 172 342 172 302 1 342 1 303 1 303 173 342 173 344 173 303 1 344 1 358 1 358 174 344 174 357 174 359 1 361 1 303 1 303 1 361 1 362 1 303 1 362 1 305 1 305 175 362 175 363 175 363 176 364 176 305 176 305 177 364 177 365 177 305 178 365 178 220 178 220 179 365 179 366 179 220 180 366 180 218 180 347 1 348 1 257 1 257 1 348 1 331 1 257 1 331 1 255 1 255 1 331 1 333 1 255 181 333 181 262 181 262 182 333 182 226 182 228 183 367 183 368 183 369 1 296 1 370 1 370 1 296 1 302 1 370 184 302 184 371 184 371 185 302 185 372 185 228 1 368 1 302 1 302 1 368 1 373 1 302 1 373 1 372 1 369 1 374 1 296 1 296 186 374 186 375 186 296 1 375 1 298 1 298 1 375 1 376 1 298 1 376 1 377 1 377 187 378 187 298 187 298 1 378 1 379 1 298 1 379 1 228 1 228 188 379 188 380 188 228 189 380 189 367 189 381 161 382 161 284 161 383 1 384 1 262 1 262 142 384 142 385 142 262 190 385 190 281 190 281 191 385 191 386 191 382 1 226 1 284 1 284 192 226 192 225 192 284 193 225 193 286 193 286 194 225 194 387 194 286 195 387 195 329 195 382 1 388 1 226 1 226 196 388 196 389 196 226 197 389 197 262 197 262 1 389 1 390 1 262 198 390 198 383 198 386 199 391 199 281 199 281 200 391 200 392 200 281 201 392 201 284 201 284 202 392 202 393 202 284 1 393 1 381 1 394 1 395 1 232 1 396 1 397 1 286 1 286 203 397 203 398 203 286 1 398 1 232 1 232 1 398 1 399 1 232 204 399 204 394 204 295 1 230 1 293 1 293 205 230 205 232 205 293 206 232 206 400 206 400 1 232 1 395 1 401 1 402 1 291 1 291 207 402 207 403 207 291 208 403 208 286 208 286 1 403 1 404 1 286 209 404 209 396 209 400 210 405 210 293 210 293 211 405 211 406 211 293 1 406 1 291 1 291 212 406 212 407 212 291 213 407 213 401 213 408 214 409 214 410 214 411 215 216 215 211 215 412 216 413 216 414 216 414 214 415 214 412 214 412 217 415 217 416 217 412 214 416 214 417 214 417 218 416 218 418 218 419 214 420 214 421 214 421 219 420 219 422 219 421 214 422 214 423 214 424 220 425 220 426 220 410 214 427 214 408 214 408 221 427 221 428 221 408 222 428 222 429 222 422 223 430 223 423 223 423 224 430 224 431 224 423 225 431 225 432 225 419 214 421 214 433 214 433 226 421 226 434 226 433 214 434 214 435 214 436 214 437 214 438 214 438 227 437 227 439 227 440 214 441 214 442 214 442 228 441 228 443 228 442 214 443 214 439 214 439 229 443 229 444 229 439 230 444 230 438 230 412 231 411 231 413 231 413 232 411 232 211 232 413 233 211 233 445 233 445 234 211 234 210 234 431 214 446 214 432 214 432 235 446 235 447 235 432 214 447 214 418 214 418 214 447 214 448 214 418 236 448 236 417 236 424 237 449 237 425 237 425 238 449 238 450 238 425 214 450 214 434 214 434 239 450 239 451 239 434 240 451 240 435 240 436 214 452 214 437 214 437 241 452 241 453 241 437 214 453 214 426 214 426 242 453 242 454 242 426 214 454 214 424 214 440 214 442 214 455 214 455 243 442 243 445 243 455 214 445 214 456 214 456 244 445 244 210 244 456 245 210 245 409 245 409 246 210 246 215 246 409 247 215 247 410 247 429 248 457 248 408 248 408 249 457 249 458 249 408 214 458 214 459 214 215 250 214 250 234 250 215 251 234 251 410 251 410 252 234 252 238 252 410 253 238 253 427 253 427 254 238 254 253 254 427 255 253 255 428 255 428 256 253 256 254 256 428 257 254 257 429 257 429 258 254 258 259 258 429 259 259 259 457 259 457 260 259 260 258 260 457 261 258 261 458 261 458 262 258 262 256 262 458 263 256 263 459 263 459 264 256 264 277 264 459 265 277 265 408 265 408 266 277 266 263 266 408 267 263 267 409 267 409 268 263 268 265 268 409 269 265 269 456 269 456 270 265 270 267 270 456 271 267 271 455 271 455 272 267 272 269 272 455 273 269 273 440 273 440 274 269 274 280 274 440 275 280 275 441 275 441 276 280 276 282 276 441 277 282 277 443 277 443 278 282 278 283 278 443 279 283 279 444 279 444 280 283 280 285 280 444 281 285 281 438 281 438 282 285 282 233 282 438 283 233 283 436 283 436 284 233 284 231 284 436 285 231 285 452 285 452 286 231 286 230 286 452 287 230 287 453 287 453 288 230 288 295 288 453 289 295 289 454 289 454 290 295 290 294 290 454 291 294 291 424 291 424 292 294 292 292 292 424 293 292 293 449 293 449 294 292 294 290 294 449 295 290 295 450 295 450 296 290 296 288 296 450 297 288 297 451 297 451 298 288 298 287 298 451 299 287 299 435 299 435 300 287 300 297 300 435 301 297 301 433 301 433 302 297 302 301 302 433 303 301 303 419 303 419 304 301 304 300 304 419 305 300 305 420 305 420 306 300 306 299 306 420 307 299 307 422 307 422 308 299 308 227 308 422 309 227 309 430 309 430 310 227 310 229 310 430 311 229 311 431 311 431 312 229 312 304 312 431 313 304 313 446 313 446 314 304 314 306 314 446 315 306 315 447 315 447 316 306 316 309 316 447 317 309 317 448 317 448 318 309 318 308 318 448 319 308 319 417 319 417 320 308 320 307 320 417 321 307 321 412 321 412 322 307 322 235 322 412 323 235 323 411 323 411 324 235 324 217 324 411 325 217 325 216 325 205 326 312 326 203 326 203 327 312 327 313 327 203 327 313 327 191 327 191 328 313 328 323 328 191 329 323 329 189 329 189 330 323 330 324 330 189 330 324 330 187 330 187 331 324 331 325 331 187 332 325 332 185 332 185 333 325 333 330 333 185 333 330 333 173 333 173 334 330 334 329 334 173 335 329 335 171 335 171 336 329 336 387 336 171 336 387 336 169 336 169 337 387 337 225 337 169 338 225 338 167 338 167 339 225 339 224 339 167 340 224 340 164 340 164 341 224 341 337 341 164 342 337 342 162 342 162 343 337 343 336 343 162 344 336 344 160 344 160 345 336 345 335 345 160 346 335 346 158 346 158 347 335 347 334 347 158 348 334 348 156 348 156 349 334 349 332 349 156 349 332 349 180 349 180 350 332 350 341 350 180 351 341 351 178 351 178 352 341 352 339 352 178 352 339 352 176 352 176 353 339 353 338 353 176 354 338 354 174 354 174 355 338 355 345 355 174 355 345 355 198 355 198 356 345 356 343 356 198 357 343 357 196 357 196 358 343 358 342 358 196 359 342 359 194 359 194 360 342 360 360 360 194 361 360 361 192 361 192 362 360 362 310 362 192 363 310 363 207 363 207 364 310 364 311 364 207 365 311 365 205 365 205 366 311 366 312 366 370 367 137 367 369 367 369 368 137 368 135 368 369 369 135 369 374 369 374 369 135 369 133 369 374 370 133 370 375 370 375 371 133 371 131 371 375 372 131 372 376 372 376 373 131 373 155 373 376 374 155 374 377 374 377 375 155 375 154 375 377 376 154 376 378 376 378 377 154 377 152 377 378 378 152 378 379 378 379 379 152 379 150 379 379 380 150 380 380 380 380 380 150 380 148 380 380 381 148 381 367 381 367 382 148 382 146 382 367 383 146 383 368 383 368 384 146 384 144 384 368 385 144 385 373 385 373 386 144 386 143 386 373 387 143 387 372 387 372 388 143 388 141 388 372 389 141 389 371 389 371 389 141 389 139 389 371 390 139 390 370 390 370 391 139 391 137 391 398 392 111 392 399 392 399 393 111 393 109 393 399 369 109 369 394 369 394 369 109 369 107 369 394 394 107 394 395 394 395 395 107 395 105 395 395 396 105 396 400 396 400 396 105 396 129 396 400 397 129 397 405 397 405 375 129 375 128 375 405 398 128 398 406 398 406 399 128 399 126 399 406 400 126 400 407 400 407 401 126 401 124 401 407 402 124 402 401 402 401 402 124 402 122 402 401 403 122 403 402 403 402 403 122 403 120 403 402 404 120 404 403 404 403 405 120 405 118 405 403 386 118 386 404 386 404 386 118 386 117 386 404 406 117 406 396 406 396 407 117 407 115 407 396 408 115 408 397 408 397 408 115 408 113 408 397 409 113 409 398 409 398 410 113 410 111 410 264 411 85 411 266 411 266 411 85 411 83 411 266 412 83 412 268 412 268 413 83 413 81 413 268 414 81 414 270 414 270 414 81 414 79 414 270 415 79 415 260 415 260 416 79 416 103 416 260 375 103 375 261 375 261 375 103 375 102 375 261 377 102 377 271 377 271 417 102 417 100 417 271 379 100 379 272 379 272 378 100 378 98 378 272 380 98 380 273 380 273 418 98 418 96 418 273 382 96 382 274 382 274 419 96 419 94 419 274 384 94 384 275 384 275 420 94 420 92 420 275 386 92 386 276 386 276 386 92 386 91 386 276 421 91 421 278 421 278 422 91 422 89 422 278 423 89 423 279 423 279 424 89 424 87 424 279 391 87 391 264 391 264 425 87 425 85 425 239 426 72 426 241 426 241 426 72 426 70 426 241 369 70 369 242 369 242 427 70 427 68 427 242 428 68 428 243 428 243 414 68 414 66 414 243 396 66 396 244 396 244 396 66 396 65 396 244 429 65 429 245 429 245 430 65 430 63 430 245 377 63 377 246 377 246 431 63 431 61 431 246 378 61 378 248 378 248 379 61 379 59 379 248 380 59 380 249 380 249 418 59 418 57 418 249 403 57 403 250 403 250 403 57 403 55 403 250 432 55 432 251 432 251 384 55 384 53 384 251 433 53 433 247 433 247 434 53 434 77 434 247 421 77 421 236 421 236 435 77 435 76 435 236 424 76 424 237 424 237 436 76 436 74 436 237 437 74 437 239 437 239 410 74 410 72 410 219 438 42 438 356 438 356 439 42 439 40 439 356 440 40 440 357 440 357 440 40 440 39 440 357 441 39 441 358 441 358 442 39 442 46 442 358 443 46 443 359 443 359 444 46 444 45 444 359 445 45 445 361 445 361 446 45 446 44 446 361 447 44 447 362 447 362 448 44 448 49 448 362 449 49 449 363 449 363 449 49 449 48 449 363 450 48 450 364 450 364 451 48 451 47 451 364 452 47 452 365 452 365 453 47 453 51 453 365 454 51 454 366 454 366 454 51 454 50 454 366 455 50 455 218 455 218 456 50 456 43 456 218 457 43 457 219 457 219 458 43 458 42 458 222 459 29 459 346 459 346 460 29 460 27 460 346 440 27 440 347 440 347 440 27 440 26 440 347 461 26 461 348 461 348 442 26 442 33 442 348 462 33 462 349 462 349 443 33 443 32 443 349 463 32 463 350 463 350 464 32 464 31 464 350 465 31 465 351 465 351 466 31 466 36 466 351 467 36 467 352 467 352 468 36 468 35 468 352 469 35 469 353 469 353 470 35 470 34 470 353 471 34 471 354 471 354 453 34 453 38 453 354 472 38 472 355 472 355 473 38 473 37 473 355 474 37 474 221 474 221 475 37 475 30 475 221 457 30 457 222 457 222 476 30 476 29 476 385 477 16 477 386 477 386 478 16 478 14 478 386 479 14 479 391 479 391 480 14 480 13 480 391 481 13 481 392 481 392 482 13 482 20 482 392 483 20 483 393 483 393 484 20 484 19 484 393 485 19 485 381 485 381 486 19 486 18 486 381 487 18 487 382 487 382 488 18 488 23 488 382 489 23 489 388 489 388 490 23 490 22 490 388 491 22 491 389 491 389 492 22 492 21 492 389 493 21 493 390 493 390 494 21 494 25 494 390 495 25 495 383 495 383 496 25 496 24 496 383 497 24 497 384 497 384 497 24 497 17 497 384 498 17 498 385 498 385 499 17 499 16 499 317 500 3 500 318 500 318 500 3 500 1 500 318 501 1 501 326 501 326 502 1 502 0 502 326 503 0 503 327 503 327 442 0 442 7 442 327 504 7 504 328 504 328 505 7 505 6 505 328 463 6 463 314 463 314 506 6 506 5 506 314 507 5 507 315 507 315 508 5 508 10 508 315 509 10 509 319 509 319 510 10 510 9 510 319 511 9 511 320 511 320 512 9 512 8 512 320 493 8 493 321 493 321 493 8 493 12 493 321 472 12 472 322 472 322 513 12 513 11 513 322 514 11 514 316 514 316 515 11 515 4 515 316 516 4 516 317 516 317 476 4 476 3 476 460 517 445 517 442 517 439 518 461 518 442 518 442 519 461 519 462 519 442 520 462 520 460 520 437 521 463 521 439 521 439 522 463 522 464 522 439 523 464 523 461 523 426 524 465 524 437 524 437 525 465 525 466 525 437 526 466 526 463 526 425 527 467 527 426 527 426 528 467 528 468 528 426 529 468 529 465 529 434 530 469 530 425 530 425 531 469 531 470 531 425 532 470 532 467 532 421 533 471 533 434 533 434 534 471 534 472 534 434 535 472 535 469 535 423 536 473 536 421 536 421 537 473 537 474 537 421 538 474 538 471 538 432 539 475 539 423 539 423 540 475 540 476 540 423 541 476 541 473 541 418 542 477 542 432 542 432 543 477 543 478 543 432 544 478 544 475 544 416 545 479 545 418 545 418 546 479 546 480 546 418 547 480 547 477 547 415 548 481 548 416 548 416 549 481 549 482 549 416 550 482 550 479 550 414 551 483 551 415 551 415 552 483 552 484 552 415 553 484 553 481 553 413 554 485 554 414 554 414 555 485 555 486 555 414 556 486 556 483 556 460 557 487 557 445 557 445 558 487 558 488 558 445 559 488 559 413 559 413 560 488 560 489 560 413 561 489 561 485 561 488 562 159 562 489 562 489 563 159 563 157 563 489 564 157 564 485 564 485 565 157 565 182 565 485 566 182 566 486 566 486 567 182 567 181 567 486 568 181 568 483 568 483 569 181 569 179 569 483 570 179 570 484 570 484 571 179 571 177 571 484 572 177 572 481 572 481 573 177 573 175 573 481 574 175 574 482 574 482 575 175 575 200 575 482 576 200 576 479 576 479 577 200 577 199 577 479 578 199 578 480 578 480 579 199 579 197 579 480 580 197 580 477 580 477 581 197 581 195 581 477 582 195 582 478 582 478 583 195 583 193 583 478 584 193 584 475 584 475 585 193 585 209 585 475 586 209 586 476 586 476 587 209 587 208 587 476 588 208 588 473 588 473 589 208 589 206 589 473 590 206 590 474 590 474 591 206 591 204 591 474 592 204 592 471 592 471 593 204 593 202 593 471 594 202 594 472 594 472 595 202 595 201 595 472 596 201 596 469 596 469 597 201 597 190 597 469 598 190 598 470 598 470 599 190 599 188 599 470 600 188 600 467 600 467 601 188 601 186 601 467 602 186 602 468 602 468 603 186 603 184 603 468 604 184 604 465 604 465 605 184 605 183 605 465 606 183 606 466 606 466 607 183 607 172 607 466 608 172 608 463 608 463 609 172 609 170 609 463 610 170 610 464 610 464 611 170 611 168 611 464 612 168 612 461 612 461 613 168 613 166 613 461 614 166 614 462 614 462 615 166 615 165 615 462 616 165 616 460 616 460 617 165 617 163 617 460 618 163 618 487 618 487 619 163 619 161 619 487 620 161 620 488 620 488 621 161 621 159 621 490 622 491 622 492 622 493 623 491 623 490 623 490 624 494 624 495 624 496 625 494 625 490 625 492 626 496 626 490 626 490 627 497 627 498 627 499 628 497 628 490 628 495 629 499 629 490 629 490 630 500 630 501 630 502 631 500 631 490 631 498 632 502 632 490 632 501 633 493 633 490 633 110 634 493 634 108 634 108 635 493 635 501 635 108 636 501 636 106 636 106 637 501 637 500 637 106 638 500 638 104 638 104 639 500 639 502 639 104 640 502 640 127 640 127 641 502 641 498 641 127 642 498 642 125 642 125 643 498 643 497 643 125 644 497 644 123 644 123 645 497 645 499 645 123 646 499 646 121 646 121 647 499 647 495 647 121 648 495 648 119 648 119 649 495 649 494 649 119 650 494 650 116 650 116 494 494 494 496 494 116 651 496 651 114 651 114 652 496 652 492 652 114 653 492 653 112 653 112 654 492 654 491 654 112 655 491 655 110 655 110 656 491 656 493 656 503 657 504 657 505 657 506 658 504 658 503 658 503 659 507 659 508 659 509 660 507 660 503 660 505 661 509 661 503 661 503 662 510 662 511 662 512 663 510 663 503 663 508 664 512 664 503 664 503 665 513 665 514 665 515 666 513 666 503 666 511 667 515 667 503 667 514 668 506 668 503 668 84 669 506 669 82 669 82 670 506 670 514 670 82 671 514 671 80 671 80 672 514 672 513 672 80 673 513 673 78 673 78 674 513 674 515 674 78 675 515 675 101 675 101 676 515 676 511 676 101 677 511 677 99 677 99 678 511 678 510 678 99 679 510 679 97 679 97 680 510 680 512 680 97 681 512 681 95 681 95 682 512 682 508 682 95 683 508 683 93 683 93 684 508 684 507 684 93 685 507 685 90 685 90 686 507 686 509 686 90 687 509 687 88 687 88 688 509 688 505 688 88 689 505 689 86 689 86 690 505 690 504 690 86 691 504 691 84 691 84 692 504 692 506 692 516 693 517 693 518 693 519 694 517 694 516 694 516 695 520 695 521 695 522 696 520 696 516 696 518 697 522 697 516 697 516 698 523 698 524 698 525 699 523 699 516 699 521 700 525 700 516 700 516 701 526 701 527 701 528 702 526 702 516 702 524 703 528 703 516 703 527 704 519 704 516 704 136 705 519 705 134 705 134 706 519 706 527 706 134 707 527 707 132 707 132 708 527 708 526 708 132 709 526 709 130 709 130 710 526 710 528 710 130 711 528 711 153 711 153 712 528 712 524 712 153 713 524 713 151 713 151 714 524 714 523 714 151 715 523 715 149 715 149 716 523 716 525 716 149 717 525 717 147 717 147 718 525 718 521 718 147 719 521 719 145 719 145 649 521 649 520 649 145 720 520 720 142 720 142 721 520 721 522 721 142 722 522 722 140 722 140 723 522 723 518 723 140 724 518 724 138 724 138 725 518 725 517 725 138 726 517 726 136 726 136 727 517 727 519 727 529 728 530 728 531 728 532 729 530 729 529 729 529 730 533 730 534 730 535 731 533 731 529 731 531 732 535 732 529 732 529 733 536 733 537 733 538 734 536 734 529 734 534 735 538 735 529 735 529 736 539 736 540 736 541 737 539 737 529 737 537 738 541 738 529 738 540 739 532 739 529 739 71 705 532 705 69 705 69 740 532 740 540 740 69 741 540 741 67 741 67 742 540 742 539 742 67 743 539 743 64 743 64 744 539 744 541 744 64 745 541 745 62 745 62 746 541 746 537 746 62 747 537 747 60 747 60 748 537 748 536 748 60 749 536 749 58 749 58 750 536 750 538 750 58 717 538 717 56 717 56 647 538 647 534 647 56 751 534 751 54 751 54 751 534 751 533 751 54 752 533 752 52 752 52 753 533 753 535 753 52 754 535 754 75 754 75 755 535 755 531 755 75 756 531 756 73 756 73 757 531 757 530 757 73 758 530 758 71 758 71 692 530 692 532 692 542 759 543 759 544 759 544 760 543 760 545 760 544 761 545 761 546 761 546 762 545 762 547 762 546 763 547 763 548 763 548 764 547 764 549 764 548 765 549 765 550 765 550 766 549 766 551 766 552 767 553 767 554 767 554 768 553 768 555 768 554 769 555 769 556 769 556 770 555 770 557 770 556 771 557 771 558 771 558 772 557 772 559 772 558 773 559 773 560 773 560 774 559 774 561 774 562 775 563 775 564 775 564 776 563 776 565 776 566 777 562 777 567 777 567 778 562 778 564 778 568 779 563 779 569 779 569 780 563 780 562 780 569 1 562 1 570 1 570 1 562 1 566 1 563 781 568 781 565 781 565 782 568 782 571 782 572 783 565 783 573 783 573 784 565 784 571 784 564 785 565 785 574 785 574 786 565 786 572 786 564 787 574 787 567 787 567 788 574 788 575 788 576 214 577 214 578 214 578 214 577 214 579 214 578 789 579 789 580 789 580 790 579 790 581 790 580 214 581 214 582 214 582 791 581 791 583 791 582 214 583 214 584 214 584 792 583 792 585 792 584 214 585 214 586 214 586 793 585 793 587 793 586 214 587 214 588 214 588 214 587 214 589 214 588 794 589 794 590 794 590 214 589 214 591 214 590 795 591 795 592 795 592 214 591 214 593 214 592 214 593 214 594 214 595 796 596 796 597 796 597 214 596 214 598 214 597 214 598 214 599 214 599 214 598 214 600 214 599 214 600 214 601 214 601 214 600 214 602 214 601 214 602 214 603 214 603 214 602 214 604 214 603 797 604 797 605 797 605 214 604 214 606 214 605 798 606 798 607 798 607 214 606 214 608 214 607 214 608 214 576 214 576 799 608 799 609 799 576 800 609 800 577 800 593 801 610 801 594 801 594 214 610 214 611 214 594 802 611 802 612 802 612 214 611 214 613 214 612 214 613 214 614 214 614 214 613 214 615 214 614 214 615 214 616 214 616 214 615 214 617 214 616 803 617 803 618 803 618 804 617 804 619 804 618 214 619 214 620 214 620 805 619 805 621 805 620 806 621 806 622 806 622 807 621 807 623 807 622 214 623 214 624 214 624 808 623 808 625 808 624 214 625 214 626 214 626 214 625 214 627 214 626 214 627 214 628 214 628 214 627 214 629 214 628 809 629 809 595 809 595 214 629 214 630 214 595 810 630 810 596 810 582 811 631 811 580 811 580 812 631 812 632 812 580 813 632 813 578 813 578 813 632 813 633 813 578 814 633 814 576 814 576 815 633 815 634 815 576 816 634 816 607 816 607 817 634 817 635 817 607 818 635 818 605 818 605 819 635 819 636 819 605 820 636 820 603 820 603 821 636 821 637 821 603 822 637 822 601 822 601 823 637 823 638 823 601 824 638 824 599 824 599 824 638 824 639 824 599 825 639 825 597 825 597 826 639 826 640 826 597 827 640 827 595 827 595 828 640 828 641 828 595 829 641 829 628 829 628 830 641 830 642 830 628 831 642 831 626 831 626 832 642 832 643 832 626 833 643 833 624 833 624 834 643 834 644 834 624 835 644 835 622 835 622 836 644 836 645 836 622 837 645 837 620 837 620 838 645 838 646 838 620 839 646 839 618 839 618 840 646 840 647 840 618 841 647 841 616 841 616 842 647 842 648 842 616 843 648 843 614 843 614 844 648 844 649 844 614 845 649 845 612 845 612 846 649 846 650 846 612 847 650 847 594 847 594 848 650 848 651 848 594 849 651 849 592 849 592 850 651 850 652 850 592 851 652 851 590 851 590 852 652 852 653 852 590 853 653 853 588 853 588 854 653 854 654 854 588 855 654 855 586 855 586 855 654 855 655 855 586 856 655 856 584 856 584 857 655 857 656 857 584 858 656 858 582 858 582 859 656 859 631 859 632 860 657 860 633 860 633 861 657 861 658 861 633 862 658 862 634 862 658 863 659 863 634 863 634 864 659 864 660 864 634 865 660 865 635 865 660 866 661 866 635 866 635 867 661 867 662 867 635 868 662 868 636 868 662 869 663 869 636 869 636 870 663 870 664 870 636 871 664 871 637 871 664 872 665 872 637 872 637 873 665 873 666 873 637 874 666 874 638 874 638 875 666 875 667 875 638 876 667 876 639 876 667 877 668 877 639 877 639 878 668 878 669 878 639 879 669 879 640 879 669 880 670 880 640 880 640 881 670 881 671 881 640 882 671 882 641 882 671 883 672 883 641 883 641 884 672 884 673 884 641 885 673 885 642 885 642 886 673 886 674 886 642 887 674 887 643 887 674 888 675 888 643 888 643 889 675 889 676 889 643 890 676 890 644 890 644 891 676 891 677 891 644 892 677 892 645 892 677 893 678 893 645 893 645 894 678 894 679 894 645 895 679 895 646 895 646 896 679 896 680 896 646 897 680 897 647 897 680 898 681 898 647 898 647 899 681 899 682 899 647 900 682 900 648 900 682 901 683 901 648 901 648 902 683 902 684 902 648 903 684 903 649 903 684 904 685 904 649 904 649 905 685 905 686 905 649 906 686 906 650 906 686 907 687 907 650 907 650 908 687 908 688 908 650 909 688 909 651 909 651 910 688 910 689 910 651 911 689 911 652 911 689 912 690 912 652 912 652 913 690 913 691 913 652 914 691 914 653 914 691 915 692 915 653 915 653 916 692 916 693 916 653 917 693 917 654 917 693 918 694 918 654 918 654 919 694 919 695 919 654 920 695 920 655 920 655 921 695 921 696 921 655 922 696 922 656 922 696 923 697 923 656 923 656 924 697 924 698 924 656 925 698 925 631 925 631 926 698 926 699 926 631 927 699 927 632 927 632 928 699 928 700 928 632 929 700 929 657 929 701 930 702 930 700 930 703 931 658 931 702 931 702 932 658 932 657 932 702 933 657 933 700 933 704 934 660 934 703 934 703 935 660 935 659 935 703 936 659 936 658 936 664 937 663 937 705 937 705 938 663 938 662 938 705 939 662 939 704 939 704 940 662 940 661 940 704 941 661 941 660 941 664 942 705 942 665 942 665 943 705 943 706 943 665 944 706 944 666 944 666 945 706 945 667 945 667 946 706 946 707 946 667 947 707 947 668 947 668 948 707 948 669 948 669 949 707 949 708 949 669 950 708 950 670 950 674 951 673 951 709 951 709 952 673 952 672 952 709 953 672 953 708 953 708 954 672 954 671 954 708 955 671 955 670 955 674 956 709 956 675 956 675 957 709 957 710 957 675 958 710 958 676 958 676 959 710 959 711 959 676 960 711 960 677 960 677 961 711 961 678 961 678 962 711 962 712 962 678 963 712 963 679 963 679 964 712 964 680 964 680 965 712 965 713 965 680 966 713 966 681 966 681 967 713 967 682 967 682 968 713 968 714 968 682 969 714 969 683 969 683 970 714 970 684 970 684 971 714 971 715 971 684 972 715 972 685 972 716 973 687 973 715 973 715 974 687 974 686 974 715 975 686 975 685 975 717 976 689 976 716 976 716 977 689 977 688 977 716 978 688 978 687 978 693 979 692 979 718 979 718 980 692 980 691 980 718 981 691 981 717 981 717 982 691 982 690 982 717 983 690 983 689 983 693 984 718 984 694 984 694 985 718 985 719 985 694 986 719 986 695 986 700 987 699 987 701 987 701 988 699 988 698 988 701 989 698 989 720 989 720 990 698 990 697 990 720 991 697 991 719 991 719 992 697 992 696 992 719 993 696 993 695 993 721 1 575 1 574 1 722 994 723 994 724 994 725 1 726 1 727 1 727 995 726 995 728 995 727 1 728 1 729 1 727 996 730 996 731 996 721 1 574 1 732 1 729 997 733 997 727 997 727 1 733 1 734 1 727 1 734 1 730 1 731 1 735 1 727 1 727 998 735 998 736 998 727 999 736 999 737 999 703 1 702 1 727 1 573 1 738 1 572 1 572 1000 738 1000 739 1000 572 1 739 1 727 1 727 1001 739 1001 740 1001 727 1002 740 1002 725 1002 724 1 741 1 722 1 722 1 741 1 742 1 722 1003 742 1003 743 1003 727 1 744 1 703 1 703 1004 744 1004 745 1004 703 1005 745 1005 704 1005 704 1006 745 1006 746 1006 704 1 746 1 705 1 705 1007 746 1007 747 1007 705 1 747 1 706 1 743 1 748 1 722 1 722 1008 748 1008 749 1008 722 1009 749 1009 750 1009 750 1010 751 1010 722 1010 722 1011 751 1011 752 1011 722 1012 752 1012 753 1012 719 1 572 1 720 1 720 1 572 1 727 1 720 1013 727 1013 701 1013 701 1014 727 1014 702 1014 714 1 713 1 574 1 714 1 574 1 715 1 719 1015 718 1015 572 1015 572 1 718 1 717 1 572 1016 717 1016 574 1016 574 1 717 1 716 1 574 1017 716 1017 715 1017 753 1 732 1 722 1 722 1018 732 1018 574 1018 722 1 574 1 712 1 712 1 574 1 713 1 712 1019 711 1019 722 1019 722 1020 711 1020 710 1020 722 1021 710 1021 754 1021 754 1 710 1 709 1 754 1 709 1 755 1 755 1 709 1 708 1 747 1022 756 1022 706 1022 706 1 756 1 757 1 706 1 757 1 707 1 707 1023 757 1023 758 1023 707 1024 758 1024 708 1024 708 1025 758 1025 759 1025 708 1 759 1 755 1 629 1026 722 1026 754 1026 629 1026 754 1026 630 1026 630 1027 754 1027 755 1027 630 1028 755 1028 596 1028 596 1029 755 1029 759 1029 596 1030 759 1030 598 1030 598 1031 759 1031 758 1031 598 1032 758 1032 600 1032 600 1033 758 1033 757 1033 600 1034 757 1034 602 1034 602 1035 757 1035 756 1035 602 1036 756 1036 604 1036 604 1037 756 1037 747 1037 604 1038 747 1038 606 1038 606 1039 747 1039 746 1039 606 1040 746 1040 608 1040 608 1041 746 1041 745 1041 608 1042 745 1042 609 1042 609 1043 745 1043 744 1043 609 1044 744 1044 577 1044 577 1045 744 1045 727 1045 577 1046 727 1046 579 1046 760 1047 761 1047 723 1047 629 1048 762 1048 763 1048 723 1049 722 1049 760 1049 760 1050 722 1050 629 1050 760 1051 629 1051 764 1051 764 1052 629 1052 763 1052 765 1053 766 1053 767 1053 767 1054 766 1054 768 1054 767 1055 768 1055 769 1055 770 1056 771 1056 772 1056 772 1057 771 1057 773 1057 772 1058 773 1058 774 1058 774 1059 773 1059 775 1059 774 1060 775 1060 776 1060 776 1061 775 1061 777 1061 776 1062 777 1062 769 1062 769 1063 777 1063 778 1063 769 1064 778 1064 767 1064 772 1065 779 1065 770 1065 770 1066 779 1066 780 1066 770 1067 780 1067 781 1067 781 1068 780 1068 782 1068 781 1069 782 1069 783 1069 784 1070 785 1070 786 1070 784 1071 786 1071 787 1071 787 1072 786 1072 788 1072 787 1073 788 1073 789 1073 789 1074 788 1074 790 1074 789 1075 790 1075 791 1075 792 1076 793 1076 794 1076 794 1077 793 1077 795 1077 794 1078 795 1078 796 1078 796 1079 795 1079 797 1079 796 1080 797 1080 798 1080 798 1081 797 1081 799 1081 798 1082 799 1082 800 1082 800 1083 799 1083 801 1083 800 1084 801 1084 802 1084 802 1085 801 1085 791 1085 802 1086 791 1086 803 1086 803 1087 791 1087 790 1087 761 1 760 1 804 1 804 1 760 1 805 1 804 1 805 1 806 1 783 1 782 1 807 1 807 1 782 1 808 1 807 1088 808 1088 809 1088 809 1 808 1 806 1 809 1 806 1 810 1 810 1089 806 1089 805 1089 811 1 812 1 813 1 813 1090 812 1090 814 1090 813 1 814 1 815 1 815 1 814 1 816 1 816 1091 814 1091 817 1091 816 1 817 1 818 1 818 1 817 1 793 1 818 1 793 1 792 1 819 1092 820 1092 579 1092 737 1093 812 1093 727 1093 727 1094 812 1094 811 1094 727 1095 811 1095 579 1095 579 1096 811 1096 821 1096 579 1097 821 1097 819 1097 762 1098 629 1098 627 1098 822 1099 823 1099 824 1099 822 1100 824 1100 825 1100 825 1101 824 1101 826 1101 825 1102 826 1102 827 1102 827 1103 826 1103 828 1103 827 1104 828 1104 829 1104 829 1105 828 1105 830 1105 830 1106 828 1106 831 1106 830 1107 831 1107 832 1107 832 1108 831 1108 833 1108 833 1109 831 1109 834 1109 833 1110 834 1110 835 1110 835 1111 834 1111 820 1111 820 1112 834 1112 836 1112 820 1113 836 1113 579 1113 837 1114 838 1114 839 1114 839 1115 838 1115 840 1115 840 1116 838 1116 841 1116 840 1117 841 1117 842 1117 843 1118 844 1118 841 1118 841 1119 844 1119 845 1119 841 1120 845 1120 842 1120 846 1121 847 1121 848 1121 848 1122 849 1122 846 1122 846 1123 849 1123 850 1123 846 1124 850 1124 843 1124 843 1125 850 1125 851 1125 843 1126 851 1126 844 1126 839 1127 762 1127 837 1127 837 1128 762 1128 627 1128 837 1129 627 1129 852 1129 852 1129 627 1129 625 1129 852 1130 625 1130 853 1130 853 1131 625 1131 623 1131 853 1132 623 1132 854 1132 854 1133 623 1133 621 1133 854 1134 621 1134 855 1134 855 1135 621 1135 619 1135 855 1136 619 1136 856 1136 856 1137 619 1137 617 1137 856 1138 617 1138 857 1138 857 1139 617 1139 615 1139 857 1140 615 1140 858 1140 858 1141 615 1141 613 1141 858 1142 613 1142 859 1142 859 1143 613 1143 611 1143 859 1144 611 1144 860 1144 860 1145 611 1145 610 1145 860 1146 610 1146 861 1146 861 1147 610 1147 593 1147 861 1148 593 1148 862 1148 862 1149 593 1149 591 1149 862 1150 591 1150 863 1150 863 1151 591 1151 589 1151 863 1152 589 1152 864 1152 864 1153 589 1153 587 1153 864 1154 587 1154 865 1154 865 1155 587 1155 585 1155 865 1156 585 1156 866 1156 866 1157 585 1157 583 1157 866 1158 583 1158 836 1158 836 1159 583 1159 581 1159 836 1160 581 1160 579 1160 867 1161 760 1161 868 1161 868 1162 760 1162 764 1162 868 1163 764 1163 840 1163 840 1164 764 1164 763 1164 840 1165 763 1165 839 1165 839 1166 763 1166 762 1166 869 1167 807 1167 851 1167 851 1168 807 1168 809 1168 851 1169 809 1169 870 1169 870 1170 809 1170 810 1170 870 1171 810 1171 867 1171 867 1172 810 1172 805 1172 867 1173 805 1173 760 1173 770 1174 781 1174 869 1174 869 1175 781 1175 783 1175 869 1176 783 1176 807 1176 767 1177 778 1177 871 1177 871 1178 778 1178 777 1178 777 1179 775 1179 871 1179 871 1180 775 1180 773 1180 871 1181 773 1181 869 1181 869 1182 773 1182 771 1182 869 1183 771 1183 770 1183 767 1184 871 1184 765 1184 765 1185 871 1185 848 1185 765 1186 848 1186 872 1186 872 1187 848 1187 873 1187 872 1188 873 1188 874 1188 848 1189 847 1189 875 1189 875 1190 847 1190 876 1190 875 1191 876 1191 874 1191 876 1192 877 1192 874 1192 874 1193 877 1193 878 1193 874 1194 878 1194 872 1194 879 1195 880 1195 881 1195 881 1196 880 1196 766 1196 766 1197 765 1197 881 1197 881 1198 765 1198 872 1198 881 1199 872 1199 882 1199 882 1200 872 1200 878 1200 883 1201 884 1201 885 1201 886 1202 887 1202 885 1202 885 1203 887 1203 888 1203 885 1204 888 1204 883 1204 889 1205 890 1205 891 1205 891 1206 890 1206 892 1206 891 1207 892 1207 893 1207 893 1208 892 1208 894 1208 895 1209 896 1209 897 1209 897 1210 896 1210 898 1210 897 1211 898 1211 899 1211 899 1212 898 1212 900 1212 901 1213 902 1213 903 1213 903 1214 902 1214 880 1214 903 1215 880 1215 879 1215 901 1216 904 1216 902 1216 902 1217 904 1217 905 1217 902 1218 905 1218 906 1218 906 1219 905 1219 907 1219 907 1220 908 1220 906 1220 906 1221 908 1221 909 1221 906 1222 909 1222 886 1222 886 1223 909 1223 910 1223 886 1224 910 1224 887 1224 911 1225 912 1225 913 1225 913 1226 912 1226 890 1226 913 1227 890 1227 889 1227 911 1228 914 1228 912 1228 912 1229 914 1229 915 1229 912 1230 915 1230 916 1230 916 1231 915 1231 917 1231 918 1232 919 1232 920 1232 920 1233 919 1233 916 1233 920 1234 916 1234 921 1234 921 1235 916 1235 917 1235 922 1236 923 1236 924 1236 924 1237 923 1237 896 1237 924 1238 896 1238 895 1238 922 1239 925 1239 923 1239 923 1240 925 1240 926 1240 923 1241 926 1241 927 1241 927 1242 926 1242 928 1242 928 1243 929 1243 927 1243 927 1244 929 1244 930 1244 927 1245 930 1245 931 1245 931 1246 930 1246 932 1246 932 1247 933 1247 931 1247 931 1248 933 1248 934 1248 931 1249 934 1249 935 1249 935 1250 934 1250 936 1250 936 1251 937 1251 935 1251 935 1252 937 1252 938 1252 935 1253 938 1253 939 1253 939 1254 938 1254 940 1254 940 1255 941 1255 939 1255 939 1256 941 1256 942 1256 939 1257 942 1257 943 1257 943 1258 942 1258 944 1258 944 1259 945 1259 943 1259 943 1260 945 1260 946 1260 943 1261 946 1261 947 1261 947 1262 946 1262 948 1262 948 1263 949 1263 947 1263 947 1264 949 1264 950 1264 947 1265 950 1265 951 1265 951 1266 950 1266 952 1266 952 1267 953 1267 951 1267 951 1268 953 1268 954 1268 951 1269 954 1269 955 1269 955 1270 954 1270 956 1270 955 1271 956 1271 957 1271 958 1272 959 1272 960 1272 955 1273 957 1273 960 1273 960 1274 957 1274 961 1274 960 1275 961 1275 958 1275 885 1276 962 1276 886 1276 886 1277 962 1277 963 1277 886 1 963 1 906 1 906 1278 963 1278 964 1278 906 1279 964 1279 902 1279 902 1 964 1 965 1 902 1 965 1 880 1 880 1 965 1 966 1 880 1 966 1 766 1 967 1280 892 1280 890 1280 919 1281 784 1281 916 1281 916 1282 784 1282 968 1282 916 1 968 1 912 1 912 1283 968 1283 969 1283 912 1 969 1 890 1 890 1 969 1 970 1 890 1284 970 1284 967 1284 971 1 898 1 896 1 960 1285 972 1285 955 1285 955 1286 972 1286 973 1286 955 1287 973 1287 951 1287 951 1 973 1 974 1 951 1 974 1 947 1 947 1288 974 1288 975 1288 947 1289 975 1289 943 1289 943 1 975 1 976 1 943 1 976 1 939 1 939 1 976 1 977 1 939 1290 977 1290 935 1290 935 1 977 1 978 1 935 1291 978 1291 931 1291 931 1292 978 1292 979 1292 931 1 979 1 927 1 927 1 979 1 980 1 927 1 980 1 923 1 923 1 980 1 981 1 923 1293 981 1293 896 1293 896 1294 981 1294 982 1294 896 1295 982 1295 971 1295 799 1296 797 1296 968 1296 812 1297 737 1297 736 1297 768 1298 766 1298 966 1298 751 1299 750 1299 898 1299 724 1300 962 1300 741 1300 741 1301 962 1301 885 1301 724 1302 723 1302 962 1302 962 1303 723 1303 761 1303 962 1304 761 1304 963 1304 780 1305 779 1305 965 1305 761 1306 804 1306 963 1306 963 1307 804 1307 806 1307 963 1308 806 1308 964 1308 964 1309 806 1309 808 1309 964 1310 808 1310 965 1310 965 1311 808 1311 782 1311 965 1312 782 1312 780 1312 768 1313 966 1313 769 1313 779 1314 772 1314 965 1314 965 1315 772 1315 774 1315 965 1316 774 1316 966 1316 966 1317 774 1317 776 1317 966 1318 776 1318 769 1318 566 1319 979 1319 570 1319 570 1320 979 1320 978 1320 570 1321 978 1321 977 1321 573 1322 571 1322 738 1322 738 1323 571 1323 568 1323 967 1324 970 1324 814 1324 814 1325 970 1325 969 1325 797 1326 795 1326 968 1326 968 1327 795 1327 793 1327 968 1328 793 1328 969 1328 969 1329 793 1329 817 1329 969 1330 817 1330 814 1330 789 1331 968 1331 787 1331 787 1332 968 1332 784 1332 789 1333 791 1333 968 1333 968 1334 791 1334 801 1334 968 1335 801 1335 799 1335 814 1336 812 1336 967 1336 967 1337 812 1337 736 1337 967 1338 736 1338 892 1338 892 1339 736 1339 735 1339 972 1340 960 1340 728 1340 728 1341 726 1341 972 1341 972 1342 726 1342 725 1342 972 1343 725 1343 973 1343 973 1344 725 1344 740 1344 973 1345 740 1345 974 1345 974 1346 740 1346 739 1346 974 1347 739 1347 975 1347 975 1348 739 1348 738 1348 975 1349 738 1349 976 1349 976 1350 738 1350 568 1350 976 1351 568 1351 977 1351 977 1352 568 1352 569 1352 977 1353 569 1353 570 1353 898 1354 971 1354 751 1354 751 1355 971 1355 982 1355 751 1356 982 1356 752 1356 752 1357 982 1357 981 1357 752 1358 981 1358 753 1358 753 1359 981 1359 980 1359 753 1360 980 1360 732 1360 732 1361 980 1361 979 1361 732 1362 979 1362 721 1362 721 1363 979 1363 566 1363 721 1364 566 1364 575 1364 575 1365 566 1365 567 1365 733 1366 983 1366 984 1366 733 1367 984 1367 734 1367 983 1368 733 1368 985 1368 985 1369 733 1369 729 1369 985 1370 729 1370 986 1370 986 1371 729 1371 987 1371 987 1372 729 1372 728 1372 987 1373 728 1373 988 1373 988 1374 728 1374 960 1374 988 1375 960 1375 959 1375 749 1376 989 1376 750 1376 750 1377 989 1377 990 1377 750 1378 990 1378 898 1378 898 1379 990 1379 991 1379 898 1380 991 1380 900 1380 748 1381 992 1381 749 1381 749 1382 992 1382 993 1382 749 1383 993 1383 989 1383 743 1384 994 1384 748 1384 748 1385 994 1385 995 1385 748 1386 995 1386 992 1386 742 1387 996 1387 743 1387 743 1388 996 1388 997 1388 743 1389 997 1389 994 1389 884 1390 998 1390 885 1390 885 1391 998 1391 999 1391 885 1392 999 1392 741 1392 741 1393 999 1393 1000 1393 741 1394 1000 1394 742 1394 742 1395 1000 1395 1001 1395 742 1396 1001 1396 996 1396 894 1397 892 1397 1002 1397 1002 1398 892 1398 735 1398 1002 1399 735 1399 1003 1399 1003 1400 735 1400 731 1400 730 1401 1004 1401 731 1401 731 1402 1004 1402 1005 1402 731 1403 1005 1403 1003 1403 984 1404 1006 1404 734 1404 734 1405 1006 1405 1007 1405 734 1406 1007 1406 730 1406 730 1407 1007 1407 1008 1407 730 1408 1008 1408 1004 1408 961 1409 1009 1409 1010 1409 1011 1410 899 1410 1012 1410 1012 1411 899 1411 1013 1411 1014 1412 918 1412 920 1412 893 1413 1015 1413 1016 1413 894 1414 1017 1414 893 1414 893 1415 1017 1415 1018 1415 893 1416 1018 1416 1015 1416 1019 1417 1020 1417 1014 1417 903 1418 879 1418 881 1418 888 1419 887 1419 1021 1419 1021 1420 887 1420 1022 1420 1021 1421 1023 1421 888 1421 888 1422 1023 1422 1024 1422 888 1423 1024 1423 883 1423 883 1424 1024 1424 884 1424 884 1425 1024 1425 1025 1425 884 1426 1025 1426 998 1426 998 1427 1025 1427 1026 1427 998 1428 1026 1428 999 1428 999 1429 1026 1429 1027 1429 999 1430 1027 1430 1000 1430 1000 1431 1027 1431 1028 1431 1000 1432 1028 1432 1001 1432 1001 1433 1028 1433 1029 1433 1001 1434 1029 1434 996 1434 996 1435 1029 1435 1030 1435 996 1436 1030 1436 997 1436 997 1437 1030 1437 1031 1437 997 1438 1031 1438 994 1438 994 1439 1031 1439 1032 1439 994 1440 1032 1440 995 1440 995 1441 1032 1441 1033 1441 995 1442 1033 1442 992 1442 992 1443 1033 1443 1034 1443 992 1444 1034 1444 993 1444 993 1445 1034 1445 1035 1445 993 1446 1035 1446 989 1446 989 1447 1035 1447 1036 1447 989 1448 1036 1448 990 1448 990 1449 1036 1449 1037 1449 990 1450 1037 1450 991 1450 1013 1451 899 1451 1037 1451 1037 1452 899 1452 900 1452 1037 1453 900 1453 991 1453 1009 1454 961 1454 1038 1454 1038 1455 961 1455 957 1455 1038 1456 957 1456 1039 1456 894 1457 1002 1457 1017 1457 1017 1458 1002 1458 1003 1458 1017 1459 1003 1459 1040 1459 1040 1460 1003 1460 1005 1460 1040 1461 1005 1461 1041 1461 1041 1462 1005 1462 1004 1462 1041 1463 1004 1463 1042 1463 1042 1464 1004 1464 1008 1464 1042 1465 1008 1465 1043 1465 1043 1466 1008 1466 1007 1466 1043 1467 1007 1467 1044 1467 1044 1468 1007 1468 1006 1468 1044 1469 1006 1469 1045 1469 1045 1470 1006 1470 984 1470 1045 1471 984 1471 1046 1471 1046 1472 984 1472 983 1472 1046 1473 983 1473 1047 1473 1047 1474 983 1474 985 1474 1047 1475 985 1475 1048 1475 1048 1476 985 1476 986 1476 1048 1477 986 1477 1049 1477 1049 1478 986 1478 987 1478 1049 1479 987 1479 1050 1479 1050 1480 987 1480 988 1480 1050 1481 988 1481 1051 1481 1051 1482 988 1482 959 1482 1051 1483 959 1483 1010 1483 1010 1484 959 1484 958 1484 1010 1485 958 1485 961 1485 1014 1486 920 1486 1019 1486 1019 1487 920 1487 921 1487 1019 1488 921 1488 1052 1488 921 1489 917 1489 1052 1489 1052 1490 917 1490 915 1490 1052 1491 915 1491 1053 1491 1053 1492 915 1492 914 1492 1053 1493 914 1493 1054 1493 914 1494 911 1494 1054 1494 1054 1495 911 1495 913 1495 1054 1496 913 1496 1055 1496 1055 1497 913 1497 889 1497 1055 1498 889 1498 1016 1498 1016 1499 889 1499 891 1499 1016 1500 891 1500 893 1500 957 1501 956 1501 1039 1501 1039 1502 956 1502 954 1502 1039 1503 954 1503 1056 1503 1056 1504 954 1504 953 1504 1056 1505 953 1505 1057 1505 953 1506 952 1506 1057 1506 1057 1507 952 1507 950 1507 1057 1508 950 1508 1058 1508 1058 1509 950 1509 949 1509 1058 1510 949 1510 1059 1510 949 1511 948 1511 1059 1511 1059 1512 948 1512 946 1512 1059 1513 946 1513 1060 1513 1060 1514 946 1514 945 1514 1060 1515 945 1515 1061 1515 945 1516 944 1516 1061 1516 1061 1517 944 1517 942 1517 1061 1518 942 1518 1062 1518 1062 1519 942 1519 941 1519 1062 1520 941 1520 1063 1520 941 1521 940 1521 1063 1521 1063 1522 940 1522 938 1522 1063 1523 938 1523 1064 1523 1064 1524 938 1524 937 1524 1064 1525 937 1525 1065 1525 937 1526 936 1526 1065 1526 1065 1527 936 1527 934 1527 1065 1528 934 1528 1066 1528 1066 1529 934 1529 933 1529 1066 1530 933 1530 1067 1530 933 1531 932 1531 1067 1531 1067 1532 932 1532 930 1532 1067 1533 930 1533 1068 1533 1068 1534 930 1534 929 1534 1068 1535 929 1535 1069 1535 929 1536 928 1536 1069 1536 1069 1537 928 1537 926 1537 1069 1538 926 1538 1070 1538 1070 1539 926 1539 925 1539 1070 1540 925 1540 1071 1540 925 1541 922 1541 1071 1541 1071 1542 922 1542 924 1542 1071 1543 924 1543 1072 1543 1072 1544 924 1544 895 1544 1072 1545 895 1545 1011 1545 1011 1546 895 1546 897 1546 1011 1547 897 1547 899 1547 887 1548 910 1548 1022 1548 1022 1549 910 1549 909 1549 1022 1550 909 1550 1073 1550 1073 1551 909 1551 908 1551 1073 1552 908 1552 1074 1552 908 1553 907 1553 1074 1553 1074 1554 907 1554 905 1554 1074 1555 905 1555 1075 1555 1075 1556 905 1556 904 1556 1075 1557 904 1557 1076 1557 904 1558 901 1558 1076 1558 1076 1559 901 1559 903 1559 1076 1560 903 1560 1077 1560 1077 1561 903 1561 881 1561 1077 1562 881 1562 882 1562 1078 1563 1079 1563 1080 1563 1080 1564 1079 1564 1081 1564 1080 1565 1081 1565 1082 1565 1082 1566 785 1566 784 1566 919 1567 918 1567 784 1567 784 1568 918 1568 1014 1568 784 1569 1014 1569 1082 1569 1082 1570 1014 1570 1020 1570 1082 1571 1020 1571 1080 1571 800 1572 802 1572 1083 1572 802 1573 803 1573 1083 1573 1083 1574 803 1574 790 1574 1083 1575 790 1575 788 1575 788 1576 786 1576 1083 1576 1083 1577 786 1577 785 1577 1083 1578 785 1578 823 1578 823 1579 785 1579 1082 1579 823 1580 1082 1580 1084 1580 1084 1581 1082 1581 1081 1581 1085 1582 818 1582 792 1582 792 1583 794 1583 1085 1583 1085 1584 794 1584 796 1584 1085 1585 796 1585 1083 1585 1083 1586 796 1586 798 1586 1083 1587 798 1587 800 1587 818 1588 1085 1588 816 1588 816 1589 1085 1589 1086 1589 816 1590 1086 1590 815 1590 815 1591 1086 1591 1087 1591 815 1592 1087 1592 813 1592 1087 1593 1088 1593 813 1593 813 1594 1088 1594 1089 1594 813 1595 1089 1595 811 1595 811 1596 1089 1596 821 1596 821 1597 1089 1597 1090 1597 821 1598 1090 1598 819 1598 819 1599 1090 1599 835 1599 819 1600 835 1600 820 1600 824 1601 823 1601 1079 1601 1079 1602 823 1602 1084 1602 1079 1603 1084 1603 1081 1603 548 1604 855 1604 856 1604 826 214 824 214 1079 214 1091 214 836 214 1092 214 1092 1605 836 1605 834 1605 1092 214 834 214 1093 214 1093 1606 834 1606 831 1606 1093 1607 831 1607 828 1607 837 214 554 214 838 214 838 1608 554 1608 556 1608 838 214 556 214 841 214 841 1609 556 1609 558 1609 841 214 558 214 843 214 1094 214 1093 214 1095 214 1095 1610 1093 1610 828 1610 1095 214 828 214 1096 214 1096 1611 828 1611 826 1611 1096 1612 826 1612 1097 1612 1097 1613 826 1613 1079 1613 1097 1614 1079 1614 1078 1614 1091 214 1098 214 836 214 836 1615 1098 1615 1099 1615 836 1616 1099 1616 866 1616 866 1617 1099 1617 1100 1617 866 214 1100 214 865 214 856 214 857 214 548 214 548 214 857 214 858 214 548 1618 858 1618 546 1618 546 1619 858 1619 859 1619 546 1620 859 1620 544 1620 544 1621 859 1621 860 1621 544 1622 860 1622 861 1622 847 214 846 214 876 214 876 1623 846 1623 1101 1623 876 214 1101 214 877 214 542 214 544 214 1102 214 1102 1624 544 1624 861 1624 1102 214 861 214 1103 214 1103 1625 861 1625 862 1625 1100 214 1104 214 865 214 865 214 1104 214 1105 214 865 214 1105 214 864 214 864 214 1105 214 1106 214 864 214 1106 214 863 214 863 1626 1106 1626 1107 1626 863 214 1107 214 862 214 862 214 1107 214 1108 214 862 1627 1108 1627 1103 1627 552 214 554 214 1109 214 1109 1628 554 1628 837 1628 1109 214 837 214 1110 214 1110 214 837 214 852 214 1110 214 852 214 1111 214 1111 1629 852 1629 853 1629 1111 214 853 214 1112 214 1112 1630 853 1630 854 1630 548 214 550 214 855 214 855 1631 550 1631 1113 1631 855 1632 1113 1632 1114 1632 558 214 560 214 843 214 843 1633 560 1633 1115 1633 843 214 1115 214 846 214 846 1634 1115 1634 1116 1634 846 1635 1116 1635 1101 1635 1114 1636 1117 1636 855 1636 855 1637 1117 1637 1118 1637 855 1638 1118 1638 854 1638 854 1639 1118 1639 1119 1639 854 1640 1119 1640 1112 1640 1094 1641 1120 1641 1093 1641 1093 1642 1120 1642 1121 1642 1093 1643 1121 1643 1092 1643 1092 1644 1121 1644 1122 1644 1092 1645 1122 1645 1091 1645 1091 1646 1122 1646 1123 1646 1091 1647 1123 1647 1098 1647 1098 1648 1123 1648 1124 1648 560 1649 561 1649 1125 1649 560 1650 1125 1650 1115 1650 1115 1651 1125 1651 1126 1651 1115 1652 1126 1652 1116 1652 1116 1653 1126 1653 1127 1653 1116 1654 1127 1654 1101 1654 1101 1655 1127 1655 878 1655 1101 1656 878 1656 877 1656 550 1657 551 1657 1128 1657 550 1658 1128 1658 1113 1658 1113 1659 1128 1659 1129 1659 1113 1660 1129 1660 1114 1660 1114 1661 1129 1661 1130 1661 1114 1662 1130 1662 1117 1662 1117 1663 1130 1663 1131 1663 1117 1664 1131 1664 1118 1664 1118 1665 1131 1665 1132 1665 1118 1666 1132 1666 1119 1666 1119 1667 1132 1667 1133 1667 1119 1668 1133 1668 1112 1668 1112 1669 1133 1669 1134 1669 1112 1670 1134 1670 1111 1670 1111 1671 1134 1671 1135 1671 1111 1672 1135 1672 1110 1672 1110 1673 1135 1673 1136 1673 1110 1674 1136 1674 1109 1674 1109 1675 1136 1675 553 1675 1109 1676 553 1676 552 1676 1078 1677 1080 1677 1137 1677 1078 1678 1137 1678 1097 1678 1097 1679 1137 1679 1138 1679 1097 1680 1138 1680 1096 1680 1096 1681 1138 1681 1139 1681 1096 1682 1139 1682 1095 1682 1095 1683 1139 1683 1120 1683 1095 1684 1120 1684 1094 1684 1098 1685 1124 1685 1140 1685 1098 1686 1140 1686 1099 1686 1099 1687 1140 1687 1141 1687 1099 1688 1141 1688 1100 1688 1100 1689 1141 1689 1142 1689 1100 1690 1142 1690 1104 1690 1104 1691 1142 1691 1143 1691 1104 1692 1143 1692 1105 1692 1105 1693 1143 1693 1144 1693 1105 1694 1144 1694 1106 1694 1106 1695 1144 1695 1145 1695 1106 1696 1145 1696 1107 1696 1107 1697 1145 1697 1146 1697 1107 1698 1146 1698 1108 1698 1108 1699 1146 1699 1147 1699 1108 1700 1147 1700 1103 1700 1103 1701 1147 1701 1148 1701 1103 1702 1148 1702 1102 1702 1102 1703 1148 1703 543 1703 1102 1704 543 1704 542 1704 1137 214 1080 214 1020 214 547 1705 545 1705 543 1705 559 1706 557 1706 555 1706 551 214 549 214 1064 214 1064 214 549 214 1063 214 1028 1707 1027 1707 1136 1707 1136 1708 1027 1708 553 1708 1073 214 1126 214 1125 214 1024 1709 1023 1709 561 1709 561 1710 1023 1710 1021 1710 561 214 1021 214 1125 214 1125 1711 1021 1711 1022 1711 1125 1712 1022 1712 1073 1712 561 214 559 214 1024 214 1024 214 559 214 555 214 1024 1713 555 1713 1025 1713 1025 214 555 214 553 214 1025 1714 553 1714 1026 1714 1026 1715 553 1715 1027 1715 1133 1716 1035 1716 1034 1716 1017 214 1124 214 1018 214 1018 1717 1124 1717 1123 1717 882 214 878 214 1077 214 1077 214 878 214 1127 214 1073 214 1074 214 1126 214 1126 214 1074 214 1075 214 1126 1718 1075 1718 1127 1718 1127 214 1075 214 1076 214 1127 214 1076 214 1077 214 1133 214 1034 214 1134 214 1035 214 1133 214 1036 214 1036 1719 1133 1719 1132 1719 1036 214 1132 214 1037 214 1037 214 1132 214 1013 214 1013 1720 1132 1720 1131 1720 1013 214 1131 214 1012 214 1046 214 1142 214 1141 214 1042 1721 1140 1721 1041 1721 1041 1722 1140 1722 1124 1722 1041 214 1124 214 1040 214 1040 1723 1124 1723 1017 1723 1123 214 1122 214 1018 214 1018 1724 1122 1724 1121 1724 1018 214 1121 214 1120 214 1034 214 1033 214 1134 214 1134 1725 1033 1725 1032 1725 1134 1726 1032 1726 1135 1726 1012 214 1131 214 1011 214 1011 1727 1131 1727 1130 1727 1011 214 1130 214 1072 214 549 1728 547 1728 1063 1728 1063 1729 547 1729 543 1729 1063 214 543 214 1062 214 1042 1730 1043 1730 1140 1730 1140 214 1043 214 1044 214 1140 214 1044 214 1141 214 1141 1731 1044 1731 1045 1731 1141 214 1045 214 1046 214 1139 214 1016 214 1120 214 1120 1732 1016 1732 1015 1732 1120 1733 1015 1733 1018 1733 1138 214 1054 214 1139 214 1139 1734 1054 1734 1055 1734 1139 1735 1055 1735 1016 1735 1032 1736 1031 1736 1135 1736 1135 1737 1031 1737 1030 1737 1135 214 1030 214 1136 214 1136 1738 1030 1738 1029 1738 1136 1739 1029 1739 1028 1739 1129 1740 1070 1740 1130 1740 1130 1741 1070 1741 1071 1741 1130 214 1071 214 1072 214 1057 214 1147 214 1146 214 1009 214 1145 214 1010 214 1010 214 1145 214 1144 214 1046 214 1047 214 1142 214 1142 1742 1047 1742 1048 1742 1142 1743 1048 1743 1143 1743 1020 214 1019 214 1137 214 1137 1744 1019 1744 1052 1744 1137 214 1052 214 1138 214 1138 1745 1052 1745 1053 1745 1138 1746 1053 1746 1054 1746 1128 214 1068 214 1129 214 1129 214 1068 214 1069 214 1129 1747 1069 1747 1070 1747 1057 214 1058 214 1147 214 1147 214 1058 214 1059 214 1147 1748 1059 1748 1148 1748 1148 1749 1059 1749 1060 1749 1148 1750 1060 1750 543 1750 543 214 1060 214 1061 214 543 214 1061 214 1062 214 1009 1751 1038 1751 1145 1751 1145 214 1038 214 1039 214 1145 1752 1039 1752 1146 1752 1146 1753 1039 1753 1056 1753 1146 214 1056 214 1057 214 1048 1754 1049 1754 1143 1754 1143 1755 1049 1755 1050 1755 1143 214 1050 214 1144 214 1144 1756 1050 1756 1051 1756 1144 214 1051 214 1010 214 1064 214 1065 214 551 214 551 1757 1065 1757 1066 1757 551 214 1066 214 1128 214 1128 214 1066 214 1067 214 1128 1758 1067 1758 1068 1758 1149 1759 1150 1759 1151 1759 1152 1760 1153 1760 1151 1760 1151 1761 1153 1761 1154 1761 1151 1762 1154 1762 1149 1762 1155 1763 1156 1763 1157 1763 1155 1764 1157 1764 1158 1764 1158 1765 1157 1765 1159 1765 1158 1766 1159 1766 1160 1766 1160 1767 1159 1767 1161 1767 1160 1768 1161 1768 1162 1768 1163 1769 1164 1769 1165 1769 1163 1770 1165 1770 1166 1770 1166 1771 1165 1771 1167 1771 1166 1772 1167 1772 1168 1772 1168 1773 1167 1773 1169 1773 1168 1774 1169 1774 1170 1774 1171 1775 1172 1775 1173 1775 1174 1776 1175 1776 1171 1776 1173 1777 1176 1777 1177 1777 1171 1778 1173 1778 1174 1778 1174 1779 1173 1779 1177 1779 1174 1780 1177 1780 1178 1780 1179 1781 1180 1781 1181 1781 1182 1782 1183 1782 1184 1782 1185 1783 1182 1783 1181 1783 1181 1784 1182 1784 1184 1784 1181 1785 1184 1785 1179 1785 1179 1786 1184 1786 1186 1786 1187 1787 1188 1787 1189 1787 1190 1788 1191 1788 1192 1788 1193 1789 1190 1789 1189 1789 1189 1790 1190 1790 1192 1790 1189 1791 1192 1791 1187 1791 1187 1792 1192 1792 1194 1792 1195 1793 1196 1793 1197 1793 1198 1794 1199 1794 1195 1794 1197 1795 1200 1795 1201 1795 1195 1796 1197 1796 1198 1796 1198 1797 1197 1797 1201 1797 1198 1798 1201 1798 1202 1798 1178 1799 1203 1799 1204 1799 1204 1800 1203 1800 1152 1800 1205 214 1206 214 1207 214 1207 1801 1206 1801 1208 1801 1207 1802 1208 1802 1209 1802 1210 214 1211 214 1207 214 1207 1803 1211 1803 1212 1803 1207 1804 1212 1804 1205 1804 1213 214 1214 214 1207 214 1207 214 1214 214 1215 214 1207 214 1215 214 1210 214 1216 214 1217 214 1207 214 1207 1805 1217 1805 1218 1805 1207 214 1218 214 1213 214 1219 1806 1220 1806 1207 1806 1207 1807 1220 1807 1221 1807 1207 1808 1221 1808 1216 1808 1222 214 1223 214 1207 214 1207 1809 1223 1809 1224 1809 1207 1810 1224 1810 1219 1810 1209 1811 1225 1811 1207 1811 1207 214 1225 214 1226 214 1207 214 1226 214 1222 214 1227 1812 1228 1812 1229 1812 1230 1813 1193 1813 1189 1813 1231 1 1232 1 1233 1 1233 1 1232 1 1234 1 1233 1814 1234 1814 1235 1814 1229 1815 1176 1815 1227 1815 1227 1 1176 1 1173 1 1227 1 1173 1 1236 1 1236 1816 1173 1816 1172 1816 1236 1 1172 1 1237 1 1237 1 1172 1 1238 1 1237 1 1238 1 1239 1 1239 1817 1238 1817 1230 1817 1239 1 1230 1 1240 1 1240 1 1230 1 1241 1 1231 1 1233 1 1242 1 1242 1 1233 1 1200 1 1242 1818 1200 1818 1243 1818 1200 1 1197 1 1243 1 1243 1 1197 1 1196 1 1243 1819 1196 1819 1244 1819 1245 1 1246 1 1244 1 1244 1 1246 1 1247 1 1244 1820 1247 1820 1243 1820 1234 1821 1248 1821 1235 1821 1235 1822 1248 1822 1249 1822 1235 1 1249 1 1188 1 1188 1823 1249 1823 1250 1823 1188 1824 1250 1824 1189 1824 1189 1825 1250 1825 1251 1825 1189 1826 1251 1826 1230 1826 1230 1827 1251 1827 1252 1827 1230 1828 1252 1828 1241 1828 1245 1829 1244 1829 1253 1829 1253 1830 1244 1830 1254 1830 1253 1 1254 1 1255 1 1255 1 1254 1 1256 1 1256 1831 1254 1831 1185 1831 1256 1 1185 1 1257 1 1228 1 1258 1 1229 1 1229 1 1258 1 1259 1 1229 1832 1259 1832 1260 1832 1260 1833 1259 1833 1261 1833 1185 1 1181 1 1257 1 1257 1834 1181 1834 1180 1834 1257 1 1180 1 1262 1 1262 1835 1180 1835 1260 1835 1262 1 1260 1 1263 1 1263 1836 1260 1836 1261 1836 1264 1837 1265 1837 1235 1837 1235 1838 1265 1838 1266 1838 1235 1839 1266 1839 1233 1839 1267 1840 1268 1840 1269 1840 1269 1841 1268 1841 1233 1841 1269 1842 1233 1842 1270 1842 1270 1843 1233 1843 1266 1843 1194 1844 1264 1844 1187 1844 1187 1845 1264 1845 1235 1845 1187 1846 1235 1846 1188 1846 1268 1847 1202 1847 1233 1847 1233 1848 1202 1848 1201 1848 1233 1849 1201 1849 1200 1849 1260 1850 1271 1850 1150 1850 1152 1851 1203 1851 1153 1851 1153 1852 1203 1852 1229 1852 1153 1853 1229 1853 1154 1853 1154 1854 1229 1854 1260 1854 1154 1855 1260 1855 1149 1855 1149 1856 1260 1856 1150 1856 1186 1857 1271 1857 1179 1857 1179 1858 1271 1858 1260 1858 1179 1859 1260 1859 1180 1859 1203 1860 1178 1860 1229 1860 1229 1861 1178 1861 1177 1861 1229 1862 1177 1862 1176 1862 1238 1863 1272 1863 1164 1863 1170 1864 1273 1864 1168 1864 1168 1865 1273 1865 1230 1865 1168 1866 1230 1866 1166 1866 1166 1867 1230 1867 1238 1867 1166 1868 1238 1868 1163 1868 1163 1869 1238 1869 1164 1869 1274 1870 1156 1870 1244 1870 1244 1871 1156 1871 1155 1871 1244 1872 1155 1872 1254 1872 1162 1873 1275 1873 1160 1873 1160 1874 1275 1874 1254 1874 1160 1875 1254 1875 1158 1875 1158 1876 1254 1876 1155 1876 1164 1877 1272 1877 1276 1877 1276 1878 1272 1878 1175 1878 1191 1 1273 1 1277 1 1277 1 1273 1 1170 1 1265 1 1264 1 1278 1 1278 1 1264 1 1194 1 1202 1879 1268 1879 1279 1879 1279 1880 1268 1880 1267 1880 1156 1881 1274 1881 1280 1881 1280 1882 1274 1882 1199 1882 1183 1 1275 1 1281 1 1281 1 1275 1 1162 1 1150 1 1271 1 1282 1 1282 1 1271 1 1186 1 1175 1883 1272 1883 1171 1883 1171 1884 1272 1884 1238 1884 1171 1885 1238 1885 1172 1885 1275 1886 1183 1886 1254 1886 1254 1887 1183 1887 1182 1887 1254 1888 1182 1888 1185 1888 1273 1889 1191 1889 1230 1889 1230 1890 1191 1890 1190 1890 1230 1891 1190 1891 1193 1891 1199 1892 1274 1892 1195 1892 1195 1893 1274 1893 1244 1893 1195 1894 1244 1894 1196 1894 1283 1895 1232 1895 1284 1895 1284 1896 1232 1896 1231 1896 1284 1897 1231 1897 1285 1897 1285 1898 1231 1898 1242 1898 1285 1899 1242 1899 1286 1899 1286 1900 1242 1900 1243 1900 1286 1901 1243 1901 1287 1901 1287 1902 1243 1902 1247 1902 1287 1903 1247 1903 1288 1903 1288 1904 1247 1904 1246 1904 1288 1905 1246 1905 1289 1905 1289 1906 1246 1906 1245 1906 1289 1907 1245 1907 1290 1907 1290 1908 1245 1908 1253 1908 1290 1909 1253 1909 1291 1909 1291 1910 1253 1910 1255 1910 1291 1911 1255 1911 1292 1911 1292 1912 1255 1912 1256 1912 1292 1913 1256 1913 1293 1913 1293 1914 1256 1914 1257 1914 1293 1915 1257 1915 1294 1915 1294 1916 1257 1916 1262 1916 1294 1917 1262 1917 1295 1917 1295 1918 1262 1918 1263 1918 1295 1919 1263 1919 1296 1919 1296 1920 1263 1920 1261 1920 1296 1921 1261 1921 1297 1921 1297 1922 1261 1922 1259 1922 1297 1923 1259 1923 1298 1923 1298 1924 1259 1924 1258 1924 1298 1924 1258 1924 1299 1924 1299 1925 1258 1925 1228 1925 1299 1926 1228 1926 1300 1926 1300 1927 1228 1927 1227 1927 1300 1928 1227 1928 1301 1928 1301 1929 1227 1929 1236 1929 1301 1930 1236 1930 1302 1930 1302 1931 1236 1931 1237 1931 1302 1932 1237 1932 1303 1932 1303 1933 1237 1933 1239 1933 1303 1934 1239 1934 1304 1934 1304 1935 1239 1935 1240 1935 1304 1936 1240 1936 1305 1936 1305 1937 1240 1937 1241 1937 1305 1938 1241 1938 1306 1938 1306 1939 1241 1939 1252 1939 1306 1940 1252 1940 1307 1940 1307 1941 1252 1941 1251 1941 1307 1942 1251 1942 1308 1942 1308 1943 1251 1943 1250 1943 1308 1944 1250 1944 1309 1944 1309 1945 1250 1945 1249 1945 1309 1946 1249 1946 1310 1946 1310 1947 1249 1947 1248 1947 1310 1948 1248 1948 1311 1948 1311 1949 1248 1949 1234 1949 1311 1950 1234 1950 1283 1950 1283 1951 1234 1951 1232 1951 1312 1952 1313 1952 1309 1952 1314 1953 1315 1953 1295 1953 1285 1954 1286 1954 1316 1954 1317 1955 1284 1955 1318 1955 1318 1956 1284 1956 1285 1956 1318 1957 1285 1957 1319 1957 1319 1958 1285 1958 1316 1958 1287 1959 1288 1959 1320 1959 1320 1960 1321 1960 1287 1960 1287 1961 1321 1961 1322 1961 1287 1962 1322 1962 1286 1962 1286 1963 1322 1963 1323 1963 1286 1964 1323 1964 1316 1964 1289 1965 1290 1965 1324 1965 1324 1966 1325 1966 1289 1966 1289 1967 1325 1967 1326 1967 1289 1968 1326 1968 1288 1968 1288 1969 1326 1969 1327 1969 1288 1970 1327 1970 1320 1970 1328 1971 1329 1971 1292 1971 1292 1972 1329 1972 1330 1972 1292 1973 1330 1973 1291 1973 1291 1974 1330 1974 1331 1974 1291 1975 1331 1975 1290 1975 1290 1976 1331 1976 1332 1976 1290 1977 1332 1977 1324 1977 1328 1978 1292 1978 1333 1978 1333 1979 1292 1979 1293 1979 1333 1980 1293 1980 1334 1980 1334 1981 1293 1981 1294 1981 1334 1982 1294 1982 1335 1982 1295 1983 1315 1983 1294 1983 1294 1984 1315 1984 1336 1984 1294 1985 1336 1985 1335 1985 1314 1986 1295 1986 1337 1986 1337 1987 1295 1987 1296 1987 1337 1988 1296 1988 1338 1988 1338 1989 1296 1989 1297 1989 1338 1990 1297 1990 1339 1990 1339 1991 1297 1991 1340 1991 1340 1992 1297 1992 1298 1992 1340 1993 1298 1993 1341 1993 1299 1994 1300 1994 1342 1994 1342 1995 1343 1995 1299 1995 1299 1996 1343 1996 1344 1996 1299 1997 1344 1997 1298 1997 1298 1998 1344 1998 1345 1998 1298 1999 1345 1999 1341 1999 1301 2000 1302 2000 1346 2000 1346 2001 1347 2001 1301 2001 1301 2002 1347 2002 1348 2002 1301 2003 1348 2003 1300 2003 1300 2004 1348 2004 1349 2004 1300 2005 1349 2005 1342 2005 1304 2006 1350 2006 1303 2006 1303 2007 1350 2007 1351 2007 1303 2008 1351 2008 1302 2008 1302 2009 1351 2009 1352 2009 1302 2010 1352 2010 1346 2010 1353 2011 1354 2011 1305 2011 1305 2012 1354 2012 1355 2012 1305 2013 1355 2013 1304 2013 1304 2014 1355 2014 1356 2014 1304 2015 1356 2015 1350 2015 1353 2016 1305 2016 1357 2016 1357 2017 1305 2017 1306 2017 1357 2018 1306 2018 1358 2018 1358 2019 1306 2019 1307 2019 1358 2020 1307 2020 1359 2020 1309 2021 1313 2021 1308 2021 1313 2022 1360 2022 1308 2022 1308 2023 1360 2023 1361 2023 1308 2024 1361 2024 1307 2024 1307 2025 1361 2025 1362 2025 1307 2026 1362 2026 1359 2026 1312 2027 1309 2027 1363 2027 1363 2028 1309 2028 1310 2028 1363 2029 1310 2029 1364 2029 1364 2030 1310 2030 1311 2030 1364 2031 1311 2031 1365 2031 1317 2032 1366 2032 1284 2032 1284 2033 1366 2033 1367 2033 1284 2034 1367 2034 1283 2034 1283 2035 1367 2035 1368 2035 1283 2036 1368 2036 1311 2036 1311 2037 1368 2037 1369 2037 1311 2038 1369 2038 1365 2038 1206 2039 1370 2039 1208 2039 1208 2040 1370 2040 1371 2040 1208 2041 1371 2041 1372 2041 1373 2042 1206 2042 1374 2042 1374 2043 1206 2043 1205 2043 1373 2044 1375 2044 1206 2044 1206 2045 1375 2045 1376 2045 1206 2046 1376 2046 1370 2046 1377 2047 1378 2047 1212 2047 1212 2048 1378 2048 1379 2048 1212 2049 1379 2049 1205 2049 1205 2050 1379 2050 1380 2050 1205 2051 1380 2051 1374 2051 1211 2052 1381 2052 1382 2052 1382 2053 1383 2053 1211 2053 1211 2054 1383 2054 1384 2054 1211 2055 1384 2055 1212 2055 1212 2056 1384 2056 1385 2056 1212 2057 1385 2057 1377 2057 1381 2058 1211 2058 1386 2058 1386 2059 1211 2059 1210 2059 1386 2060 1210 2060 1387 2060 1388 2061 1210 2061 1389 2061 1389 2062 1210 2062 1215 2062 1388 2063 1390 2063 1210 2063 1210 2064 1390 2064 1391 2064 1210 2065 1391 2065 1387 2065 1392 2066 1393 2066 1214 2066 1214 2067 1393 2067 1394 2067 1214 2068 1394 2068 1215 2068 1215 2069 1394 2069 1395 2069 1215 2070 1395 2070 1389 2070 1213 2071 1396 2071 1397 2071 1397 2072 1398 2072 1213 2072 1213 2073 1398 2073 1399 2073 1213 2074 1399 2074 1214 2074 1214 2075 1399 2075 1400 2075 1214 2076 1400 2076 1392 2076 1396 2077 1213 2077 1401 2077 1401 2078 1213 2078 1218 2078 1401 2079 1218 2079 1402 2079 1403 2080 1218 2080 1404 2080 1404 2081 1218 2081 1217 2081 1403 2082 1405 2082 1218 2082 1218 2083 1405 2083 1406 2083 1218 2084 1406 2084 1402 2084 1407 2085 1408 2085 1216 2085 1216 2086 1408 2086 1409 2086 1216 2087 1409 2087 1217 2087 1217 2088 1409 2088 1410 2088 1217 2089 1410 2089 1404 2089 1221 2090 1411 2090 1412 2090 1412 2091 1413 2091 1221 2091 1221 2092 1413 2092 1414 2092 1221 2093 1414 2093 1216 2093 1216 2094 1414 2094 1415 2094 1216 2095 1415 2095 1407 2095 1411 2096 1221 2096 1416 2096 1416 2097 1221 2097 1220 2097 1416 2098 1220 2098 1417 2098 1418 2099 1220 2099 1419 2099 1419 2100 1220 2100 1219 2100 1418 2101 1420 2101 1220 2101 1220 2102 1420 2102 1421 2102 1220 2103 1421 2103 1417 2103 1422 2104 1219 2104 1423 2104 1423 2105 1219 2105 1224 2105 1422 2106 1424 2106 1219 2106 1219 2107 1424 2107 1425 2107 1219 2108 1425 2108 1419 2108 1223 2109 1426 2109 1427 2109 1427 2110 1428 2110 1223 2110 1223 2111 1428 2111 1429 2111 1223 2112 1429 2112 1224 2112 1224 2113 1429 2113 1430 2113 1224 2114 1430 2114 1423 2114 1426 2115 1223 2115 1431 2115 1431 2116 1223 2116 1222 2116 1431 2117 1222 2117 1432 2117 1433 2118 1222 2118 1434 2118 1434 2119 1222 2119 1226 2119 1433 2120 1435 2120 1222 2120 1222 2121 1435 2121 1436 2121 1222 2122 1436 2122 1432 2122 1437 2123 1226 2123 1438 2123 1438 2124 1226 2124 1225 2124 1437 2125 1439 2125 1226 2125 1226 2126 1439 2126 1440 2126 1226 2127 1440 2127 1434 2127 1441 2128 1442 2128 1209 2128 1209 2129 1442 2129 1443 2129 1209 2130 1443 2130 1225 2130 1225 2131 1443 2131 1444 2131 1225 2132 1444 2132 1438 2132 1372 2133 1445 2133 1208 2133 1208 2134 1445 2134 1446 2134 1208 2135 1446 2135 1209 2135 1209 2136 1446 2136 1447 2136 1209 2137 1447 2137 1441 2137 1448 2138 1449 2138 1378 2138 1450 2139 1451 2139 1393 2139 1452 2140 1453 2140 1408 2140 1454 2141 1455 2141 1422 2141 1456 2142 1457 2142 1437 2142 1329 2143 1458 2143 1330 2143 1330 2144 1458 2144 1459 2144 1330 2145 1459 2145 1331 2145 1331 2146 1459 2146 1460 2146 1331 2147 1460 2147 1332 2147 1332 2148 1460 2148 1461 2148 1332 2149 1461 2149 1324 2149 1324 2150 1461 2150 1462 2150 1324 2151 1462 2151 1325 2151 1325 2152 1462 2152 1463 2152 1325 2153 1463 2153 1326 2153 1326 2154 1463 2154 1464 2154 1326 2155 1464 2155 1327 2155 1327 2156 1464 2156 1465 2156 1327 2157 1465 2157 1320 2157 1320 2158 1465 2158 1466 2158 1320 2159 1466 2159 1321 2159 1321 2160 1466 2160 1467 2160 1321 2161 1467 2161 1322 2161 1322 2162 1467 2162 1468 2162 1322 2163 1468 2163 1323 2163 1340 2164 1469 2164 1339 2164 1339 2165 1469 2165 1470 2165 1339 2166 1470 2166 1338 2166 1338 2167 1470 2167 1471 2167 1338 2168 1471 2168 1337 2168 1337 2169 1471 2169 1472 2169 1337 2170 1472 2170 1314 2170 1314 2171 1472 2171 1473 2171 1314 2172 1473 2172 1315 2172 1315 2173 1473 2173 1474 2173 1315 2174 1474 2174 1336 2174 1336 2175 1474 2175 1475 2175 1336 2176 1475 2176 1335 2176 1335 2177 1475 2177 1476 2177 1335 2178 1476 2178 1334 2178 1334 2179 1476 2179 1477 2179 1334 2180 1477 2180 1333 2180 1333 2181 1477 2181 1478 2181 1333 2182 1478 2182 1328 2182 1328 2183 1478 2183 1479 2183 1328 2184 1479 2184 1329 2184 1351 2185 1480 2185 1352 2185 1352 2186 1480 2186 1481 2186 1352 2187 1481 2187 1346 2187 1346 2188 1481 2188 1482 2188 1346 2189 1482 2189 1347 2189 1347 2190 1482 2190 1483 2190 1347 2191 1483 2191 1348 2191 1348 2192 1483 2192 1484 2192 1348 2193 1484 2193 1349 2193 1349 2194 1484 2194 1485 2194 1349 2195 1485 2195 1342 2195 1342 2196 1485 2196 1486 2196 1342 2197 1486 2197 1343 2197 1343 2198 1486 2198 1487 2198 1343 2199 1487 2199 1344 2199 1344 2200 1487 2200 1488 2200 1344 2201 1488 2201 1345 2201 1345 2202 1488 2202 1489 2202 1345 2203 1489 2203 1341 2203 1341 2204 1489 2204 1490 2204 1341 2205 1490 2205 1340 2205 1360 2206 1491 2206 1361 2206 1361 2207 1491 2207 1492 2207 1361 2208 1492 2208 1362 2208 1362 2209 1492 2209 1493 2209 1362 2210 1493 2210 1359 2210 1359 2211 1493 2211 1494 2211 1359 2212 1494 2212 1358 2212 1358 2213 1494 2213 1495 2213 1358 2214 1495 2214 1357 2214 1357 2215 1495 2215 1496 2215 1357 2216 1496 2216 1353 2216 1353 2217 1496 2217 1497 2217 1353 2218 1497 2218 1354 2218 1354 2219 1497 2219 1498 2219 1354 2220 1498 2220 1355 2220 1355 2221 1498 2221 1499 2221 1355 2222 1499 2222 1356 2222 1356 2223 1499 2223 1500 2223 1356 2224 1500 2224 1350 2224 1350 2225 1500 2225 1501 2225 1350 2226 1501 2226 1351 2226 1323 2227 1502 2227 1316 2227 1316 2228 1502 2228 1503 2228 1316 2229 1503 2229 1319 2229 1319 2230 1503 2230 1504 2230 1319 2231 1504 2231 1318 2231 1318 2232 1504 2232 1505 2232 1318 2233 1505 2233 1317 2233 1317 2234 1505 2234 1506 2234 1317 2235 1506 2235 1366 2235 1366 2236 1506 2236 1507 2236 1366 2237 1507 2237 1367 2237 1367 2238 1507 2238 1508 2238 1367 2239 1508 2239 1368 2239 1368 2240 1508 2240 1509 2240 1368 2241 1509 2241 1369 2241 1369 2242 1509 2242 1510 2242 1369 2243 1510 2243 1365 2243 1365 2244 1510 2244 1511 2244 1365 2245 1511 2245 1364 2245 1364 2246 1511 2246 1512 2246 1364 2247 1512 2247 1363 2247 1363 2248 1512 2248 1513 2248 1363 2249 1513 2249 1312 2249 1312 2250 1513 2250 1514 2250 1312 2251 1514 2251 1313 2251 1313 2252 1514 2252 1515 2252 1313 2253 1515 2253 1360 2253 1458 2254 1455 2254 1459 2254 1459 2255 1455 2255 1454 2255 1459 2256 1454 2256 1460 2256 1460 2257 1454 2257 1516 2257 1460 2258 1516 2258 1461 2258 1461 2259 1516 2259 1517 2259 1461 2260 1517 2260 1462 2260 1462 2261 1517 2261 1518 2261 1462 2262 1518 2262 1463 2262 1463 2263 1518 2263 1519 2263 1463 2264 1519 2264 1464 2264 1464 2265 1519 2265 1520 2265 1464 2266 1520 2266 1465 2266 1465 2267 1520 2267 1521 2267 1465 2268 1521 2268 1466 2268 1466 2269 1521 2269 1522 2269 1466 2270 1522 2270 1467 2270 1467 2271 1522 2271 1523 2271 1467 2272 1523 2272 1468 2272 1468 2273 1523 2273 1524 2273 1469 2274 1453 2274 1470 2274 1470 2275 1453 2275 1452 2275 1470 2276 1452 2276 1471 2276 1471 2277 1452 2277 1525 2277 1471 2278 1525 2278 1472 2278 1472 2279 1525 2279 1526 2279 1472 2280 1526 2280 1473 2280 1473 2281 1526 2281 1527 2281 1473 2282 1527 2282 1474 2282 1474 2283 1527 2283 1528 2283 1474 2284 1528 2284 1475 2284 1475 2285 1528 2285 1529 2285 1475 2286 1529 2286 1476 2286 1476 2287 1529 2287 1530 2287 1476 2288 1530 2288 1477 2288 1477 2289 1530 2289 1531 2289 1477 2290 1531 2290 1478 2290 1478 2291 1531 2291 1532 2291 1478 2292 1532 2292 1479 2292 1479 2293 1532 2293 1533 2293 1480 2294 1451 2294 1481 2294 1481 2295 1451 2295 1450 2295 1481 2296 1450 2296 1482 2296 1482 2297 1450 2297 1534 2297 1482 2298 1534 2298 1483 2298 1483 2299 1534 2299 1535 2299 1483 2300 1535 2300 1484 2300 1484 2301 1535 2301 1536 2301 1484 2302 1536 2302 1485 2302 1485 2303 1536 2303 1537 2303 1485 2304 1537 2304 1486 2304 1486 2305 1537 2305 1538 2305 1486 2306 1538 2306 1487 2306 1487 2307 1538 2307 1539 2307 1487 2308 1539 2308 1488 2308 1488 2309 1539 2309 1540 2309 1488 2310 1540 2310 1489 2310 1489 2311 1540 2311 1541 2311 1489 2312 1541 2312 1490 2312 1490 2313 1541 2313 1542 2313 1491 2314 1449 2314 1492 2314 1492 2315 1449 2315 1448 2315 1492 2316 1448 2316 1493 2316 1493 2317 1448 2317 1543 2317 1493 2318 1543 2318 1494 2318 1494 2319 1543 2319 1544 2319 1494 2320 1544 2320 1495 2320 1495 2321 1544 2321 1545 2321 1495 2322 1545 2322 1496 2322 1496 2323 1545 2323 1546 2323 1496 2324 1546 2324 1497 2324 1497 2325 1546 2325 1547 2325 1497 2326 1547 2326 1498 2326 1498 2327 1547 2327 1548 2327 1498 2328 1548 2328 1499 2328 1499 2329 1548 2329 1549 2329 1499 2330 1549 2330 1500 2330 1500 2331 1549 2331 1550 2331 1500 2332 1550 2332 1501 2332 1501 2333 1550 2333 1551 2333 1502 2334 1457 2334 1503 2334 1503 2335 1457 2335 1456 2335 1503 2336 1456 2336 1504 2336 1504 2337 1456 2337 1552 2337 1504 2338 1552 2338 1505 2338 1505 2339 1552 2339 1553 2339 1505 2340 1553 2340 1506 2340 1506 2341 1553 2341 1554 2341 1506 2342 1554 2342 1507 2342 1507 2343 1554 2343 1555 2343 1507 2344 1555 2344 1508 2344 1508 2345 1555 2345 1556 2345 1508 2346 1556 2346 1509 2346 1509 2347 1556 2347 1557 2347 1509 2348 1557 2348 1510 2348 1510 2349 1557 2349 1558 2349 1510 2350 1558 2350 1511 2350 1511 2351 1558 2351 1559 2351 1511 2352 1559 2352 1512 2352 1512 2353 1559 2353 1560 2353 1512 2354 1560 2354 1513 2354 1513 2355 1560 2355 1561 2355 1513 2356 1561 2356 1514 2356 1514 2357 1561 2357 1562 2357 1514 2358 1562 2358 1515 2358 1515 2359 1562 2359 1563 2359 1437 2360 1438 2360 1456 2360 1456 2361 1438 2361 1444 2361 1456 2362 1444 2362 1552 2362 1552 2363 1444 2363 1443 2363 1552 2364 1443 2364 1553 2364 1553 2365 1443 2365 1442 2365 1553 2366 1442 2366 1554 2366 1323 2367 1468 2367 1502 2367 1502 2368 1468 2368 1524 2368 1502 2369 1524 2369 1457 2369 1457 2370 1524 2370 1439 2370 1457 2371 1439 2371 1437 2371 1521 2372 1435 2372 1522 2372 1522 2373 1435 2373 1433 2373 1522 2374 1433 2374 1523 2374 1523 2375 1433 2375 1434 2375 1523 2376 1434 2376 1524 2376 1524 2377 1434 2377 1440 2377 1524 2378 1440 2378 1439 2378 1518 2379 1426 2379 1519 2379 1519 2380 1426 2380 1431 2380 1519 2381 1431 2381 1520 2381 1520 2382 1431 2382 1432 2382 1520 2383 1432 2383 1521 2383 1521 2384 1432 2384 1436 2384 1521 2385 1436 2385 1435 2385 1422 2386 1423 2386 1454 2386 1454 2387 1423 2387 1430 2387 1454 2388 1430 2388 1516 2388 1516 2389 1430 2389 1429 2389 1516 2390 1429 2390 1517 2390 1517 2391 1429 2391 1428 2391 1517 2392 1428 2392 1518 2392 1518 2393 1428 2393 1427 2393 1518 2394 1427 2394 1426 2394 1329 2395 1479 2395 1458 2395 1458 2396 1479 2396 1533 2396 1458 2397 1533 2397 1455 2397 1455 2398 1533 2398 1424 2398 1455 2399 1424 2399 1422 2399 1530 2400 1420 2400 1531 2400 1531 2401 1420 2401 1418 2401 1531 2402 1418 2402 1532 2402 1532 2403 1418 2403 1419 2403 1532 2404 1419 2404 1533 2404 1533 2405 1419 2405 1425 2405 1533 2406 1425 2406 1424 2406 1527 2407 1411 2407 1528 2407 1528 2408 1411 2408 1416 2408 1528 2409 1416 2409 1529 2409 1529 2410 1416 2410 1417 2410 1529 2411 1417 2411 1530 2411 1530 2412 1417 2412 1421 2412 1530 2413 1421 2413 1420 2413 1408 2414 1407 2414 1452 2414 1452 2415 1407 2415 1415 2415 1452 2416 1415 2416 1525 2416 1525 2417 1415 2417 1414 2417 1525 2418 1414 2418 1526 2418 1526 2419 1414 2419 1413 2419 1526 2420 1413 2420 1527 2420 1527 2421 1413 2421 1412 2421 1527 2422 1412 2422 1411 2422 1340 2423 1490 2423 1469 2423 1469 2424 1490 2424 1542 2424 1469 2425 1542 2425 1453 2425 1453 2426 1542 2426 1409 2426 1453 2427 1409 2427 1408 2427 1539 2428 1405 2428 1540 2428 1540 2429 1405 2429 1403 2429 1540 2430 1403 2430 1541 2430 1541 2431 1403 2431 1404 2431 1541 2432 1404 2432 1542 2432 1542 2433 1404 2433 1410 2433 1542 2434 1410 2434 1409 2434 1536 2435 1396 2435 1537 2435 1537 2436 1396 2436 1401 2436 1537 2437 1401 2437 1538 2437 1538 2438 1401 2438 1402 2438 1538 2439 1402 2439 1539 2439 1539 2440 1402 2440 1406 2440 1539 2441 1406 2441 1405 2441 1393 2442 1392 2442 1450 2442 1450 2443 1392 2443 1400 2443 1450 2444 1400 2444 1534 2444 1534 2445 1400 2445 1399 2445 1534 2446 1399 2446 1535 2446 1535 2447 1399 2447 1398 2447 1535 2448 1398 2448 1536 2448 1536 2449 1398 2449 1397 2449 1536 2450 1397 2450 1396 2450 1351 2451 1501 2451 1480 2451 1480 2452 1501 2452 1551 2452 1480 2453 1551 2453 1451 2453 1451 2454 1551 2454 1394 2454 1451 2455 1394 2455 1393 2455 1548 2456 1390 2456 1549 2456 1549 2457 1390 2457 1388 2457 1549 2458 1388 2458 1550 2458 1550 2459 1388 2459 1389 2459 1550 2460 1389 2460 1551 2460 1551 2461 1389 2461 1395 2461 1551 2462 1395 2462 1394 2462 1545 2463 1381 2463 1546 2463 1546 2464 1381 2464 1386 2464 1546 2465 1386 2465 1547 2465 1547 2466 1386 2466 1387 2466 1547 2467 1387 2467 1548 2467 1548 2468 1387 2468 1391 2468 1548 2469 1391 2469 1390 2469 1378 2470 1377 2470 1448 2470 1448 2471 1377 2471 1385 2471 1448 2472 1385 2472 1543 2472 1543 2473 1385 2473 1384 2473 1543 2474 1384 2474 1544 2474 1544 2475 1384 2475 1383 2475 1544 2476 1383 2476 1545 2476 1545 2477 1383 2477 1382 2477 1545 2478 1382 2478 1381 2478 1360 2479 1515 2479 1491 2479 1491 2480 1515 2480 1563 2480 1491 2481 1563 2481 1449 2481 1449 2482 1563 2482 1379 2482 1449 2483 1379 2483 1378 2483 1560 2484 1375 2484 1561 2484 1561 2485 1375 2485 1373 2485 1561 2486 1373 2486 1562 2486 1562 2487 1373 2487 1374 2487 1562 2488 1374 2488 1563 2488 1563 2489 1374 2489 1380 2489 1563 2490 1380 2490 1379 2490 1442 2491 1441 2491 1554 2491 1554 2492 1441 2492 1447 2492 1554 2493 1447 2493 1555 2493 1555 2494 1447 2494 1446 2494 1555 2495 1446 2495 1556 2495 1556 2496 1446 2496 1445 2496 1556 2497 1445 2497 1557 2497 1557 2498 1445 2498 1372 2498 1557 2499 1372 2499 1558 2499 1558 2500 1372 2500 1371 2500 1558 2501 1371 2501 1559 2501 1559 2502 1371 2502 1370 2502 1559 2503 1370 2503 1560 2503 1560 2504 1370 2504 1376 2504 1560 2505 1376 2505 1375 2505 1266 2506 1265 2506 1564 2506 1267 2507 1269 2507 1564 2507 1564 2508 1269 2508 1270 2508 1564 2509 1270 2509 1266 2509 1265 2510 1278 2510 1565 2510 1191 2511 1277 2511 1565 2511 1170 2512 1169 2512 1565 2512 1167 2513 1165 2513 1565 2513 1178 2514 1204 2514 1565 2514 1152 2515 1151 2515 1565 2515 1150 2516 1282 2516 1565 2516 1183 2517 1281 2517 1565 2517 1162 2518 1161 2518 1565 2518 1159 2519 1157 2519 1565 2519 1565 2520 1279 2520 1267 2520 1564 2521 1565 2521 1267 2521 1202 2522 1279 2522 1565 2522 1565 2523 1199 2523 1198 2523 1280 2524 1199 2524 1565 2524 1156 2525 1280 2525 1565 2525 1198 2526 1202 2526 1565 2526 1157 2527 1156 2527 1565 2527 1161 2528 1159 2528 1565 2528 1281 2529 1162 2529 1565 2529 1184 2530 1183 2530 1565 2530 1186 2531 1184 2531 1565 2531 1282 2532 1186 2532 1565 2532 1151 2533 1150 2533 1565 2533 1204 2534 1152 2534 1565 2534 1565 2535 1175 2535 1174 2535 1276 2536 1175 2536 1565 2536 1164 2537 1276 2537 1565 2537 1174 2538 1178 2538 1565 2538 1165 2539 1164 2539 1565 2539 1169 2540 1167 2540 1565 2540 1277 2541 1170 2541 1565 2541 1192 2542 1191 2542 1565 2542 1194 2543 1192 2543 1565 2543 1278 2544 1194 2544 1565 2544 1564 2545 1265 2545 1565 2545 1566 1 1567 1 1568 1 1568 2546 1567 2546 1569 2546 1568 2547 1569 2547 1570 2547 1571 1 1572 1 1568 1 1568 1 1572 1 1573 1 1568 1 1573 1 1566 1 1574 1 1575 1 1568 1 1568 2548 1575 2548 1576 2548 1568 1 1576 1 1571 1 1570 1 1577 1 1568 1 1568 2549 1577 2549 1578 2549 1568 2550 1578 2550 1574 2550 1579 2551 1580 2551 1581 2551 1581 2552 1580 2552 1582 2552 1581 2553 1582 2553 1583 2553 1584 1 1585 1 1581 1 1581 2554 1585 2554 1586 2554 1581 1 1586 1 1579 1 1587 2555 1588 2555 1581 2555 1581 1 1588 1 1589 1 1581 2556 1589 2556 1584 2556 1583 1 1590 1 1581 1 1581 2557 1590 2557 1591 2557 1581 19 1591 19 1587 19 1592 2558 1593 2558 1594 2558 1594 1 1593 1 1595 1 1594 2559 1595 2559 1596 2559 1597 2560 1598 2560 1594 2560 1594 2561 1598 2561 1599 2561 1594 2546 1599 2546 1592 2546 1600 2558 1601 2558 1594 2558 1594 11 1601 11 1602 11 1594 1 1602 1 1597 1 1596 1 1603 1 1594 1 1594 2562 1603 2562 1604 2562 1594 1 1604 1 1600 1 1605 1 1606 1 1607 1 1607 1 1606 1 1608 1 1607 1 1608 1 1609 1 1610 1 1611 1 1607 1 1607 2563 1611 2563 1612 2563 1607 1 1612 1 1605 1 1613 1 1614 1 1607 1 1607 2564 1614 2564 1615 2564 1607 1 1615 1 1610 1 1609 1 1616 1 1607 1 1607 2565 1616 2565 1617 2565 1607 1 1617 1 1613 1 1618 1 1619 1 1620 1 1620 2566 1619 2566 1621 2566 1620 2567 1621 2567 1622 2567 1622 2568 1621 2568 1623 2568 1622 2569 1623 2569 1624 2569 1624 2570 1623 2570 1625 2570 1624 1 1625 1 1626 1 1626 2571 1625 2571 1627 2571 1626 1 1627 1 1628 1 1628 2572 1627 2572 1629 2572 1628 2573 1629 2573 1630 2573 1629 1 1631 1 1630 1 1630 2574 1631 2574 1632 2574 1630 1 1632 1 1633 1 1633 2575 1632 2575 1634 2575 1633 1 1634 1 1635 1 1635 2576 1634 2576 1636 2576 1635 2577 1636 2577 1637 2577 1637 1 1636 1 1638 1 1637 2578 1638 2578 1639 2578 1639 2579 1638 2579 1640 2579 1639 1 1640 1 1641 1 1641 2580 1640 2580 1642 2580 1641 2581 1642 2581 1618 2581 1618 2582 1642 2582 1643 2582 1618 1 1643 1 1619 1 1644 1 1645 1 1646 1 1646 1 1645 1 1647 1 1646 2567 1647 2567 1648 2567 1648 1 1647 1 1649 1 1648 1 1649 1 1650 1 1650 2583 1649 2583 1651 2583 1650 2584 1651 2584 1652 2584 1652 2585 1651 2585 1653 2585 1652 1 1653 1 1654 1 1654 2586 1653 2586 1655 2586 1654 1 1655 1 1656 1 1655 1 1657 1 1656 1 1656 1 1657 1 1658 1 1656 1 1658 1 1659 1 1659 1 1658 1 1660 1 1659 28 1660 28 1661 28 1661 1 1660 1 1662 1 1661 1 1662 1 1663 1 1663 2570 1662 2570 1664 2570 1663 1 1664 1 1665 1 1665 56 1664 56 1666 56 1665 1 1666 1 1667 1 1667 1 1666 1 1668 1 1667 2573 1668 2573 1644 2573 1644 2587 1668 2587 1669 2587 1644 2574 1669 2574 1645 2574 1670 1 1671 1 1672 1 1672 1 1671 1 1673 1 1672 1 1673 1 1674 1 1674 2588 1673 2588 1675 2588 1674 2589 1675 2589 1676 2589 1676 2590 1675 2590 1677 2590 1676 1 1677 1 1678 1 1678 1 1677 1 1679 1 1678 1 1679 1 1680 1 1680 2580 1679 2580 1681 2580 1680 1 1681 1 1682 1 1681 1 1683 1 1682 1 1682 1 1683 1 1684 1 1682 2591 1684 2591 1685 2591 1685 2592 1684 2592 1686 2592 1685 2593 1686 2593 1687 2593 1687 2594 1686 2594 1688 2594 1687 2595 1688 2595 1689 2595 1689 1 1688 1 1690 1 1689 2596 1690 2596 1691 2596 1691 2597 1690 2597 1692 2597 1691 1 1692 1 1693 1 1693 1 1692 1 1694 1 1693 1 1694 1 1670 1 1670 2598 1694 2598 1695 2598 1670 1 1695 1 1671 1 1696 1 1697 1 1698 1 1698 2599 1697 2599 1699 2599 1698 2593 1699 2593 1700 2593 1700 2600 1699 2600 1701 2600 1700 1 1701 1 1702 1 1702 1 1701 1 1703 1 1702 2601 1703 2601 1704 2601 1704 2585 1703 2585 1705 2585 1704 1 1705 1 1706 1 1706 1 1705 1 1707 1 1706 1 1707 1 1708 1 1707 1 1709 1 1708 1 1708 2602 1709 2602 1710 2602 1708 1 1710 1 1711 1 1711 2566 1710 2566 1712 2566 1711 28 1712 28 1713 28 1713 2603 1712 2603 1714 2603 1713 1 1714 1 1715 1 1715 2604 1714 2604 1716 2604 1715 1 1716 1 1717 1 1717 2605 1716 2605 1718 2605 1717 2606 1718 2606 1719 2606 1719 2607 1718 2607 1720 2607 1719 1 1720 1 1696 1 1696 1 1720 1 1721 1 1696 1 1721 1 1697 1 1722 1 1723 1 1724 1 1724 2608 1723 2608 1725 2608 1724 2609 1725 2609 1726 2609 1726 1 1725 1 1727 1 1726 2610 1727 2610 1728 2610 1728 1 1727 1 1729 1 1728 2611 1729 2611 1730 2611 1729 1 1731 1 1730 1 1730 1 1731 1 1732 1 1730 2612 1732 2612 1733 2612 1733 2613 1732 2613 1734 2613 1733 1 1734 1 1735 1 1735 1 1734 1 1736 1 1735 1 1736 1 1737 1 1737 2614 1736 2614 1738 2614 1737 1 1738 1 1739 1 1740 1 1741 1 1742 1 1742 1 1741 1 1743 1 1742 2615 1743 2615 1744 2615 1744 2616 1743 2616 1745 2616 1744 1 1745 1 1746 1 1746 2617 1745 2617 1747 2617 1746 2618 1747 2618 1722 2618 1722 2619 1747 2619 1748 2619 1722 2620 1748 2620 1723 2620 1738 2621 1749 2621 1739 2621 1739 1 1749 1 1750 1 1739 2622 1750 2622 1751 2622 1751 1 1750 1 1752 1 1751 1 1752 1 1753 1 1753 1 1752 1 1754 1 1753 1 1754 1 1755 1 1755 2623 1754 2623 1756 2623 1755 1 1756 1 1757 1 1758 2624 1759 2624 1760 2624 1760 2625 1759 2625 1761 2625 1760 2626 1761 2626 1762 2626 1762 1 1761 1 1763 1 1762 1 1763 1 1764 1 1764 1 1763 1 1765 1 1764 1 1765 1 1740 1 1740 2627 1765 2627 1766 2627 1740 2628 1766 2628 1741 2628 1756 1 1767 1 1757 1 1757 2629 1767 2629 1768 2629 1757 88 1768 88 1769 88 1769 1 1768 1 1770 1 1769 1 1770 1 1771 1 1771 2630 1770 2630 1772 2630 1771 2631 1772 2631 1773 2631 1773 1 1772 1 1774 1 1773 1 1774 1 1758 1 1758 1 1774 1 1775 1 1758 1 1775 1 1759 1 1776 2632 1777 2632 1778 2632 1778 2633 1777 2633 1779 2633 1778 2634 1780 2634 1776 2634 1776 2635 1780 2635 1781 2635 1777 2636 1782 2636 1779 2636 1779 2637 1782 2637 1783 2637 1784 1 1785 1 1786 1 1787 1 1788 1 1789 1 1790 2638 1791 2638 1792 2638 1793 1 1794 1 1795 1 1796 2639 1797 2639 1798 2639 1798 2640 1797 2640 1799 2640 1800 2641 1780 2641 1778 2641 1779 1 1783 1 1786 1 1786 1 1783 1 1801 1 1802 1 1803 1 1804 1 1804 2642 1803 2642 1805 2642 1804 2643 1805 2643 1806 2643 1806 1 1805 1 1807 1 1806 2644 1807 2644 1808 2644 1809 1 1810 1 1786 1 1786 2645 1810 2645 1811 2645 1786 2646 1811 2646 1812 2646 1800 1 1778 1 1804 1 1804 2647 1778 2647 1813 2647 1804 2648 1813 2648 1802 2648 1812 1 1814 1 1786 1 1786 2649 1814 2649 1815 2649 1786 1 1815 1 1779 1 1779 1 1815 1 1816 1 1779 2650 1816 2650 1778 2650 1778 2651 1816 2651 1817 2651 1778 2652 1817 2652 1813 2652 1818 2653 1789 2653 1819 2653 1819 1 1789 1 1820 1 1821 2654 1822 2654 1823 2654 1823 2655 1822 2655 1824 2655 1823 1 1824 1 1789 1 1789 2656 1824 2656 1825 2656 1789 2657 1825 2657 1820 2657 1826 1 1827 1 1828 1 1829 2658 1830 2658 1831 2658 1831 1 1830 1 1832 1 1831 1 1832 1 1833 1 1833 1 1832 1 1834 1 1833 1 1834 1 1835 1 1826 1 1828 1 1836 1 1827 2659 1837 2659 1828 2659 1828 2660 1837 2660 1838 2660 1828 2661 1838 2661 1821 2661 1821 2662 1838 2662 1839 2662 1839 1 1840 1 1821 1 1821 1 1840 1 1841 1 1821 1 1841 1 1822 1 1822 2663 1841 2663 1842 2663 1822 1 1842 1 1843 1 1843 2664 1842 2664 1844 2664 1843 1 1844 1 1829 1 1829 2665 1844 2665 1845 2665 1829 1 1845 1 1830 1 1834 2666 1836 2666 1835 2666 1835 1 1836 1 1828 1 1835 2667 1828 2667 1846 2667 1846 1 1828 1 1847 1 1846 2668 1847 2668 1848 2668 1848 2669 1847 2669 1849 2669 1849 1 1847 1 1850 1 1849 1 1850 1 1851 1 1851 1 1850 1 1799 1 1799 2670 1850 2670 1852 2670 1799 1 1852 1 1798 1 1853 2671 1854 2671 1855 2671 1855 2672 1854 2672 1856 2672 1855 1 1856 1 1857 1 1857 2673 1856 2673 1858 2673 1857 2674 1858 2674 1859 2674 1859 1 1858 1 1860 1 1859 2675 1860 2675 1861 2675 1853 2676 1862 2676 1863 2676 1863 2677 1862 2677 1864 2677 1793 2678 1865 2678 1794 2678 1794 2679 1865 2679 1866 2679 1794 2680 1866 2680 1864 2680 1864 1 1866 1 1867 1 1864 2681 1867 2681 1863 2681 1794 1 1868 1 1795 1 1795 1 1868 1 1869 1 1795 1 1869 1 1870 1 1870 1 1869 1 1871 1 1870 2682 1871 2682 1872 2682 1801 2683 1873 2683 1786 2683 1786 1 1873 1 1874 1 1786 1 1874 1 1871 1 1871 2684 1874 2684 1875 2684 1871 1 1875 1 1872 1 1876 2685 1868 2685 1877 2685 1877 1 1868 1 1862 1 1877 2686 1862 2686 1878 2686 1878 1 1862 1 1879 1 1880 2687 1881 2687 1855 2687 1882 1 1883 1 1857 1 1857 2688 1883 2688 1884 2688 1853 2689 1855 2689 1862 2689 1862 2690 1855 2690 1881 2690 1862 2691 1881 2691 1885 2691 1885 2692 1886 2692 1862 2692 1862 2693 1886 2693 1887 2693 1862 1 1887 1 1879 1 1879 2694 1887 2694 1888 2694 1879 1 1888 1 1889 1 1889 2695 1888 2695 1882 2695 1889 1 1882 1 1890 1 1890 2696 1882 2696 1857 2696 1890 1 1857 1 1891 1 1884 1 1892 1 1857 1 1857 1 1892 1 1893 1 1857 2697 1893 2697 1855 2697 1855 1 1893 1 1894 1 1855 2698 1894 2698 1880 2698 1852 1 1895 1 1857 1 1857 2699 1895 2699 1896 2699 1857 2700 1896 2700 1891 2700 1897 1 1898 1 1899 1 1899 1 1898 1 1900 1 1900 1 1901 1 1899 1 1899 2701 1901 2701 1902 2701 1899 1 1902 1 1792 1 1792 1 1902 1 1903 1 1792 1 1903 1 1790 1 1904 1 1905 1 1906 1 1906 2702 1905 2702 1907 2702 1908 2703 1909 2703 1910 2703 1910 1 1909 1 1911 1 1789 1 1788 1 1823 1 1823 2704 1788 2704 1912 2704 1823 1 1912 1 1913 1 1914 1 1915 1 1897 1 1915 1 1916 1 1897 1 1897 2705 1916 2705 1917 2705 1897 2706 1917 2706 1818 2706 1818 1 1917 1 1918 1 1918 1 1919 1 1818 1 1818 2707 1919 2707 1920 2707 1818 1 1920 1 1789 1 1789 2708 1920 2708 1921 2708 1789 2709 1921 2709 1787 2709 1819 1 1804 1 1818 1 1818 1 1804 1 1806 1 1818 2710 1806 2710 1897 2710 1897 2711 1806 2711 1906 2711 1897 2712 1906 2712 1898 2712 1898 2713 1906 2713 1907 2713 1808 2714 1809 2714 1806 2714 1806 1 1809 1 1786 1 1806 1 1786 1 1906 1 1906 2715 1786 2715 1910 2715 1906 2716 1910 2716 1904 2716 1904 1 1910 1 1911 1 1786 2717 1785 2717 1910 2717 1910 2718 1785 2718 1922 2718 1910 2719 1922 2719 1923 2719 1869 1 1924 1 1925 1 1876 1 1926 1 1868 1 1868 1 1926 1 1908 1 1868 1 1908 1 1869 1 1869 1 1908 1 1910 1 1869 1 1910 1 1924 1 1924 2720 1910 2720 1923 2720 1925 1 1927 1 1869 1 1869 1 1927 1 1928 1 1869 1 1928 1 1871 1 1871 1 1928 1 1929 1 1929 1 1930 1 1871 1 1871 1 1930 1 1931 1 1871 2721 1931 2721 1786 2721 1786 2722 1931 2722 1932 2722 1786 2723 1932 2723 1784 2723 1913 2724 1914 2724 1823 2724 1823 1 1914 1 1897 1 1823 2725 1897 2725 1821 2725 1821 1 1897 1 1899 1 1821 2726 1899 2726 1828 2726 1828 1 1899 1 1792 1 1794 1 1933 1 1934 1 1935 1 1862 1 1936 1 1936 1 1862 1 1868 1 1936 1 1868 1 1937 1 1937 1 1868 1 1938 1 1794 1 1934 1 1868 1 1868 2727 1934 2727 1939 2727 1868 2728 1939 2728 1938 2728 1935 1 1940 1 1862 1 1862 1 1940 1 1941 1 1862 2729 1941 2729 1864 2729 1864 2730 1941 2730 1942 2730 1864 2731 1942 2731 1943 2731 1943 1 1944 1 1864 1 1864 1 1944 1 1945 1 1864 2732 1945 2732 1794 2732 1794 2733 1945 2733 1946 2733 1794 2734 1946 2734 1933 2734 1947 2735 1948 2735 1850 2735 1949 1 1950 1 1828 1 1828 2736 1950 2736 1951 2736 1828 2737 1951 2737 1847 2737 1847 2738 1951 2738 1952 2738 1948 2739 1792 2739 1850 2739 1850 1 1792 1 1791 1 1850 1 1791 1 1852 1 1852 2740 1791 2740 1953 2740 1852 2741 1953 2741 1895 2741 1948 2742 1954 2742 1792 2742 1792 1 1954 1 1955 1 1792 2743 1955 2743 1828 2743 1828 2744 1955 2744 1956 2744 1828 2745 1956 2745 1949 2745 1952 1 1957 1 1847 1 1847 1 1957 1 1958 1 1847 1 1958 1 1850 1 1850 2746 1958 2746 1959 2746 1850 2747 1959 2747 1947 2747 1960 1 1961 1 1798 1 1962 1 1963 1 1852 1 1852 2748 1963 2748 1964 2748 1852 2749 1964 2749 1798 2749 1798 1 1964 1 1965 1 1798 1 1965 1 1960 1 1861 1 1796 1 1859 1 1859 2750 1796 2750 1798 2750 1859 1 1798 1 1966 1 1966 1 1798 1 1961 1 1967 2751 1968 2751 1857 2751 1857 2752 1968 2752 1969 2752 1857 1 1969 1 1852 1 1852 2753 1969 2753 1970 2753 1852 2754 1970 2754 1962 2754 1966 1 1971 1 1859 1 1859 2755 1971 2755 1972 2755 1859 1 1972 1 1857 1 1857 1 1972 1 1973 1 1857 1 1973 1 1967 1 1974 214 1975 214 1976 214 1977 2756 1782 2756 1777 2756 1978 2757 1979 2757 1980 2757 1980 2758 1981 2758 1978 2758 1978 2759 1981 2759 1982 2759 1978 214 1982 214 1983 214 1983 2760 1982 2760 1984 2760 1985 214 1986 214 1987 214 1987 214 1986 214 1988 214 1987 2761 1988 2761 1989 2761 1990 2762 1991 2762 1992 2762 1976 214 1993 214 1974 214 1974 214 1993 214 1994 214 1974 2763 1994 2763 1995 2763 1988 214 1996 214 1989 214 1989 2764 1996 2764 1997 2764 1989 214 1997 214 1998 214 1985 214 1987 214 1999 214 1999 2765 1987 2765 2000 2765 1999 214 2000 214 2001 214 2002 2766 2003 2766 2004 2766 2004 2767 2003 2767 2005 2767 2006 2768 2007 2768 2008 2768 2008 214 2007 214 2009 214 2008 2769 2009 2769 2005 2769 2005 214 2009 214 2010 214 2005 214 2010 214 2004 214 1978 214 1977 214 1979 214 1979 2770 1977 2770 1777 2770 1979 2771 1777 2771 2011 2771 2011 2772 1777 2772 1776 2772 1997 214 2012 214 1998 214 1998 2773 2012 2773 2013 2773 1998 2774 2013 2774 1984 2774 1984 214 2013 214 2014 214 1984 214 2014 214 1983 214 1990 214 2015 214 1991 214 1991 2775 2015 2775 2016 2775 1991 214 2016 214 2000 214 2000 2776 2016 2776 2017 2776 2000 2777 2017 2777 2001 2777 2002 214 2018 214 2003 214 2003 2778 2018 2778 2019 2778 2003 214 2019 214 1992 214 1992 2779 2019 2779 2020 2779 1992 214 2020 214 1990 214 2006 2780 2008 2780 2021 2780 2021 2781 2008 2781 2011 2781 2021 214 2011 214 2022 214 2022 214 2011 214 1776 214 2022 2782 1776 2782 1975 2782 1975 2783 1776 2783 1781 2783 1975 214 1781 214 1976 214 1995 2784 2023 2784 1974 2784 1974 2785 2023 2785 2024 2785 1974 2786 2024 2786 2025 2786 1781 2787 1780 2787 1800 2787 1781 2788 1800 2788 1976 2788 1976 2789 1800 2789 1804 2789 1976 2790 1804 2790 1993 2790 1993 2791 1804 2791 1819 2791 1993 2792 1819 2792 1994 2792 1994 2793 1819 2793 1820 2793 1994 2794 1820 2794 1995 2794 1995 2795 1820 2795 1825 2795 1995 2796 1825 2796 2023 2796 2023 2797 1825 2797 1824 2797 2023 2798 1824 2798 2024 2798 2024 2799 1824 2799 1822 2799 2024 2800 1822 2800 2025 2800 2025 2801 1822 2801 1843 2801 2025 2802 1843 2802 1974 2802 1974 2803 1843 2803 1829 2803 1974 2804 1829 2804 1975 2804 1975 2805 1829 2805 1831 2805 1975 2805 1831 2805 2022 2805 2022 2806 1831 2806 1833 2806 2022 2807 1833 2807 2021 2807 2021 2808 1833 2808 1835 2808 2021 2809 1835 2809 2006 2809 2006 2810 1835 2810 1846 2810 2006 2811 1846 2811 2007 2811 2007 2812 1846 2812 1848 2812 2007 2813 1848 2813 2009 2813 2009 2814 1848 2814 1849 2814 2009 2815 1849 2815 2010 2815 2010 2816 1849 2816 1851 2816 2010 2817 1851 2817 2004 2817 2004 2818 1851 2818 1799 2818 2004 2819 1799 2819 2002 2819 2002 2820 1799 2820 1797 2820 2002 2821 1797 2821 2018 2821 2018 2822 1797 2822 1796 2822 2018 2823 1796 2823 2019 2823 2019 2824 1796 2824 1861 2824 2019 2825 1861 2825 2020 2825 2020 2826 1861 2826 1860 2826 2020 2827 1860 2827 1990 2827 1990 2828 1860 2828 1858 2828 1990 2829 1858 2829 2015 2829 2015 2830 1858 2830 1856 2830 2015 2831 1856 2831 2016 2831 2016 2832 1856 2832 1854 2832 2016 2833 1854 2833 2017 2833 2017 2834 1854 2834 1853 2834 2017 2835 1853 2835 2001 2835 2001 2836 1853 2836 1863 2836 2001 2837 1863 2837 1999 2837 1999 2838 1863 2838 1867 2838 1999 2839 1867 2839 1985 2839 1985 2840 1867 2840 1866 2840 1985 2841 1866 2841 1986 2841 1986 2842 1866 2842 1865 2842 1986 2843 1865 2843 1988 2843 1988 2844 1865 2844 1793 2844 1988 2845 1793 2845 1996 2845 1996 2846 1793 2846 1795 2846 1996 2847 1795 2847 1997 2847 1997 2848 1795 2848 1870 2848 1997 2849 1870 2849 2012 2849 2012 2850 1870 2850 1872 2850 2012 2851 1872 2851 2013 2851 2013 2852 1872 2852 1875 2852 2013 2853 1875 2853 2014 2853 2014 2854 1875 2854 1874 2854 2014 2855 1874 2855 1983 2855 1983 2856 1874 2856 1873 2856 1983 2857 1873 2857 1978 2857 1978 2858 1873 2858 1801 2858 1978 2859 1801 2859 1977 2859 1977 2860 1801 2860 1783 2860 1977 2861 1783 2861 1782 2861 1771 2862 1878 2862 1769 2862 1769 2863 1878 2863 1879 2863 1769 2864 1879 2864 1757 2864 1757 2865 1879 2865 1889 2865 1757 2866 1889 2866 1755 2866 1755 2867 1889 2867 1890 2867 1755 2868 1890 2868 1753 2868 1753 2869 1890 2869 1891 2869 1753 2870 1891 2870 1751 2870 1751 2871 1891 2871 1896 2871 1751 2872 1896 2872 1739 2872 1739 2873 1896 2873 1895 2873 1739 2874 1895 2874 1737 2874 1737 2875 1895 2875 1953 2875 1737 2876 1953 2876 1735 2876 1735 2877 1953 2877 1791 2877 1735 2878 1791 2878 1733 2878 1733 2879 1791 2879 1790 2879 1733 2880 1790 2880 1730 2880 1730 2881 1790 2881 1903 2881 1730 2882 1903 2882 1728 2882 1728 2883 1903 2883 1902 2883 1728 2883 1902 2883 1726 2883 1726 2884 1902 2884 1901 2884 1726 2885 1901 2885 1724 2885 1724 2886 1901 2886 1900 2886 1724 2887 1900 2887 1722 2887 1722 2888 1900 2888 1898 2888 1722 2889 1898 2889 1746 2889 1746 2890 1898 2890 1907 2890 1746 2891 1907 2891 1744 2891 1744 2892 1907 2892 1905 2892 1744 2893 1905 2893 1742 2893 1742 2894 1905 2894 1904 2894 1742 2895 1904 2895 1740 2895 1740 2896 1904 2896 1911 2896 1740 2897 1911 2897 1764 2897 1764 2898 1911 2898 1909 2898 1764 2899 1909 2899 1762 2899 1762 2900 1909 2900 1908 2900 1762 2901 1908 2901 1760 2901 1760 2902 1908 2902 1926 2902 1760 2903 1926 2903 1758 2903 1758 2904 1926 2904 1876 2904 1758 2904 1876 2904 1773 2904 1773 2905 1876 2905 1877 2905 1773 2906 1877 2906 1771 2906 1771 2907 1877 2907 1878 2907 1936 2908 1703 2908 1935 2908 1935 2909 1703 2909 1701 2909 1935 2910 1701 2910 1940 2910 1940 2911 1701 2911 1699 2911 1940 2912 1699 2912 1941 2912 1941 2913 1699 2913 1697 2913 1941 2914 1697 2914 1942 2914 1942 2915 1697 2915 1721 2915 1942 2916 1721 2916 1943 2916 1943 2917 1721 2917 1720 2917 1943 2918 1720 2918 1944 2918 1944 2919 1720 2919 1718 2919 1944 2920 1718 2920 1945 2920 1945 2921 1718 2921 1716 2921 1945 2922 1716 2922 1946 2922 1946 2922 1716 2922 1714 2922 1946 2923 1714 2923 1933 2923 1933 2924 1714 2924 1712 2924 1933 2925 1712 2925 1934 2925 1934 2926 1712 2926 1710 2926 1934 2927 1710 2927 1939 2927 1939 2928 1710 2928 1709 2928 1939 2929 1709 2929 1938 2929 1938 2930 1709 2930 1707 2930 1938 2931 1707 2931 1937 2931 1937 2932 1707 2932 1705 2932 1937 2933 1705 2933 1936 2933 1936 2934 1705 2934 1703 2934 1964 2935 1677 2935 1965 2935 1965 2936 1677 2936 1675 2936 1965 2937 1675 2937 1960 2937 1960 2938 1675 2938 1673 2938 1960 2939 1673 2939 1961 2939 1961 2940 1673 2940 1671 2940 1961 2941 1671 2941 1966 2941 1966 2942 1671 2942 1695 2942 1966 2943 1695 2943 1971 2943 1971 2943 1695 2943 1694 2943 1971 2919 1694 2919 1972 2919 1972 2944 1694 2944 1692 2944 1972 2945 1692 2945 1973 2945 1973 2921 1692 2921 1690 2921 1973 2946 1690 2946 1967 2946 1967 2922 1690 2922 1688 2922 1967 2924 1688 2924 1968 2924 1968 2923 1688 2923 1686 2923 1968 2925 1686 2925 1969 2925 1969 2947 1686 2947 1684 2947 1969 2928 1684 2928 1970 2928 1970 2927 1684 2927 1683 2927 1970 2948 1683 2948 1962 2948 1962 2949 1683 2949 1681 2949 1962 2950 1681 2950 1963 2950 1963 2951 1681 2951 1679 2951 1963 2934 1679 2934 1964 2934 1964 2934 1679 2934 1677 2934 1830 2952 1651 2952 1832 2952 1832 2935 1651 2935 1649 2935 1832 2937 1649 2937 1834 2937 1834 2953 1649 2953 1647 2953 1834 2954 1647 2954 1836 2954 1836 2954 1647 2954 1645 2954 1836 2915 1645 2915 1826 2915 1826 2915 1645 2915 1669 2915 1826 2955 1669 2955 1827 2955 1827 2956 1669 2956 1668 2956 1827 2957 1668 2957 1837 2957 1837 2958 1668 2958 1666 2958 1837 2959 1666 2959 1838 2959 1838 2921 1666 2921 1664 2921 1838 2946 1664 2946 1839 2946 1839 2946 1664 2946 1662 2946 1839 2960 1662 2960 1840 2960 1840 2923 1662 2923 1660 2923 1840 2961 1660 2961 1841 2961 1841 2947 1660 2947 1658 2947 1841 2927 1658 2927 1842 2927 1842 2927 1658 2927 1657 2927 1842 2962 1657 2962 1844 2962 1844 2948 1657 2948 1655 2948 1844 2951 1655 2951 1845 2951 1845 2931 1655 2931 1653 2931 1845 2933 1653 2933 1830 2933 1830 2934 1653 2934 1651 2934 1805 2909 1638 2909 1807 2909 1807 2909 1638 2909 1636 2909 1807 2911 1636 2911 1808 2911 1808 2953 1636 2953 1634 2953 1808 2912 1634 2912 1809 2912 1809 2963 1634 2963 1632 2963 1809 2915 1632 2915 1810 2915 1810 2942 1632 2942 1631 2942 1810 2964 1631 2964 1811 2964 1811 2956 1631 2956 1629 2956 1811 2958 1629 2958 1812 2958 1812 2919 1629 2919 1627 2919 1812 2959 1627 2959 1814 2959 1814 2965 1627 2965 1625 2965 1814 2966 1625 2966 1815 2966 1815 2966 1625 2966 1623 2966 1815 2967 1623 2967 1816 2967 1816 2968 1623 2968 1621 2968 1816 2925 1621 2925 1817 2925 1817 2969 1621 2969 1619 2969 1817 2970 1619 2970 1813 2970 1813 2927 1619 2927 1643 2927 1813 2971 1643 2971 1802 2971 1802 2971 1643 2971 1642 2971 1802 2972 1642 2972 1803 2972 1803 2951 1642 2951 1640 2951 1803 2973 1640 2973 1805 2973 1805 2934 1640 2934 1638 2934 1785 2974 1608 2974 1922 2974 1922 2975 1608 2975 1606 2975 1922 2976 1606 2976 1923 2976 1923 2977 1606 2977 1605 2977 1923 2978 1605 2978 1924 2978 1924 2979 1605 2979 1612 2979 1924 2980 1612 2980 1925 2980 1925 2981 1612 2981 1611 2981 1925 2982 1611 2982 1927 2982 1927 2983 1611 2983 1610 2983 1927 2984 1610 2984 1928 2984 1928 2985 1610 2985 1615 2985 1928 2986 1615 2986 1929 2986 1929 2987 1615 2987 1614 2987 1929 2988 1614 2988 1930 2988 1930 2989 1614 2989 1613 2989 1930 2990 1613 2990 1931 2990 1931 2990 1613 2990 1617 2990 1931 2991 1617 2991 1932 2991 1932 2992 1617 2992 1616 2992 1932 2993 1616 2993 1784 2993 1784 2994 1616 2994 1609 2994 1784 2995 1609 2995 1785 2995 1785 2996 1609 2996 1608 2996 1788 2997 1595 2997 1912 2997 1912 2998 1595 2998 1593 2998 1912 2999 1593 2999 1913 2999 1913 3000 1593 3000 1592 3000 1913 3001 1592 3001 1914 3001 1914 3002 1592 3002 1599 3002 1914 3003 1599 3003 1915 3003 1915 3004 1599 3004 1598 3004 1915 3005 1598 3005 1916 3005 1916 3006 1598 3006 1597 3006 1916 3007 1597 3007 1917 3007 1917 3008 1597 3008 1602 3008 1917 3009 1602 3009 1918 3009 1918 3010 1602 3010 1601 3010 1918 3011 1601 3011 1919 3011 1919 3012 1601 3012 1600 3012 1919 3013 1600 3013 1920 3013 1920 3014 1600 3014 1604 3014 1920 3015 1604 3015 1921 3015 1921 3016 1604 3016 1603 3016 1921 3017 1603 3017 1787 3017 1787 3018 1603 3018 1596 3018 1787 3019 1596 3019 1788 3019 1788 3020 1596 3020 1595 3020 1951 3021 1582 3021 1952 3021 1952 3022 1582 3022 1580 3022 1952 3023 1580 3023 1957 3023 1957 3023 1580 3023 1579 3023 1957 3024 1579 3024 1958 3024 1958 3024 1579 3024 1586 3024 1958 3025 1586 3025 1959 3025 1959 3026 1586 3026 1585 3026 1959 3027 1585 3027 1947 3027 1947 3028 1585 3028 1584 3028 1947 3029 1584 3029 1948 3029 1948 3030 1584 3030 1589 3030 1948 3031 1589 3031 1954 3031 1954 3032 1589 3032 1588 3032 1954 3033 1588 3033 1955 3033 1955 3034 1588 3034 1587 3034 1955 3035 1587 3035 1956 3035 1956 3036 1587 3036 1591 3036 1956 3037 1591 3037 1949 3037 1949 3038 1591 3038 1590 3038 1949 3039 1590 3039 1950 3039 1950 3040 1590 3040 1583 3040 1950 3041 1583 3041 1951 3041 1951 3042 1583 3042 1582 3042 1883 3043 1569 3043 1884 3043 1884 3043 1569 3043 1567 3043 1884 3044 1567 3044 1892 3044 1892 3045 1567 3045 1566 3045 1892 3046 1566 3046 1893 3046 1893 3047 1566 3047 1573 3047 1893 3048 1573 3048 1894 3048 1894 3049 1573 3049 1572 3049 1894 3050 1572 3050 1880 3050 1880 3051 1572 3051 1571 3051 1880 3052 1571 3052 1881 3052 1881 3052 1571 3052 1576 3052 1881 3053 1576 3053 1885 3053 1885 3054 1576 3054 1575 3054 1885 3055 1575 3055 1886 3055 1886 3056 1575 3056 1574 3056 1886 3057 1574 3057 1887 3057 1887 3058 1574 3058 1578 3058 1887 3059 1578 3059 1888 3059 1888 3060 1578 3060 1577 3060 1888 3061 1577 3061 1882 3061 1882 3062 1577 3062 1570 3062 1882 3063 1570 3063 1883 3063 1883 3064 1570 3064 1569 3064 2026 3065 2011 3065 2008 3065 2005 3066 2027 3066 2008 3066 2008 3067 2027 3067 2028 3067 2008 3068 2028 3068 2026 3068 2003 3069 2029 3069 2005 3069 2005 3070 2029 3070 2030 3070 2005 3071 2030 3071 2027 3071 1992 3072 2031 3072 2003 3072 2003 3073 2031 3073 2032 3073 2003 3074 2032 3074 2029 3074 1991 3075 2033 3075 1992 3075 1992 3076 2033 3076 2034 3076 1992 3077 2034 3077 2031 3077 2000 3078 2035 3078 1991 3078 1991 3079 2035 3079 2036 3079 1991 3080 2036 3080 2033 3080 1987 3081 2037 3081 2000 3081 2000 3082 2037 3082 2038 3082 2000 3083 2038 3083 2035 3083 1989 3084 2039 3084 1987 3084 1987 3085 2039 3085 2040 3085 1987 3086 2040 3086 2037 3086 1998 3087 2041 3087 1989 3087 1989 3088 2041 3088 2042 3088 1989 3089 2042 3089 2039 3089 1984 3090 2043 3090 1998 3090 1998 3091 2043 3091 2044 3091 1998 3092 2044 3092 2041 3092 1982 3093 2045 3093 1984 3093 1984 3094 2045 3094 2046 3094 1984 3095 2046 3095 2043 3095 1981 3096 2047 3096 1982 3096 1982 3097 2047 3097 2048 3097 1982 3098 2048 3098 2045 3098 1980 3099 2049 3099 1981 3099 1981 3100 2049 3100 2050 3100 1981 3101 2050 3101 2047 3101 1979 3102 2051 3102 1980 3102 1980 3103 2051 3103 2052 3103 1980 3104 2052 3104 2049 3104 2026 3105 2053 3105 2011 3105 2011 3106 2053 3106 2054 3106 2011 3107 2054 3107 1979 3107 1979 3108 2054 3108 2055 3108 1979 3109 2055 3109 2051 3109 2054 3110 1725 3110 2055 3110 2055 3111 1725 3111 1723 3111 2055 3112 1723 3112 2051 3112 2051 3113 1723 3113 1748 3113 2051 3114 1748 3114 2052 3114 2052 3115 1748 3115 1747 3115 2052 3116 1747 3116 2049 3116 2049 3117 1747 3117 1745 3117 2049 3118 1745 3118 2050 3118 2050 3119 1745 3119 1743 3119 2050 3120 1743 3120 2047 3120 2047 3121 1743 3121 1741 3121 2047 3122 1741 3122 2048 3122 2048 3123 1741 3123 1766 3123 2048 3124 1766 3124 2045 3124 2045 3125 1766 3125 1765 3125 2045 3126 1765 3126 2046 3126 2046 3127 1765 3127 1763 3127 2046 3128 1763 3128 2043 3128 2043 3129 1763 3129 1761 3129 2043 3130 1761 3130 2044 3130 2044 3131 1761 3131 1759 3131 2044 3132 1759 3132 2041 3132 2041 3133 1759 3133 1775 3133 2041 3134 1775 3134 2042 3134 2042 3135 1775 3135 1774 3135 2042 3136 1774 3136 2039 3136 2039 3137 1774 3137 1772 3137 2039 3138 1772 3138 2040 3138 2040 3139 1772 3139 1770 3139 2040 3140 1770 3140 2037 3140 2037 3141 1770 3141 1768 3141 2037 3142 1768 3142 2038 3142 2038 3143 1768 3143 1767 3143 2038 3144 1767 3144 2035 3144 2035 3145 1767 3145 1756 3145 2035 3146 1756 3146 2036 3146 2036 3147 1756 3147 1754 3147 2036 3148 1754 3148 2033 3148 2033 3149 1754 3149 1752 3149 2033 3150 1752 3150 2034 3150 2034 3151 1752 3151 1750 3151 2034 3152 1750 3152 2031 3152 2031 3153 1750 3153 1749 3153 2031 3154 1749 3154 2032 3154 2032 3155 1749 3155 1738 3155 2032 3156 1738 3156 2029 3156 2029 3157 1738 3157 1736 3157 2029 3158 1736 3158 2030 3158 2030 3159 1736 3159 1734 3159 2030 3160 1734 3160 2027 3160 2027 3161 1734 3161 1732 3161 2027 3162 1732 3162 2028 3162 2028 3163 1732 3163 1731 3163 2028 3164 1731 3164 2026 3164 2026 3165 1731 3165 1729 3165 2026 3166 1729 3166 2053 3166 2053 3167 1729 3167 1727 3167 2053 3168 1727 3168 2054 3168 2054 3169 1727 3169 1725 3169 2056 3170 2057 3170 2058 3170 2059 3171 2057 3171 2056 3171 2056 3172 2060 3172 2061 3172 2062 3173 2060 3173 2056 3173 2058 3174 2062 3174 2056 3174 2056 3175 2063 3175 2064 3175 2065 3176 2063 3176 2056 3176 2061 3177 2065 3177 2056 3177 2056 3178 2066 3178 2067 3178 2068 3179 2066 3179 2056 3179 2064 3180 2068 3180 2056 3180 2067 3181 2059 3181 2056 3181 1676 3182 2059 3182 1674 3182 1674 3183 2059 3183 2067 3183 1674 3184 2067 3184 1672 3184 1672 3185 2067 3185 2066 3185 1672 3186 2066 3186 1670 3186 1670 3187 2066 3187 2068 3187 1670 3188 2068 3188 1693 3188 1693 3189 2068 3189 2064 3189 1693 3190 2064 3190 1691 3190 1691 3191 2064 3191 2063 3191 1691 3192 2063 3192 1689 3192 1689 3193 2063 3193 2065 3193 1689 3194 2065 3194 1687 3194 1687 3195 2065 3195 2061 3195 1687 3196 2061 3196 1685 3196 1685 3197 2061 3197 2060 3197 1685 3198 2060 3198 1682 3198 1682 3199 2060 3199 2062 3199 1682 3200 2062 3200 1680 3200 1680 3201 2062 3201 2058 3201 1680 3202 2058 3202 1678 3202 1678 3203 2058 3203 2057 3203 1678 3204 2057 3204 1676 3204 1676 3205 2057 3205 2059 3205 2069 3206 2070 3206 2071 3206 2072 3207 2070 3207 2069 3207 2069 3208 2073 3208 2074 3208 2075 3209 2073 3209 2069 3209 2071 3210 2075 3210 2069 3210 2069 3211 2076 3211 2077 3211 2078 3212 2076 3212 2069 3212 2074 3213 2078 3213 2069 3213 2069 3214 2079 3214 2080 3214 2081 3215 2079 3215 2069 3215 2077 3216 2081 3216 2069 3216 2080 3217 2072 3217 2069 3217 1650 2997 2072 2997 1648 2997 1648 3218 2072 3218 2080 3218 1648 3219 2080 3219 1646 3219 1646 3220 2080 3220 2079 3220 1646 3187 2079 3187 1644 3187 1644 3221 2079 3221 2081 3221 1644 3222 2081 3222 1667 3222 1667 3222 2081 3222 2077 3222 1667 3223 2077 3223 1665 3223 1665 3224 2077 3224 2076 3224 1665 3225 2076 3225 1663 3225 1663 3226 2076 3226 2078 3226 1663 3227 2078 3227 1661 3227 1661 3228 2078 3228 2074 3228 1661 3229 2074 3229 1659 3229 1659 3230 2074 3230 2073 3230 1659 3231 2073 3231 1656 3231 1656 3232 2073 3232 2075 3232 1656 3233 2075 3233 1654 3233 1654 3234 2075 3234 2071 3234 1654 3235 2071 3235 1652 3235 1652 3236 2071 3236 2070 3236 1652 3237 2070 3237 1650 3237 1650 3238 2070 3238 2072 3238 2082 3239 2083 3239 2084 3239 2085 3240 2083 3240 2082 3240 2082 3241 2086 3241 2087 3241 2088 3242 2086 3242 2082 3242 2084 3243 2088 3243 2082 3243 2082 3244 2089 3244 2090 3244 2091 3245 2089 3245 2082 3245 2087 3246 2091 3246 2082 3246 2082 3247 2092 3247 2093 3247 2094 3248 2092 3248 2082 3248 2090 3249 2094 3249 2082 3249 2093 3250 2085 3250 2082 3250 1702 3183 2085 3183 1700 3183 1700 3251 2085 3251 2093 3251 1700 3219 2093 3219 1698 3219 1698 3252 2093 3252 2092 3252 1698 3253 2092 3253 1696 3253 1696 3187 2092 3187 2094 3187 1696 3254 2094 3254 1719 3254 1719 3255 2094 3255 2090 3255 1719 3256 2090 3256 1717 3256 1717 3257 2090 3257 2089 3257 1717 3225 2089 3225 1715 3225 1715 3225 2089 3225 2091 3225 1715 3258 2091 3258 1713 3258 1713 3259 2091 3259 2087 3259 1713 3260 2087 3260 1711 3260 1711 3261 2087 3261 2086 3261 1711 3262 2086 3262 1708 3262 1708 3263 2086 3263 2088 3263 1708 3264 2088 3264 1706 3264 1706 3265 2088 3265 2084 3265 1706 3266 2084 3266 1704 3266 1704 3267 2084 3267 2083 3267 1704 3268 2083 3268 1702 3268 1702 3269 2083 3269 2085 3269 2095 3270 2096 3270 2097 3270 2098 3271 2096 3271 2095 3271 2095 3272 2099 3272 2100 3272 2101 3273 2099 3273 2095 3273 2097 3274 2101 3274 2095 3274 2095 3275 2102 3275 2103 3275 2104 3276 2102 3276 2095 3276 2100 3213 2104 3213 2095 3213 2095 3277 2105 3277 2106 3277 2107 3248 2105 3248 2095 3248 2103 3278 2107 3278 2095 3278 2106 3279 2098 3279 2095 3279 1637 3280 2098 3280 1635 3280 1635 3281 2098 3281 2106 3281 1635 3219 2106 3219 1633 3219 1633 3282 2106 3282 2105 3282 1633 3283 2105 3283 1630 3283 1630 3284 2105 3284 2107 3284 1630 3285 2107 3285 1628 3285 1628 3222 2107 3222 2103 3222 1628 3286 2103 3286 1626 3286 1626 3287 2103 3287 2102 3287 1626 3288 2102 3288 1624 3288 1624 3225 2102 3225 2104 3225 1624 3289 2104 3289 1622 3289 1622 3195 2104 3195 2100 3195 1622 3196 2100 3196 1620 3196 1620 3197 2100 3197 2099 3197 1620 3231 2099 3231 1618 3231 1618 3232 2099 3232 2101 3232 1618 3290 2101 3290 1641 3290 1641 3265 2101 3265 2097 3265 1641 3291 2097 3291 1639 3291 1639 3203 2097 3203 2096 3203 1639 3292 2096 3292 1637 3292 1637 3293 2096 3293 2098 3293 2108 3294 2109 3294 2110 3294 2108 3295 2110 3295 2111 3295 2111 3296 2110 3296 2112 3296 2111 3297 2112 3297 2113 3297 2113 3298 2112 3298 2114 3298 2113 3299 2114 3299 2115 3299 2115 3300 2114 3300 2116 3300 2115 3301 2116 3301 2117 3301 2118 3302 2119 3302 2120 3302 2118 3303 2120 3303 2121 3303 2121 3304 2120 3304 2109 3304 2121 3305 2109 3305 2108 3305 2122 3306 2123 3306 2124 3306 2122 3307 2124 3307 2125 3307 2125 3308 2124 3308 2126 3308 2125 3309 2126 3309 2127 3309 2127 3310 2126 3310 2119 3310 2127 3311 2119 3311 2118 3311 2117 3312 2116 3312 2128 3312 2128 3313 2116 3313 2129 3313 2128 3314 2129 3314 2122 3314 2122 3315 2129 3315 2123 3315 2130 3316 2131 3316 2132 3316 2130 3317 2132 3317 2133 3317 2133 3318 2132 3318 2134 3318 2133 3319 2134 3319 2135 3319 2135 3320 2134 3320 2136 3320 2135 3321 2136 3321 2137 3321 2138 3322 2139 3322 2140 3322 2138 3323 2140 3323 2141 3323 2141 3324 2140 3324 2131 3324 2141 3325 2131 3325 2130 3325 2142 3326 2143 3326 2144 3326 2142 3327 2144 3327 2145 3327 2145 3328 2144 3328 2146 3328 2145 3329 2146 3329 2147 3329 2147 3330 2146 3330 2148 3330 2147 3331 2148 3331 2149 3331 2149 3332 2148 3332 2139 3332 2149 3333 2139 3333 2138 3333 2137 3334 2136 3334 2150 3334 2150 3335 2136 3335 2151 3335 2150 3336 2151 3336 2142 3336 2142 3337 2151 3337 2143 3337 2152 3338 2153 3338 2154 3338 2152 3339 2154 3339 2155 3339 2155 3340 2154 3340 2156 3340 2155 3341 2156 3341 2157 3341 2157 3342 2156 3342 2158 3342 2157 3343 2158 3343 2159 3343 2159 3344 2158 3344 2160 3344 2159 3345 2160 3345 2161 3345 2162 3346 2163 3346 2164 3346 2162 3347 2164 3347 2165 3347 2165 3348 2164 3348 2153 3348 2165 3349 2153 3349 2152 3349 2166 3350 2167 3350 2168 3350 2166 3351 2168 3351 2169 3351 2169 3352 2168 3352 2170 3352 2169 3353 2170 3353 2171 3353 2171 3354 2170 3354 2163 3354 2171 3354 2163 3354 2162 3354 2161 3355 2160 3355 2172 3355 2172 3356 2160 3356 2173 3356 2172 3357 2173 3357 2166 3357 2166 3358 2173 3358 2167 3358 2174 3359 2175 3359 2176 3359 2174 3360 2176 3360 2177 3360 2177 3361 2176 3361 2178 3361 2177 3362 2178 3362 2179 3362 2179 3363 2178 3363 2180 3363 2179 3364 2180 3364 2181 3364 2182 3365 2183 3365 2184 3365 2182 3366 2184 3366 2185 3366 2185 3367 2184 3367 2175 3367 2185 3368 2175 3368 2174 3368 2186 3369 2187 3369 2188 3369 2186 3369 2188 3369 2189 3369 2189 3370 2188 3370 2190 3370 2189 3370 2190 3370 2191 3370 2191 3371 2190 3371 2192 3371 2191 3371 2192 3371 2193 3371 2193 3372 2192 3372 2183 3372 2193 3373 2183 3373 2182 3373 2181 3374 2180 3374 2194 3374 2194 3375 2180 3375 2195 3375 2194 3376 2195 3376 2186 3376 2186 3377 2195 3377 2187 3377 2196 3378 2197 3378 2198 3378 2196 3379 2198 3379 2199 3379 2199 3380 2198 3380 2200 3380 2199 3381 2200 3381 2201 3381 2201 3382 2200 3382 2202 3382 2201 3383 2202 3383 2203 3383 2203 3384 2202 3384 2204 3384 2203 3385 2204 3385 2205 3385 2206 3386 2207 3386 2208 3386 2206 3387 2208 3387 2209 3387 2209 3388 2208 3388 2197 3388 2209 3389 2197 3389 2196 3389 2210 3390 2211 3390 2212 3390 2210 3391 2212 3391 2213 3391 2213 3392 2212 3392 2214 3392 2213 3393 2214 3393 2215 3393 2215 3394 2214 3394 2207 3394 2215 3395 2207 3395 2206 3395 2205 3396 2204 3396 2216 3396 2216 3397 2204 3397 2217 3397 2216 3398 2217 3398 2210 3398 2210 3399 2217 3399 2211 3399 2218 3400 2219 3400 2220 3400 2218 3401 2220 3401 2221 3401 2221 3402 2220 3402 2222 3402 2221 3403 2222 3403 2223 3403 2223 3404 2222 3404 2224 3404 2223 3405 2224 3405 2225 3405 2226 3406 2227 3406 2228 3406 2226 3407 2228 3407 2229 3407 2229 3408 2228 3408 2219 3408 2229 3409 2219 3409 2218 3409 2230 3410 2231 3410 2232 3410 2230 3411 2232 3411 2233 3411 2233 3412 2232 3412 2234 3412 2233 3413 2234 3413 2235 3413 2235 3414 2234 3414 2236 3414 2235 3415 2236 3415 2237 3415 2237 3416 2236 3416 2227 3416 2237 3417 2227 3417 2226 3417 2225 3418 2224 3418 2238 3418 2238 3419 2224 3419 2239 3419 2238 3420 2239 3420 2230 3420 2230 3421 2239 3421 2231 3421 2240 3422 2241 3422 2242 3422 2240 3423 2242 3423 2243 3423 2243 3424 2242 3424 2244 3424 2243 3425 2244 3425 2245 3425 2245 3426 2244 3426 2246 3426 2245 3427 2246 3427 2247 3427 2247 3428 2246 3428 2248 3428 2247 3429 2248 3429 2249 3429 2250 3430 2251 3430 2252 3430 2252 3431 2251 3431 2253 3431 2252 3432 2253 3432 2240 3432 2240 3433 2253 3433 2241 3433 2254 3434 2255 3434 2256 3434 2254 3435 2256 3435 2257 3435 2257 3436 2256 3436 2258 3436 2257 3437 2258 3437 2259 3437 2259 3438 2258 3438 2251 3438 2259 3439 2251 3439 2250 3439 2249 3440 2248 3440 2260 3440 2249 3441 2260 3441 2261 3441 2261 3442 2260 3442 2255 3442 2261 3443 2255 3443 2254 3443 2120 1 2119 1 2126 1 2116 3444 2124 3444 2129 3444 2129 3445 2124 3445 2123 3445 2120 3446 2126 3446 2109 3446 2116 1 2114 1 2124 1 2124 3447 2114 3447 2112 3447 2124 1 2112 1 2126 1 2126 3448 2112 3448 2110 3448 2126 1 2110 1 2109 1 2140 3449 2139 3449 2148 3449 2144 1 2143 1 2134 1 2134 3450 2143 3450 2151 3450 2134 1 2151 1 2136 1 2131 1 2140 1 2132 1 2132 1 2140 1 2148 1 2132 1 2148 1 2134 1 2134 3451 2148 3451 2146 3451 2134 3452 2146 3452 2144 3452 2164 3453 2163 3453 2170 3453 2160 3454 2168 3454 2173 3454 2173 1 2168 1 2167 1 2164 1 2170 1 2153 1 2160 1 2158 1 2168 1 2168 1 2158 1 2156 1 2168 3455 2156 3455 2170 3455 2170 3456 2156 3456 2154 3456 2170 3457 2154 3457 2153 3457 2184 1 2183 1 2192 1 2188 3458 2187 3458 2178 3458 2178 1 2187 1 2195 1 2178 1 2195 1 2180 1 2175 1 2184 1 2176 1 2176 3459 2184 3459 2192 3459 2176 3460 2192 3460 2178 3460 2178 3461 2192 3461 2190 3461 2178 1 2190 1 2188 1 2208 3462 2207 3462 2214 3462 2208 3463 2214 3463 2197 3463 2204 3464 2212 3464 2217 3464 2217 1 2212 1 2211 1 2204 1 2202 1 2212 1 2212 3465 2202 3465 2200 3465 2212 1 2200 1 2214 1 2214 3466 2200 3466 2198 3466 2214 3467 2198 3467 2197 3467 2228 3468 2227 3468 2236 3468 2232 1 2231 1 2222 1 2222 1 2231 1 2239 1 2222 1 2239 1 2224 1 2219 1 2228 1 2220 1 2220 3469 2228 3469 2236 3469 2220 1 2236 1 2222 1 2222 3470 2236 3470 2234 3470 2222 1 2234 1 2232 1 2260 1 2248 1 2246 1 2242 3471 2241 3471 2258 3471 2258 1 2241 1 2253 1 2258 1 2253 1 2251 1 2255 1 2260 1 2256 1 2256 1 2260 1 2246 1 2256 3472 2246 3472 2258 3472 2258 1 2246 1 2244 1 2258 1 2244 1 2242 1 2262 1 2263 1 2264 1 2265 3473 2266 3473 2267 3473 2267 1 2266 1 2268 1 2262 1 2264 1 2269 1 2265 3474 2270 3474 2266 3474 2266 3465 2270 3465 2271 3465 2266 3475 2271 3475 2264 3475 2264 1 2271 1 2272 1 2264 3476 2272 3476 2269 3476 2273 3477 2269 3477 2272 3477 2273 3478 2272 3478 2274 3478 2274 3479 2272 3479 2271 3479 2274 3480 2271 3480 2275 3480 2275 3481 2271 3481 2270 3481 2275 3482 2270 3482 2276 3482 2276 3483 2270 3483 2265 3483 2276 3484 2265 3484 2277 3484 2278 3485 2263 3485 2262 3485 2278 3486 2262 3486 2279 3486 2279 3487 2262 3487 2269 3487 2279 3488 2269 3488 2273 3488 2280 3489 2268 3489 2266 3489 2280 3490 2266 3490 2281 3490 2281 3491 2266 3491 2264 3491 2281 3492 2264 3492 2282 3492 2282 3493 2264 3493 2263 3493 2282 3494 2263 3494 2278 3494 2277 3495 2265 3495 2283 3495 2283 3496 2265 3496 2267 3496 2283 3497 2267 3497 2280 3497 2280 3498 2267 3498 2268 3498 2284 3499 2285 3499 2286 3499 2286 3500 2285 3500 2287 3500 2286 3501 2287 3501 2288 3501 2288 3502 2287 3502 2289 3502 2288 3503 2289 3503 2290 3503 2290 3504 2289 3504 2291 3504 2290 3505 2291 3505 2292 3505 2292 3506 2291 3506 2293 3506 2292 3507 2293 3507 2294 3507 2294 3508 2293 3508 2295 3508 2294 3509 2295 3509 2296 3509 2296 3510 2295 3510 2297 3510 2296 3511 2297 3511 2298 3511 2298 3512 2297 3512 2299 3512 2298 3513 2299 3513 2300 3513 2300 3514 2299 3514 2301 3514 2300 3515 2301 3515 2302 3515 2302 3516 2301 3516 2303 3516 2302 3517 2303 3517 2304 3517 2304 3518 2303 3518 2305 3518 2304 3519 2305 3519 2306 3519 2306 3520 2305 3520 2307 3520 2306 3521 2307 3521 2308 3521 2308 3522 2307 3522 2309 3522 2308 3523 2309 3523 2310 3523 2310 3524 2309 3524 2311 3524 2310 3525 2311 3525 2312 3525 2312 3526 2311 3526 2313 3526 2312 3527 2313 3527 2314 3527 2314 3528 2313 3528 2315 3528 2314 3529 2315 3529 2316 3529 2316 3530 2315 3530 2317 3530 2316 3531 2317 3531 2318 3531 2318 3532 2317 3532 2319 3532 2318 3533 2319 3533 2320 3533 2320 3534 2319 3534 2321 3534 2320 3535 2321 3535 2322 3535 2322 3536 2321 3536 2323 3536 2322 3537 2323 3537 2324 3537 2324 3538 2323 3538 2325 3538 2324 3539 2325 3539 2326 3539 2326 3540 2325 3540 2327 3540 2326 3541 2327 3541 2328 3541 2328 3542 2327 3542 2329 3542 2328 3543 2329 3543 2330 3543 2330 3544 2329 3544 2331 3544 2330 3545 2331 3545 2284 3545 2284 3546 2331 3546 2285 3546 2332 3547 2333 3547 2292 3547 2334 3548 2288 3548 2333 3548 2333 3549 2288 3549 2290 3549 2333 3550 2290 3550 2292 3550 2335 3551 2284 3551 2334 3551 2334 3552 2284 3552 2286 3552 2334 3553 2286 3553 2288 3553 2336 3554 2328 3554 2335 3554 2335 3555 2328 3555 2330 3555 2335 3556 2330 3556 2284 3556 2337 3557 2324 3557 2336 3557 2336 3558 2324 3558 2326 3558 2336 3559 2326 3559 2328 3559 2338 3560 2320 3560 2337 3560 2337 3561 2320 3561 2322 3561 2337 3562 2322 3562 2324 3562 2339 3563 2316 3563 2338 3563 2338 3564 2316 3564 2318 3564 2338 3565 2318 3565 2320 3565 2340 3566 2312 3566 2339 3566 2339 3567 2312 3567 2314 3567 2339 3568 2314 3568 2316 3568 2341 3569 2308 3569 2340 3569 2340 3570 2308 3570 2310 3570 2340 3571 2310 3571 2312 3571 2342 3572 2304 3572 2341 3572 2341 3573 2304 3573 2306 3573 2341 3574 2306 3574 2308 3574 2343 3575 2300 3575 2342 3575 2342 3576 2300 3576 2302 3576 2342 3577 2302 3577 2304 3577 2292 3578 2294 3578 2332 3578 2332 3579 2294 3579 2296 3579 2332 3580 2296 3580 2343 3580 2343 3581 2296 3581 2298 3581 2343 3582 2298 3582 2300 3582 2344 3583 2345 3583 2346 3583 2346 3584 2345 3584 2347 3584 2346 3585 2347 3585 2348 3585 2348 3586 2347 3586 2349 3586 2348 3587 2349 3587 2350 3587 2350 3588 2349 3588 2351 3588 2350 3589 2351 3589 2352 3589 2352 3590 2351 3590 2353 3590 2352 3591 2353 3591 2354 3591 2354 3592 2353 3592 2355 3592 2354 3593 2355 3593 2356 3593 2356 3594 2355 3594 2357 3594 2356 3595 2357 3595 2358 3595 2358 3596 2357 3596 2359 3596 2358 3597 2359 3597 2360 3597 2360 3598 2359 3598 2361 3598 2360 3599 2361 3599 2362 3599 2362 3600 2361 3600 2363 3600 2362 3601 2363 3601 2364 3601 2364 3602 2363 3602 2365 3602 2364 3603 2365 3603 2366 3603 2366 3604 2365 3604 2367 3604 2366 3605 2367 3605 2368 3605 2368 3606 2367 3606 2369 3606 2368 3607 2369 3607 2370 3607 2370 3608 2369 3608 2371 3608 2370 3525 2371 3525 2372 3525 2372 3609 2371 3609 2373 3609 2372 3610 2373 3610 2374 3610 2374 3611 2373 3611 2375 3611 2374 3612 2375 3612 2376 3612 2376 3613 2375 3613 2377 3613 2376 3614 2377 3614 2378 3614 2378 3615 2377 3615 2379 3615 2378 3616 2379 3616 2380 3616 2380 3617 2379 3617 2381 3617 2380 3618 2381 3618 2382 3618 2382 3619 2381 3619 2383 3619 2382 3620 2383 3620 2384 3620 2384 3621 2383 3621 2385 3621 2384 3622 2385 3622 2386 3622 2386 3623 2385 3623 2387 3623 2386 3624 2387 3624 2388 3624 2388 3625 2387 3625 2389 3625 2388 3626 2389 3626 2390 3626 2390 3627 2389 3627 2391 3627 2390 3628 2391 3628 2344 3628 2344 3629 2391 3629 2345 3629 2392 3630 2393 3630 2364 3630 2394 3631 2360 3631 2393 3631 2393 3632 2360 3632 2362 3632 2393 3633 2362 3633 2364 3633 2395 3634 2356 3634 2394 3634 2394 3635 2356 3635 2358 3635 2394 3636 2358 3636 2360 3636 2396 3637 2352 3637 2395 3637 2395 3638 2352 3638 2354 3638 2395 3639 2354 3639 2356 3639 2397 3640 2348 3640 2396 3640 2396 3641 2348 3641 2350 3641 2396 3642 2350 3642 2352 3642 2398 3643 2344 3643 2397 3643 2397 3644 2344 3644 2346 3644 2397 3645 2346 3645 2348 3645 2399 3646 2388 3646 2398 3646 2398 3647 2388 3647 2390 3647 2398 3648 2390 3648 2344 3648 2400 3649 2384 3649 2399 3649 2399 3650 2384 3650 2386 3650 2399 3651 2386 3651 2388 3651 2401 3652 2380 3652 2400 3652 2400 3653 2380 3653 2382 3653 2400 3654 2382 3654 2384 3654 2402 3655 2376 3655 2401 3655 2401 3656 2376 3656 2378 3656 2401 3657 2378 3657 2380 3657 2403 3658 2372 3658 2402 3658 2402 3659 2372 3659 2374 3659 2402 3660 2374 3660 2376 3660 2364 3661 2366 3661 2392 3661 2392 3662 2366 3662 2368 3662 2392 3663 2368 3663 2403 3663 2403 3570 2368 3570 2370 3570 2403 3664 2370 3664 2372 3664 2404 3665 2405 3665 2406 3665 2406 3666 2405 3666 2407 3666 2406 3667 2407 3667 2408 3667 2408 3668 2407 3668 2409 3668 2408 3669 2409 3669 2410 3669 2410 3670 2409 3670 2411 3670 2410 3671 2411 3671 2412 3671 2412 3672 2411 3672 2413 3672 2412 3673 2413 3673 2414 3673 2414 3674 2413 3674 2415 3674 2414 3675 2415 3675 2416 3675 2416 3676 2415 3676 2417 3676 2416 3677 2417 3677 2418 3677 2418 3678 2417 3678 2419 3678 2418 3679 2419 3679 2420 3679 2420 3514 2419 3514 2421 3514 2420 3680 2421 3680 2422 3680 2422 3681 2421 3681 2423 3681 2422 3682 2423 3682 2424 3682 2424 3683 2423 3683 2425 3683 2424 3684 2425 3684 2426 3684 2426 3685 2425 3685 2427 3685 2426 3686 2427 3686 2428 3686 2428 3687 2427 3687 2429 3687 2428 3607 2429 3607 2430 3607 2430 3688 2429 3688 2431 3688 2430 3689 2431 3689 2432 3689 2432 3526 2431 3526 2433 3526 2432 3690 2433 3690 2434 3690 2434 3691 2433 3691 2435 3691 2434 3692 2435 3692 2436 3692 2436 3693 2435 3693 2437 3693 2436 3694 2437 3694 2438 3694 2438 3695 2437 3695 2439 3695 2438 3696 2439 3696 2440 3696 2440 3697 2439 3697 2441 3697 2440 3618 2441 3618 2442 3618 2442 3698 2441 3698 2443 3698 2442 3699 2443 3699 2444 3699 2444 3700 2443 3700 2445 3700 2444 3701 2445 3701 2446 3701 2446 3702 2445 3702 2447 3702 2446 3541 2447 3541 2448 3541 2448 3703 2447 3703 2449 3703 2448 3704 2449 3704 2450 3704 2450 3705 2449 3705 2451 3705 2450 3706 2451 3706 2404 3706 2404 3707 2451 3707 2405 3707 2452 3708 2453 3708 2436 3708 2454 3709 2432 3709 2453 3709 2453 3710 2432 3710 2434 3710 2453 3711 2434 3711 2436 3711 2455 3569 2428 3569 2454 3569 2454 3570 2428 3570 2430 3570 2454 3712 2430 3712 2432 3712 2456 3713 2424 3713 2455 3713 2455 3714 2424 3714 2426 3714 2455 3715 2426 3715 2428 3715 2457 3716 2420 3716 2456 3716 2456 3717 2420 3717 2422 3717 2456 3718 2422 3718 2424 3718 2458 3719 2416 3719 2457 3719 2457 3720 2416 3720 2418 3720 2457 3721 2418 3721 2420 3721 2459 3722 2412 3722 2458 3722 2458 3638 2412 3638 2414 3638 2458 3723 2414 3723 2416 3723 2460 3724 2408 3724 2459 3724 2459 3641 2408 3641 2410 3641 2459 3725 2410 3725 2412 3725 2461 3726 2404 3726 2460 3726 2460 3727 2404 3727 2406 3727 2460 3728 2406 3728 2408 3728 2462 3729 2448 3729 2461 3729 2461 3730 2448 3730 2450 3730 2461 3731 2450 3731 2404 3731 2463 3732 2444 3732 2462 3732 2462 3733 2444 3733 2446 3733 2462 3734 2446 3734 2448 3734 2436 3735 2438 3735 2452 3735 2452 3736 2438 3736 2440 3736 2452 3737 2440 3737 2463 3737 2463 3738 2440 3738 2442 3738 2463 3739 2442 3739 2444 3739 2464 3740 2465 3740 2466 3740 2466 3741 2465 3741 2467 3741 2466 3742 2467 3742 2468 3742 2468 3743 2467 3743 2469 3743 2468 3744 2469 3744 2470 3744 2470 3745 2469 3745 2471 3745 2470 3746 2471 3746 2472 3746 2472 3747 2471 3747 2473 3747 2472 3748 2473 3748 2474 3748 2474 3749 2473 3749 2475 3749 2474 3750 2475 3750 2476 3750 2476 3751 2475 3751 2477 3751 2476 3752 2477 3752 2478 3752 2478 3753 2477 3753 2479 3753 2478 3754 2479 3754 2480 3754 2480 3755 2479 3755 2481 3755 2480 3756 2481 3756 2482 3756 2482 3757 2481 3757 2483 3757 2482 3758 2483 3758 2484 3758 2484 3759 2483 3759 2485 3759 2484 3760 2485 3760 2486 3760 2486 3761 2485 3761 2487 3761 2486 3521 2487 3521 2488 3521 2488 3762 2487 3762 2489 3762 2488 3763 2489 3763 2490 3763 2490 3764 2489 3764 2491 3764 2490 3765 2491 3765 2492 3765 2492 3766 2491 3766 2493 3766 2492 3767 2493 3767 2494 3767 2494 3768 2493 3768 2495 3768 2494 3769 2495 3769 2496 3769 2496 3770 2495 3770 2497 3770 2496 3771 2497 3771 2498 3771 2498 3772 2497 3772 2499 3772 2498 3773 2499 3773 2500 3773 2500 3697 2499 3697 2501 3697 2500 3774 2501 3774 2502 3774 2502 3775 2501 3775 2503 3775 2502 3776 2503 3776 2504 3776 2504 3777 2503 3777 2505 3777 2504 3778 2505 3778 2506 3778 2506 3623 2505 3623 2507 3623 2506 3779 2507 3779 2508 3779 2508 3780 2507 3780 2509 3780 2508 3781 2509 3781 2510 3781 2510 3782 2509 3782 2511 3782 2510 3783 2511 3783 2464 3783 2464 3784 2511 3784 2465 3784 2512 3785 2513 3785 2508 3785 2514 3786 2504 3786 2513 3786 2513 3787 2504 3787 2506 3787 2513 3788 2506 3788 2508 3788 2515 3789 2500 3789 2514 3789 2514 3561 2500 3561 2502 3561 2514 3790 2502 3790 2504 3790 2516 3791 2496 3791 2515 3791 2515 3792 2496 3792 2498 3792 2515 3793 2498 3793 2500 3793 2517 3794 2492 3794 2516 3794 2516 3795 2492 3795 2494 3795 2516 3660 2494 3660 2496 3660 2518 3796 2488 3796 2517 3796 2517 3797 2488 3797 2490 3797 2517 3798 2490 3798 2492 3798 2519 3799 2484 3799 2518 3799 2518 3800 2484 3800 2486 3800 2518 3801 2486 3801 2488 3801 2520 3802 2480 3802 2519 3802 2519 3803 2480 3803 2482 3803 2519 3804 2482 3804 2484 3804 2521 3805 2476 3805 2520 3805 2520 3806 2476 3806 2478 3806 2520 3807 2478 3807 2480 3807 2522 3808 2472 3808 2521 3808 2521 3809 2472 3809 2474 3809 2521 3810 2474 3810 2476 3810 2523 3811 2468 3811 2522 3811 2522 3812 2468 3812 2470 3812 2522 3813 2470 3813 2472 3813 2508 3814 2510 3814 2512 3814 2512 3815 2510 3815 2464 3815 2512 3816 2464 3816 2523 3816 2523 3817 2464 3817 2466 3817 2523 3818 2466 3818 2468 3818 2524 3819 2525 3819 2526 3819 2526 3820 2525 3820 2527 3820 2526 3821 2527 3821 2528 3821 2528 3822 2527 3822 2529 3822 2528 3823 2529 3823 2530 3823 2530 3824 2529 3824 2531 3824 2530 3825 2531 3825 2532 3825 2532 3826 2531 3826 2533 3826 2532 3827 2533 3827 2534 3827 2534 3828 2533 3828 2535 3828 2534 3829 2535 3829 2536 3829 2536 3830 2535 3830 2537 3830 2536 3831 2537 3831 2538 3831 2538 3832 2537 3832 2539 3832 2538 3833 2539 3833 2540 3833 2540 3834 2539 3834 2541 3834 2540 3835 2541 3835 2542 3835 2542 3836 2541 3836 2543 3836 2542 3837 2543 3837 2544 3837 2544 3838 2543 3838 2545 3838 2544 3839 2545 3839 2546 3839 2546 3840 2545 3840 2547 3840 2546 3841 2547 3841 2548 3841 2548 3842 2547 3842 2549 3842 2548 3843 2549 3843 2550 3843 2550 3844 2549 3844 2551 3844 2550 3845 2551 3845 2552 3845 2552 3846 2551 3846 2553 3846 2552 3847 2553 3847 2554 3847 2554 3848 2553 3848 2555 3848 2554 3849 2555 3849 2556 3849 2556 3850 2555 3850 2557 3850 2556 3851 2557 3851 2558 3851 2558 3852 2557 3852 2559 3852 2558 3853 2559 3853 2560 3853 2560 3854 2559 3854 2561 3854 2560 3855 2561 3855 2562 3855 2562 3856 2561 3856 2563 3856 2562 3857 2563 3857 2564 3857 2564 3858 2563 3858 2565 3858 2564 3859 2565 3859 2566 3859 2566 3860 2565 3860 2567 3860 2566 3861 2567 3861 2568 3861 2568 3862 2567 3862 2569 3862 2568 3863 2569 3863 2570 3863 2570 3864 2569 3864 2571 3864 2570 3865 2571 3865 2524 3865 2524 3866 2571 3866 2525 3866 2572 3867 2573 3867 2524 3867 2524 3868 2526 3868 2572 3868 2572 3869 2526 3869 2528 3869 2572 3870 2528 3870 2574 3870 2528 3871 2530 3871 2574 3871 2574 3872 2530 3872 2532 3872 2574 3873 2532 3873 2575 3873 2532 3874 2534 3874 2575 3874 2575 3875 2534 3875 2536 3875 2575 3876 2536 3876 2576 3876 2536 3877 2538 3877 2576 3877 2576 3878 2538 3878 2540 3878 2576 3879 2540 3879 2577 3879 2540 3880 2542 3880 2577 3880 2577 3881 2542 3881 2544 3881 2577 3882 2544 3882 2578 3882 2544 3883 2546 3883 2578 3883 2578 3884 2546 3884 2548 3884 2578 3885 2548 3885 2579 3885 2548 3886 2550 3886 2579 3886 2579 3887 2550 3887 2552 3887 2579 3888 2552 3888 2580 3888 2552 3889 2554 3889 2580 3889 2580 3890 2554 3890 2556 3890 2580 3891 2556 3891 2581 3891 2556 3892 2558 3892 2581 3892 2581 3893 2558 3893 2560 3893 2581 3894 2560 3894 2582 3894 2560 3895 2562 3895 2582 3895 2582 3896 2562 3896 2564 3896 2582 3897 2564 3897 2583 3897 2564 3898 2566 3898 2583 3898 2583 3899 2566 3899 2568 3899 2583 3900 2568 3900 2573 3900 2573 3901 2568 3901 2570 3901 2573 3902 2570 3902 2524 3902 2584 3903 2585 3903 2586 3903 2586 3904 2585 3904 2587 3904 2586 3905 2587 3905 2588 3905 2588 3906 2587 3906 2589 3906 2588 3907 2589 3907 2590 3907 2590 3908 2589 3908 2591 3908 2590 3909 2591 3909 2592 3909 2592 3910 2591 3910 2593 3910 2592 3911 2593 3911 2594 3911 2594 3912 2593 3912 2595 3912 2594 3913 2595 3913 2596 3913 2596 3914 2595 3914 2597 3914 2596 3915 2597 3915 2598 3915 2598 3916 2597 3916 2599 3916 2598 3917 2599 3917 2600 3917 2600 3918 2599 3918 2601 3918 2600 3919 2601 3919 2602 3919 2602 3920 2601 3920 2603 3920 2602 3921 2603 3921 2604 3921 2604 3922 2603 3922 2605 3922 2604 3923 2605 3923 2606 3923 2606 3924 2605 3924 2607 3924 2606 3925 2607 3925 2608 3925 2608 3926 2607 3926 2609 3926 2608 3927 2609 3927 2610 3927 2610 3928 2609 3928 2611 3928 2610 3929 2611 3929 2612 3929 2612 3930 2611 3930 2613 3930 2612 3931 2613 3931 2614 3931 2614 3932 2613 3932 2615 3932 2614 3933 2615 3933 2616 3933 2616 3934 2615 3934 2617 3934 2616 3935 2617 3935 2618 3935 2618 3936 2617 3936 2619 3936 2618 3937 2619 3937 2620 3937 2620 3938 2619 3938 2621 3938 2620 3939 2621 3939 2622 3939 2622 3940 2621 3940 2623 3940 2622 3941 2623 3941 2624 3941 2624 3942 2623 3942 2625 3942 2624 3943 2625 3943 2626 3943 2626 3944 2625 3944 2627 3944 2626 3945 2627 3945 2628 3945 2628 3946 2627 3946 2629 3946 2628 3947 2629 3947 2630 3947 2630 3948 2629 3948 2631 3948 2630 3949 2631 3949 2584 3949 2584 3950 2631 3950 2585 3950 2632 3951 2633 3951 2596 3951 2596 3952 2598 3952 2632 3952 2632 3953 2598 3953 2600 3953 2632 3954 2600 3954 2634 3954 2600 3955 2602 3955 2634 3955 2634 3956 2602 3956 2604 3956 2634 3957 2604 3957 2635 3957 2604 3958 2606 3958 2635 3958 2635 3959 2606 3959 2608 3959 2635 3960 2608 3960 2636 3960 2608 3961 2610 3961 2636 3961 2636 3962 2610 3962 2612 3962 2636 3963 2612 3963 2637 3963 2612 3964 2614 3964 2637 3964 2637 3965 2614 3965 2616 3965 2637 3966 2616 3966 2638 3966 2616 3967 2618 3967 2638 3967 2638 3968 2618 3968 2620 3968 2638 3969 2620 3969 2639 3969 2620 3970 2622 3970 2639 3970 2639 3971 2622 3971 2624 3971 2639 3972 2624 3972 2640 3972 2624 3973 2626 3973 2640 3973 2640 3974 2626 3974 2628 3974 2640 3975 2628 3975 2641 3975 2628 3976 2630 3976 2641 3976 2641 3977 2630 3977 2584 3977 2641 3978 2584 3978 2642 3978 2584 3979 2586 3979 2642 3979 2642 3980 2586 3980 2588 3980 2642 3981 2588 3981 2643 3981 2588 3982 2590 3982 2643 3982 2643 3983 2590 3983 2592 3983 2643 3984 2592 3984 2633 3984 2633 3985 2592 3985 2594 3985 2633 3986 2594 3986 2596 3986 2644 3987 2645 3987 2646 3987 2646 3988 2645 3988 2647 3988 2646 3989 2647 3989 2648 3989 2648 3990 2647 3990 2649 3990 2648 3991 2649 3991 2650 3991 2650 3992 2649 3992 2651 3992 2650 3993 2651 3993 2652 3993 2652 3994 2651 3994 2653 3994 2652 3995 2653 3995 2654 3995 2654 3996 2653 3996 2655 3996 2654 3997 2655 3997 2656 3997 2656 3998 2655 3998 2657 3998 2656 3999 2657 3999 2658 3999 2658 4000 2657 4000 2659 4000 2658 4001 2659 4001 2660 4001 2660 4002 2659 4002 2661 4002 2660 4003 2661 4003 2662 4003 2662 4004 2661 4004 2663 4004 2662 4005 2663 4005 2664 4005 2664 4006 2663 4006 2665 4006 2664 4007 2665 4007 2666 4007 2666 4008 2665 4008 2667 4008 2666 4009 2667 4009 2668 4009 2668 4010 2667 4010 2669 4010 2668 4011 2669 4011 2670 4011 2670 4012 2669 4012 2671 4012 2670 4013 2671 4013 2672 4013 2672 4014 2671 4014 2673 4014 2672 4015 2673 4015 2674 4015 2674 4016 2673 4016 2675 4016 2674 4017 2675 4017 2676 4017 2676 4018 2675 4018 2677 4018 2676 4019 2677 4019 2678 4019 2678 4020 2677 4020 2679 4020 2678 4021 2679 4021 2680 4021 2680 4022 2679 4022 2681 4022 2680 4023 2681 4023 2682 4023 2682 4024 2681 4024 2683 4024 2682 4025 2683 4025 2684 4025 2684 4026 2683 4026 2685 4026 2684 4027 2685 4027 2686 4027 2686 4028 2685 4028 2687 4028 2686 4029 2687 4029 2688 4029 2688 4030 2687 4030 2689 4030 2688 4031 2689 4031 2690 4031 2690 4032 2689 4032 2691 4032 2690 4033 2691 4033 2644 4033 2644 4034 2691 4034 2645 4034 2692 4035 2693 4035 2668 4035 2668 4036 2670 4036 2692 4036 2692 4037 2670 4037 2672 4037 2692 4038 2672 4038 2694 4038 2672 4039 2674 4039 2694 4039 2694 4040 2674 4040 2676 4040 2694 4041 2676 4041 2695 4041 2676 4042 2678 4042 2695 4042 2695 4043 2678 4043 2680 4043 2695 4044 2680 4044 2696 4044 2680 4045 2682 4045 2696 4045 2696 4046 2682 4046 2684 4046 2696 4047 2684 4047 2697 4047 2684 4048 2686 4048 2697 4048 2697 4049 2686 4049 2688 4049 2697 4050 2688 4050 2698 4050 2688 4051 2690 4051 2698 4051 2698 4052 2690 4052 2644 4052 2698 4053 2644 4053 2699 4053 2644 4054 2646 4054 2699 4054 2699 4055 2646 4055 2648 4055 2699 4056 2648 4056 2700 4056 2648 4057 2650 4057 2700 4057 2700 4058 2650 4058 2652 4058 2700 4059 2652 4059 2701 4059 2652 4060 2654 4060 2701 4060 2701 4061 2654 4061 2656 4061 2701 4062 2656 4062 2702 4062 2656 4063 2658 4063 2702 4063 2702 4064 2658 4064 2660 4064 2702 4065 2660 4065 2703 4065 2660 4066 2662 4066 2703 4066 2703 4067 2662 4067 2664 4067 2703 4068 2664 4068 2693 4068 2693 4069 2664 4069 2666 4069 2693 4070 2666 4070 2668 4070 2704 4071 2705 4071 2706 4071 2706 4072 2705 4072 2707 4072 2706 4073 2707 4073 2708 4073 2708 4074 2707 4074 2709 4074 2708 4075 2709 4075 2710 4075 2710 4076 2709 4076 2711 4076 2710 4077 2711 4077 2712 4077 2712 4078 2711 4078 2713 4078 2712 4079 2713 4079 2714 4079 2714 4080 2713 4080 2715 4080 2714 4081 2715 4081 2716 4081 2716 4082 2715 4082 2717 4082 2716 4083 2717 4083 2718 4083 2718 4084 2717 4084 2719 4084 2718 4085 2719 4085 2720 4085 2720 4086 2719 4086 2721 4086 2720 4087 2721 4087 2722 4087 2722 4088 2721 4088 2723 4088 2722 4089 2723 4089 2724 4089 2724 4090 2723 4090 2725 4090 2724 4091 2725 4091 2726 4091 2726 4092 2725 4092 2727 4092 2726 4093 2727 4093 2728 4093 2728 4094 2727 4094 2729 4094 2728 4095 2729 4095 2730 4095 2730 4096 2729 4096 2731 4096 2730 4097 2731 4097 2732 4097 2732 4098 2731 4098 2733 4098 2732 4099 2733 4099 2734 4099 2734 4100 2733 4100 2735 4100 2734 4101 2735 4101 2736 4101 2736 4102 2735 4102 2737 4102 2736 4103 2737 4103 2738 4103 2738 4104 2737 4104 2739 4104 2738 4105 2739 4105 2740 4105 2740 4106 2739 4106 2741 4106 2740 4107 2741 4107 2742 4107 2742 4108 2741 4108 2743 4108 2742 4109 2743 4109 2744 4109 2744 4110 2743 4110 2745 4110 2744 4111 2745 4111 2746 4111 2746 4112 2745 4112 2747 4112 2746 4113 2747 4113 2748 4113 2748 4114 2747 4114 2749 4114 2748 4115 2749 4115 2750 4115 2750 3948 2749 3948 2751 3948 2750 4116 2751 4116 2704 4116 2704 4117 2751 4117 2705 4117 2740 4118 2752 4118 2753 4118 2740 4119 2742 4119 2752 4119 2752 4120 2742 4120 2744 4120 2752 4121 2744 4121 2754 4121 2744 4122 2746 4122 2754 4122 2754 4123 2746 4123 2748 4123 2754 4124 2748 4124 2755 4124 2748 4125 2750 4125 2755 4125 2755 4126 2750 4126 2704 4126 2755 4127 2704 4127 2756 4127 2704 4128 2706 4128 2756 4128 2756 4129 2706 4129 2708 4129 2756 4130 2708 4130 2757 4130 2708 4131 2710 4131 2757 4131 2757 4132 2710 4132 2712 4132 2757 4133 2712 4133 2758 4133 2712 4134 2714 4134 2758 4134 2758 4135 2714 4135 2716 4135 2758 4136 2716 4136 2759 4136 2716 4137 2718 4137 2759 4137 2759 4138 2718 4138 2720 4138 2759 4139 2720 4139 2760 4139 2720 4140 2722 4140 2760 4140 2760 3956 2722 3956 2724 3956 2760 4141 2724 4141 2761 4141 2724 4142 2726 4142 2761 4142 2761 4143 2726 4143 2728 4143 2761 4144 2728 4144 2762 4144 2728 4145 2730 4145 2762 4145 2762 4146 2730 4146 2732 4146 2762 4147 2732 4147 2763 4147 2732 4148 2734 4148 2763 4148 2763 4149 2734 4149 2736 4149 2763 4150 2736 4150 2753 4150 2753 4151 2736 4151 2738 4151 2753 4152 2738 4152 2740 4152 2764 4153 2765 4153 2766 4153 2458 4154 2457 4154 2767 4154 2518 1 2517 1 2768 1 2632 1 2634 1 2769 1 2770 4155 2771 4155 2772 4155 2186 4156 2189 4156 2773 4156 2774 1 2775 1 2776 1 2573 1 2572 1 2777 1 2777 4157 2572 4157 2574 4157 2777 4158 2574 4158 2778 4158 2778 1 2574 1 2575 1 2778 1 2575 1 2779 1 2575 4159 2576 4159 2779 4159 2779 1 2576 1 2577 1 2779 1 2577 1 2578 1 2579 1 2580 1 2780 1 2780 1 2580 1 2581 1 2780 4160 2581 4160 2781 4160 2781 1 2581 1 2582 1 2781 1 2582 1 2583 1 2238 4161 2230 4161 2782 4161 2218 4162 2221 4162 2780 4162 2780 4163 2221 4163 2223 4163 2780 4164 2223 4164 2225 4164 2782 1 2783 1 2238 1 2238 1 2783 1 2784 1 2238 1 2784 1 2225 1 2225 1 2784 1 2779 1 2225 1 2779 1 2780 1 2780 4165 2779 4165 2578 4165 2780 4166 2578 4166 2579 4166 2785 1 2786 1 2787 1 2787 4167 2786 4167 2788 4167 2787 1 2788 1 2789 1 2789 1 2788 1 2782 1 2789 4168 2782 4168 2790 4168 2790 4169 2782 4169 2230 4169 2790 4170 2230 4170 2233 4170 2791 4171 2635 4171 2636 4171 2635 4172 2791 4172 2634 4172 2634 4173 2791 4173 2792 4173 2634 4174 2792 4174 2769 4174 2769 4175 2792 4175 2793 4175 2769 1 2793 1 2794 1 2795 1 2796 1 2797 1 2797 4176 2796 4176 2798 4176 2797 1 2798 1 2799 1 2800 4177 2801 4177 2802 4177 2801 1 2800 1 2803 1 2803 1 2800 1 2804 1 2803 4178 2804 4178 2805 4178 2805 4179 2804 4179 2806 4179 2806 4180 2804 4180 2694 4180 2806 4181 2694 4181 2807 4181 2808 4182 2809 4182 2807 4182 2807 4183 2809 4183 2810 4183 2810 1 2809 1 2811 1 2811 4184 2809 4184 2812 4184 2811 1 2812 1 2813 1 2813 4185 2812 4185 2814 4185 2813 1 2814 1 2815 1 2815 4186 2816 4186 2817 4186 2817 4187 2816 4187 2818 4187 2817 1 2818 1 2819 1 2820 4188 2159 4188 2161 4188 2166 4189 2169 4189 2821 4189 2761 1 2762 1 2821 1 2821 4190 2762 4190 2763 4190 2753 4191 2752 4191 2822 4191 2822 4192 2752 4192 2754 4192 2822 1 2754 1 2823 1 2823 1 2754 1 2755 1 2823 4193 2755 4193 2824 4193 2824 4194 2755 4194 2756 4194 2824 1 2756 1 2825 1 2756 1 2757 1 2825 1 2825 4195 2757 4195 2758 4195 2825 1 2758 1 2826 1 2826 1 2758 1 2759 1 2826 4196 2759 4196 2760 4196 2763 1 2753 1 2821 1 2821 4197 2753 4197 2822 4197 2821 4198 2822 4198 2166 4198 2166 1 2822 1 2827 1 2166 1 2827 1 2172 1 2172 4199 2827 4199 2828 4199 2172 1 2828 1 2161 1 2161 1 2828 1 2819 1 2161 1 2819 1 2820 1 2820 1 2819 1 2818 1 2820 1 2818 1 2396 1 2826 4200 2177 4200 2179 4200 2829 4201 2830 4201 2831 4201 2831 4202 2830 4202 2832 4202 2213 1 2215 1 2210 1 2210 4203 2215 4203 2781 4203 2833 1 2834 1 2835 1 2835 1 2834 1 2836 1 2835 4204 2836 4204 2837 4204 2837 4205 2836 4205 2838 4205 2772 4206 2771 4206 2839 4206 2771 1 2840 1 2839 1 2839 4207 2840 4207 2841 4207 2839 1 2841 1 2453 1 2453 4208 2841 4208 2842 4208 2453 4209 2842 4209 2454 4209 2843 1 2844 1 2845 1 2846 1 2847 1 2848 1 2846 1 2848 1 2849 1 2849 4210 2848 4210 2850 4210 2849 1 2850 1 2851 1 2847 1 2852 1 2848 1 2848 4211 2852 4211 2853 4211 2848 4212 2853 4212 2854 4212 2855 4213 2856 4213 2857 4213 2857 4214 2856 4214 2858 4214 2857 1 2858 1 2859 1 2859 1 2858 1 2860 1 2833 1 2861 1 2513 1 2701 4215 2702 4215 2862 4215 2694 1 2695 1 2807 1 2807 1 2695 1 2696 1 2807 1 2696 1 2808 1 2808 1 2696 1 2697 1 2808 4216 2697 4216 2698 4216 2702 4217 2703 4217 2862 4217 2862 4218 2703 4218 2693 4218 2862 4219 2693 4219 2804 4219 2804 4220 2693 4220 2692 4220 2804 1 2692 1 2694 1 2701 1 2863 1 2700 1 2700 4221 2863 4221 2699 4221 2637 1 2864 1 2636 1 2636 1 2864 1 2865 1 2636 4222 2865 4222 2791 4222 2638 1 2639 1 2866 1 2632 1 2769 1 2633 1 2633 1 2769 1 2867 1 2633 1 2867 1 2643 1 2639 4223 2640 4223 2866 4223 2866 4224 2640 4224 2641 4224 2866 1 2641 1 2867 1 2867 4225 2641 4225 2642 4225 2867 4190 2642 4190 2643 4190 2233 1 2235 1 2523 1 2523 4226 2235 4226 2237 4226 2523 1 2237 1 2512 1 2512 4227 2237 4227 2226 4227 2512 1 2226 1 2513 1 2833 1 2513 1 2834 1 2834 4228 2513 4228 2226 4228 2834 1 2226 1 2229 1 2519 4229 2518 4229 2787 4229 2787 1 2518 1 2768 1 2787 1 2768 1 2785 1 2785 4230 2768 4230 2868 4230 2785 1 2868 1 2869 1 2233 4231 2523 4231 2790 4231 2790 4232 2523 4232 2522 4232 2790 4233 2522 4233 2789 4233 2789 1 2522 1 2521 1 2789 1 2521 1 2787 1 2787 4234 2521 4234 2520 4234 2787 4235 2520 4235 2519 4235 2182 4236 2452 4236 2193 4236 2193 4237 2452 4237 2463 4237 2193 4238 2463 4238 2191 4238 2191 1 2463 1 2462 1 2870 1 2209 1 2196 1 2205 1 2767 1 2203 1 2203 4239 2767 4239 2457 4239 2203 1 2457 1 2201 1 2201 1 2457 1 2456 1 2201 1 2456 1 2199 1 2199 4240 2456 4240 2455 4240 2199 1 2455 1 2196 1 2196 4241 2455 4241 2454 4241 2196 4242 2454 4242 2870 4242 2870 4243 2454 4243 2842 4243 2870 1 2842 1 2838 1 2461 1 2773 1 2462 1 2462 4244 2773 4244 2189 4244 2462 1 2189 1 2191 1 2460 1 2459 1 2831 1 2826 4245 2179 4245 2825 4245 2825 4246 2179 4246 2181 4246 2825 4247 2181 4247 2871 4247 2871 4248 2181 4248 2194 4248 2871 4249 2194 4249 2872 4249 2872 4250 2194 4250 2186 4250 2872 1 2186 1 2832 1 2832 4251 2186 4251 2773 4251 2832 4252 2773 4252 2831 4252 2831 4253 2773 4253 2461 4253 2831 4254 2461 4254 2460 4254 2583 1 2573 1 2781 1 2781 1 2573 1 2777 1 2781 4255 2777 4255 2210 4255 2210 1 2777 1 2873 1 2210 4256 2873 4256 2216 4256 2216 1 2873 1 2874 1 2216 4257 2874 4257 2205 4257 2205 1 2874 1 2829 1 2205 4258 2829 4258 2767 4258 2767 4259 2829 4259 2831 4259 2767 1 2831 1 2458 1 2458 4260 2831 4260 2459 4260 2169 4261 2171 4261 2821 4261 2821 4262 2171 4262 2162 4262 2821 1 2162 1 2875 1 2875 1 2162 1 2165 1 2875 4263 2165 4263 2152 4263 2159 4264 2820 4264 2157 4264 2157 1 2820 1 2396 1 2157 4265 2396 4265 2155 4265 2155 4266 2396 4266 2395 4266 2155 4267 2395 4267 2152 4267 2152 1 2395 1 2394 1 2152 1 2394 1 2875 1 2875 4268 2394 4268 2876 4268 2875 4269 2876 4269 2877 4269 2814 1 2402 1 2401 1 2815 1 2814 1 2816 1 2816 4270 2814 4270 2401 4270 2816 4271 2401 4271 2400 4271 2400 4272 2399 4272 2816 4272 2816 4273 2399 4273 2398 4273 2816 1 2398 1 2818 1 2818 4274 2398 4274 2397 4274 2818 1 2397 1 2396 1 2343 4275 2247 4275 2332 4275 2332 1 2247 1 2249 1 2332 1 2249 1 2333 1 2333 4276 2249 4276 2878 4276 2878 4277 2249 4277 2261 4277 2878 4278 2261 4278 2254 4278 2879 4279 2851 4279 2878 4279 2878 4280 2851 4280 2850 4280 2878 1 2850 1 2333 1 2333 1 2850 1 2848 1 2333 4281 2848 4281 2334 4281 2334 1 2848 1 2854 1 2862 4282 2118 4282 2843 4282 2843 4283 2118 4283 2121 4283 2843 4284 2121 4284 2108 4284 2853 4285 2844 4285 2854 4285 2854 1 2844 1 2843 1 2854 1 2843 1 2334 1 2334 1 2843 1 2108 1 2334 1 2108 1 2335 1 2335 4286 2108 4286 2111 4286 2335 1 2111 1 2336 1 2340 1 2339 1 2799 1 2799 4287 2339 4287 2338 4287 2799 1 2338 1 2797 1 2797 1 2338 1 2337 1 2797 4288 2337 4288 2336 4288 2340 1 2799 1 2341 1 2341 4289 2799 4289 2766 4289 2341 1 2766 1 2342 1 2342 4233 2766 4233 2765 4233 2342 1 2765 1 2343 1 2513 4290 2880 4290 2514 4290 2514 4291 2880 4291 2273 4291 2514 4292 2273 4292 2515 4292 2515 1 2273 1 2274 1 2515 4293 2274 4293 2516 4293 2516 4294 2274 4294 2275 4294 2516 4295 2275 4295 2517 4295 2517 1 2275 1 2276 1 2517 4296 2276 4296 2768 4296 2768 4297 2276 4297 2277 4297 2768 1 2277 1 2868 1 2868 4298 2277 4298 2794 4298 2868 4299 2794 4299 2869 4299 2869 1 2794 1 2793 1 2277 4300 2283 4300 2794 4300 2794 1 2283 1 2280 1 2794 1 2280 1 2769 1 2769 4301 2280 4301 2281 4301 2769 4302 2281 4302 2867 4302 2867 1 2281 1 2282 1 2867 1 2282 1 2278 1 2764 4303 2240 4303 2765 4303 2765 1 2240 1 2243 1 2765 1 2243 1 2343 1 2343 1 2243 1 2245 1 2343 1 2245 1 2247 1 2254 1 2257 1 2866 1 2866 4304 2257 4304 2864 4304 2866 4305 2864 4305 2638 4305 2638 1 2864 1 2637 1 2257 1 2259 1 2864 1 2864 1 2259 1 2250 1 2864 1 2250 1 2764 1 2764 4306 2250 4306 2252 4306 2764 4307 2252 4307 2240 4307 2838 1 2836 1 2870 1 2870 4308 2836 4308 2206 4308 2870 1 2206 1 2209 1 2177 4262 2826 4262 2174 4262 2174 1 2826 1 2772 1 2174 4309 2772 4309 2185 4309 2185 4310 2772 4310 2839 4310 2185 4311 2839 4311 2182 4311 2182 1 2839 1 2453 1 2182 1 2453 1 2452 1 2133 4312 2808 4312 2863 4312 2863 1 2808 1 2698 1 2863 4313 2698 4313 2699 4313 2133 1 2863 1 2130 1 2130 1 2863 1 2881 1 2130 1 2881 1 2141 1 2141 1 2881 1 2882 1 2141 1 2882 1 2138 1 2133 1 2135 1 2808 1 2808 1 2135 1 2137 1 2808 1 2137 1 2809 1 2809 1 2137 1 2150 1 2809 4314 2150 4314 2812 4314 2812 1 2150 1 2142 1 2812 1 2142 1 2814 1 2814 4315 2142 4315 2145 4315 2814 1 2145 1 2402 1 2402 4316 2145 4316 2147 4316 2402 1 2147 1 2403 1 2403 4317 2147 4317 2149 4317 2403 1 2149 1 2392 1 2392 4318 2149 4318 2138 4318 2392 1 2138 1 2393 1 2393 1 2138 1 2882 1 2113 4319 2115 4319 2883 4319 2883 1 2115 1 2117 1 2883 1 2117 1 2800 1 2117 1 2128 1 2800 1 2800 4320 2128 4320 2122 4320 2800 4321 2122 4321 2804 4321 2804 1 2122 1 2125 1 2804 1 2125 1 2862 1 2862 4322 2125 4322 2127 4322 2862 1 2127 1 2118 1 2760 4323 2761 4323 2826 4323 2826 1 2761 1 2821 1 2826 4324 2821 4324 2772 4324 2772 1 2821 1 2875 1 2772 4325 2875 4325 2770 4325 2770 1 2875 1 2877 1 2394 1 2393 1 2884 1 2884 1 2393 1 2882 1 2884 1 2882 1 2885 1 2885 1 2882 1 2881 1 2215 1 2206 1 2781 1 2781 4326 2206 4326 2836 4326 2781 1 2836 1 2780 1 2780 1 2836 1 2834 1 2780 4327 2834 4327 2218 4327 2218 1 2834 1 2229 1 2701 1 2862 1 2863 1 2863 4328 2862 4328 2843 4328 2863 1 2843 1 2881 1 2881 4329 2843 4329 2845 4329 2881 1 2845 1 2885 1 2885 1 2845 1 2886 1 2885 1 2886 1 2884 1 2884 1 2886 1 2887 1 2884 1 2887 1 2394 1 2394 4330 2887 4330 2888 4330 2394 4331 2888 4331 2876 4331 2861 4332 2855 4332 2513 4332 2513 4333 2855 4333 2857 4333 2513 4334 2857 4334 2880 4334 2880 1 2857 1 2859 1 2880 1 2859 1 2879 1 2879 4335 2859 4335 2860 4335 2879 1 2860 1 2851 1 2111 4336 2113 4336 2336 4336 2336 4337 2113 4337 2883 4337 2336 4338 2883 4338 2797 4338 2797 1 2883 1 2800 1 2797 1 2800 1 2795 1 2795 1 2800 1 2802 1 2795 4339 2802 4339 2796 4339 2254 1 2866 1 2878 1 2878 4340 2866 4340 2867 4340 2878 1 2867 1 2879 1 2879 1 2867 1 2278 1 2879 4341 2278 4341 2880 4341 2880 4342 2278 4342 2279 4342 2880 1 2279 1 2273 1 2798 4343 2889 4343 2799 4343 2799 4344 2889 4344 2776 4344 2799 1 2776 1 2766 1 2766 1 2776 1 2775 1 2766 4345 2775 4345 2764 4345 2764 1 2775 1 2774 1 2764 1 2774 1 2864 1 2864 1 2774 1 2890 1 2864 4346 2890 4346 2865 4346 2835 4347 2891 4347 2833 4347 2833 4348 2891 4348 2892 4348 2833 4349 2892 4349 2861 4349 2861 4350 2892 4350 2893 4350 2861 4351 2893 4351 2855 4351 2855 4352 2893 4352 2894 4352 2855 4353 2894 4353 2856 4353 2856 4354 2894 4354 2895 4354 2856 4355 2895 4355 2858 4355 2858 4356 2895 4356 2896 4356 2858 4357 2896 4357 2860 4357 2860 4358 2896 4358 2897 4358 2860 4359 2897 4359 2851 4359 2851 4360 2897 4360 2898 4360 2851 4361 2898 4361 2849 4361 2849 4362 2898 4362 2899 4362 2849 4363 2899 4363 2846 4363 2846 4364 2899 4364 2900 4364 2846 4365 2900 4365 2847 4365 2847 4366 2900 4366 2901 4366 2847 4367 2901 4367 2852 4367 2852 4368 2901 4368 2902 4368 2852 4369 2902 4369 2853 4369 2853 4370 2902 4370 2903 4370 2853 4371 2903 4371 2844 4371 2844 4372 2903 4372 2904 4372 2844 4373 2904 4373 2845 4373 2845 4374 2904 4374 2905 4374 2845 4375 2905 4375 2886 4375 2886 4376 2905 4376 2906 4376 2886 4377 2906 4377 2887 4377 2887 4378 2906 4378 2907 4378 2887 4379 2907 4379 2888 4379 2888 4380 2907 4380 2908 4380 2888 4381 2908 4381 2876 4381 2876 4382 2908 4382 2909 4382 2876 4383 2909 4383 2877 4383 2877 4384 2909 4384 2910 4384 2877 4385 2910 4385 2770 4385 2770 4386 2910 4386 2911 4386 2770 4387 2911 4387 2771 4387 2771 4388 2911 4388 2912 4388 2771 4389 2912 4389 2840 4389 2840 4390 2912 4390 2913 4390 2840 4391 2913 4391 2841 4391 2841 4392 2913 4392 2914 4392 2841 4393 2914 4393 2842 4393 2842 4394 2914 4394 2915 4394 2842 4395 2915 4395 2838 4395 2838 4396 2915 4396 2916 4396 2838 4397 2916 4397 2837 4397 2837 4398 2916 4398 2917 4398 2837 4399 2917 4399 2835 4399 2835 4400 2917 4400 2891 4400 2891 4401 2918 4401 2892 4401 2892 214 2918 214 2919 214 2892 4402 2919 4402 2893 4402 2893 214 2919 214 2920 214 2893 4403 2920 4403 2894 4403 2894 214 2920 214 2921 214 2894 214 2921 214 2895 214 2895 214 2921 214 2922 214 2895 4404 2922 4404 2896 4404 2896 214 2922 214 2923 214 2896 214 2923 214 2897 214 2897 214 2923 214 2924 214 2897 214 2924 214 2898 214 2898 214 2924 214 2925 214 2898 4405 2925 4405 2899 4405 2899 4406 2925 4406 2926 4406 2899 4407 2926 4407 2900 4407 2909 4408 2927 4408 2910 4408 2910 214 2927 214 2928 214 2910 4409 2928 4409 2911 4409 2911 214 2928 214 2929 214 2911 214 2929 214 2912 214 2912 4410 2929 4410 2930 4410 2912 214 2930 214 2913 214 2913 4411 2930 4411 2931 4411 2913 214 2931 214 2914 214 2914 4412 2931 4412 2932 4412 2914 4413 2932 4413 2915 4413 2915 214 2932 214 2933 214 2915 214 2933 214 2916 214 2916 214 2933 214 2934 214 2916 214 2934 214 2917 214 2917 4414 2934 4414 2935 4414 2917 4415 2935 4415 2891 4415 2891 4416 2935 4416 2936 4416 2891 214 2936 214 2918 214 2926 214 2937 214 2900 214 2900 214 2937 214 2938 214 2900 214 2938 214 2901 214 2901 214 2938 214 2939 214 2901 4417 2939 4417 2902 4417 2902 4418 2939 4418 2940 4418 2902 214 2940 214 2903 214 2903 214 2940 214 2941 214 2903 4419 2941 4419 2904 4419 2904 214 2941 214 2942 214 2904 214 2942 214 2905 214 2905 4420 2942 4420 2943 4420 2905 4421 2943 4421 2906 4421 2906 4422 2943 4422 2944 4422 2906 214 2944 214 2907 214 2907 214 2944 214 2945 214 2907 214 2945 214 2908 214 2908 214 2945 214 2946 214 2908 4423 2946 4423 2909 4423 2909 214 2946 214 2947 214 2909 4424 2947 4424 2927 4424 2948 4425 2929 4425 2949 4425 2949 4426 2929 4426 2928 4426 2949 4427 2928 4427 2950 4427 2950 4428 2928 4428 2927 4428 2950 4429 2927 4429 2951 4429 2951 4430 2927 4430 2947 4430 2951 4431 2947 4431 2952 4431 2952 4432 2947 4432 2946 4432 2952 4433 2946 4433 2953 4433 2953 4434 2946 4434 2945 4434 2953 4435 2945 4435 2954 4435 2954 4436 2945 4436 2944 4436 2954 4437 2944 4437 2955 4437 2955 4438 2944 4438 2943 4438 2955 4439 2943 4439 2956 4439 2956 4440 2943 4440 2942 4440 2956 4441 2942 4441 2957 4441 2957 4442 2942 4442 2941 4442 2957 4443 2941 4443 2958 4443 2958 4444 2941 4444 2940 4444 2958 4445 2940 4445 2959 4445 2959 4446 2940 4446 2939 4446 2959 4447 2939 4447 2960 4447 2960 4448 2939 4448 2938 4448 2960 4449 2938 4449 2961 4449 2961 4450 2938 4450 2937 4450 2961 4451 2937 4451 2962 4451 2962 4452 2937 4452 2926 4452 2962 4453 2926 4453 2963 4453 2963 4454 2926 4454 2925 4454 2963 4455 2925 4455 2964 4455 2964 4456 2925 4456 2924 4456 2964 4457 2924 4457 2965 4457 2965 4458 2924 4458 2923 4458 2965 4459 2923 4459 2966 4459 2966 4460 2923 4460 2922 4460 2966 4461 2922 4461 2967 4461 2967 4462 2922 4462 2921 4462 2967 4463 2921 4463 2968 4463 2968 4464 2921 4464 2920 4464 2968 4465 2920 4465 2969 4465 2969 4466 2920 4466 2919 4466 2969 4467 2919 4467 2970 4467 2970 4468 2919 4468 2918 4468 2970 4469 2918 4469 2971 4469 2971 4470 2918 4470 2936 4470 2971 4471 2936 4471 2972 4471 2972 4472 2936 4472 2935 4472 2972 4473 2935 4473 2973 4473 2973 4474 2935 4474 2934 4474 2973 4475 2934 4475 2974 4475 2974 4476 2934 4476 2933 4476 2974 4477 2933 4477 2975 4477 2975 4478 2933 4478 2932 4478 2975 4479 2932 4479 2976 4479 2976 4480 2932 4480 2931 4480 2976 4481 2931 4481 2977 4481 2977 4481 2931 4481 2930 4481 2977 4482 2930 4482 2948 4482 2948 4483 2930 4483 2929 4483 2303 214 2301 214 2978 214 2351 214 2349 214 2979 214 2423 214 2421 214 2980 214 2981 4484 2982 4484 2983 4484 2983 4485 2982 4485 2984 4485 2537 214 2985 214 2539 214 2539 214 2985 214 2986 214 2539 4486 2986 4486 2541 4486 2541 214 2986 214 2543 214 2543 4487 2986 4487 2987 4487 2543 214 2987 214 2545 214 2555 4488 2553 4488 2988 4488 2569 4489 2567 4489 2980 4489 2980 4490 2567 4490 2565 4490 2980 4491 2565 4491 2563 4491 2563 214 2561 214 2980 214 2980 4492 2561 4492 2559 4492 2980 4493 2559 4493 2988 4493 2988 4494 2559 4494 2557 4494 2988 4495 2557 4495 2555 4495 2553 4496 2551 4496 2988 4496 2988 4497 2551 4497 2549 4497 2988 4498 2549 4498 2987 4498 2987 4499 2549 4499 2547 4499 2987 4500 2547 4500 2545 4500 2537 214 2535 214 2985 214 2985 214 2535 214 2533 214 2985 214 2533 214 2989 214 2569 214 2980 214 2571 214 2571 214 2980 214 2990 214 2571 214 2990 214 2525 214 2533 214 2531 214 2989 214 2989 4501 2531 4501 2529 4501 2989 4502 2529 4502 2990 4502 2990 4503 2529 4503 2527 4503 2990 4504 2527 4504 2525 4504 2980 214 2421 214 2990 214 2990 4505 2421 4505 2419 4505 2990 4506 2419 4506 2991 4506 2991 214 2419 214 2417 214 2991 214 2417 214 2992 214 2992 214 2417 214 2415 214 2992 4507 2415 4507 2413 4507 2413 214 2411 214 2992 214 2992 4508 2411 4508 2993 4508 2992 4509 2993 4509 2994 4509 2994 4510 2993 4510 2995 4510 2445 214 2996 214 2447 214 2447 214 2996 214 2997 214 2411 4511 2409 4511 2993 4511 2993 4512 2409 4512 2407 4512 2993 214 2407 214 2995 214 2995 4513 2407 4513 2405 4513 2995 214 2405 214 2998 214 2998 4514 2405 4514 2451 4514 2998 4515 2451 4515 2997 4515 2997 4516 2451 4516 2449 4516 2997 4517 2449 4517 2447 4517 2999 214 3000 214 2749 214 3001 4518 2705 4518 3000 4518 3000 4519 2705 4519 2751 4519 3000 4520 2751 4520 2749 4520 2996 214 2979 214 2727 214 2727 214 2979 214 2729 214 3002 214 2997 214 2713 214 2749 4521 2747 4521 2999 4521 2999 214 2747 214 2745 214 2999 4522 2745 4522 3003 4522 3003 4523 2745 4523 2743 4523 2735 214 2733 214 2979 214 2979 4524 2733 4524 2731 4524 2979 4525 2731 4525 2729 4525 2713 214 2711 214 3002 214 3002 4526 2711 4526 2709 4526 3002 214 2709 214 3001 214 3001 4527 2709 4527 2707 4527 3001 4528 2707 4528 2705 4528 2743 214 2741 214 3003 214 3003 4529 2741 4529 2739 4529 3003 4530 2739 4530 2979 4530 2979 4531 2739 4531 2737 4531 2979 4532 2737 4532 2735 4532 2727 4533 2725 4533 2996 4533 2996 4534 2725 4534 2723 4534 2996 214 2723 214 2721 214 2721 214 2719 214 2996 214 2996 4535 2719 4535 2717 4535 2996 214 2717 214 2997 214 2997 4536 2717 4536 2715 4536 2997 4537 2715 4537 2713 4537 2979 214 2349 214 3003 214 3003 4538 2349 4538 2347 4538 3003 4539 2347 4539 3004 4539 2347 214 2345 214 3004 214 3004 4540 2345 4540 2391 4540 3004 214 2391 214 2982 214 2391 214 2389 214 2982 214 2982 4541 2389 4541 2387 4541 2982 214 2387 214 2984 214 3005 214 3006 214 3007 214 3008 4542 2685 4542 3009 4542 3009 214 2685 214 2683 214 2683 214 2681 214 3009 214 3009 4543 2681 4543 2679 4543 3009 214 2679 214 3010 214 2667 4544 2665 4544 3011 4544 3011 4545 2665 4545 2663 4545 2663 214 2661 214 3011 214 3011 4546 2661 4546 2659 4546 3011 4547 2659 4547 2657 4547 3012 214 2671 214 3013 214 3013 4548 2671 4548 2669 4548 3013 4549 2669 4549 2667 4549 2679 214 2677 214 3010 214 3010 4550 2677 4550 2675 4550 3010 214 2675 214 3012 214 3012 4551 2675 4551 2673 4551 3012 4552 2673 4552 2671 4552 2655 214 2653 214 3005 214 3005 4553 2653 4553 2651 4553 3005 4554 2651 4554 2649 4554 3006 4555 2689 4555 3008 4555 3008 214 2689 214 2687 214 3008 4556 2687 4556 2685 4556 2649 4557 2647 4557 3005 4557 3005 4558 2647 4558 2645 4558 3005 214 2645 214 3006 214 3006 4559 2645 4559 2691 4559 3006 4560 2691 4560 2689 4560 2667 4561 3011 4561 3013 4561 3013 4562 3011 4562 3014 4562 3013 4563 3014 4563 3015 4563 3016 214 3017 214 2607 214 2593 214 2591 214 3018 214 3018 4564 2591 4564 2589 4564 3018 4565 2589 4565 2587 4565 3019 4566 2611 4566 3017 4566 3017 4567 2611 4567 2609 4567 3017 4568 2609 4568 2607 4568 2607 214 2605 214 3016 214 3016 4569 2605 4569 2603 4569 3016 4570 2603 4570 3020 4570 2587 4571 2585 4571 3018 4571 3018 4572 2585 4572 2631 4572 3018 214 2631 214 3021 214 3021 214 2631 214 2629 214 3021 214 2629 214 2627 214 2603 214 2601 214 3020 214 3020 4573 2601 4573 2599 4573 3020 4574 2599 4574 3022 4574 3022 214 2599 214 2597 214 3022 214 2597 214 2595 214 2627 4575 2625 4575 3021 4575 3021 214 2625 214 2623 214 3021 214 2623 214 2621 214 3023 4576 3024 4576 3025 4576 3025 4577 3024 4577 3026 4577 3025 214 3026 214 3027 214 3027 4578 3026 4578 3021 4578 3027 4579 3021 4579 3028 4579 3028 4580 3021 4580 2621 4580 3028 4581 2621 4581 2619 4581 2619 4582 2617 4582 3028 4582 3028 4583 2617 4583 2615 4583 3028 214 2615 214 3019 214 3019 4584 2615 4584 2613 4584 3019 4585 2613 4585 2611 4585 3029 214 3030 214 3031 214 3031 4586 3030 4586 3022 4586 3031 214 3022 214 3018 214 3018 4587 3022 4587 2595 4587 3018 214 2595 214 2593 214 3032 214 3033 214 3029 214 2469 4588 2988 4588 2471 4588 2471 4589 2988 4589 2987 4589 2471 214 2987 214 2473 214 2473 214 2987 214 3034 214 2473 4590 3034 4590 2475 4590 2475 214 3034 214 3035 214 2475 4591 3035 4591 2477 4591 2477 214 3035 214 3033 214 2477 214 3033 214 2479 214 2479 4592 3033 4592 3032 4592 2479 4593 3032 4593 2481 4593 2976 4594 2977 4594 2996 4594 2996 4595 2977 4595 2948 4595 2996 4596 2948 4596 2979 4596 2979 214 2948 214 2949 214 2979 214 2949 214 2950 214 2445 214 2443 214 2996 214 2996 214 2443 214 2441 214 2996 4597 2441 4597 2976 4597 2976 4598 2441 4598 2439 4598 2976 214 2439 214 2975 214 2973 4599 2974 4599 2431 4599 2431 214 2429 214 2973 214 2973 4600 2429 4600 2427 4600 2973 214 2427 214 2980 214 2980 4601 2427 4601 2425 4601 2980 4602 2425 4602 2423 4602 2439 4603 2437 4603 2975 4603 2975 4604 2437 4604 2435 4604 2975 4605 2435 4605 2974 4605 2974 4606 2435 4606 2433 4606 2974 4607 2433 4607 2431 4607 2988 214 2968 214 2969 214 2969 214 2970 214 2988 214 2988 214 2970 214 2971 214 2988 4608 2971 4608 2980 4608 2980 4609 2971 4609 2972 4609 2980 4610 2972 4610 2973 4610 2469 214 2467 214 2988 214 2988 4611 2467 4611 2465 4611 2988 214 2465 214 2968 214 2966 214 2501 214 2965 214 2965 214 2501 214 2499 214 2965 214 2499 214 3036 214 3036 4612 2499 4612 2497 4612 3036 4613 2497 4613 2495 4613 2465 214 2511 214 2968 214 2968 4614 2511 4614 2509 4614 2968 214 2509 214 2967 214 2509 214 2507 214 2967 214 2967 4615 2507 4615 2505 4615 2967 214 2505 214 2966 214 2966 214 2505 214 2503 214 2966 4616 2503 4616 2501 4616 2961 214 2962 214 2978 214 2978 214 2962 214 2963 214 2978 4617 2963 4617 3036 4617 3036 214 2963 214 2964 214 3036 214 2964 214 2965 214 2331 214 2329 214 3037 214 2301 4618 2299 4618 2978 4618 2978 214 2299 214 2297 214 2978 214 2297 214 2961 214 2961 4619 2297 4619 2295 4619 2961 214 2295 214 2960 214 2295 214 2293 214 2960 214 2960 4620 2293 4620 2291 4620 2960 4621 2291 4621 2959 4621 2285 214 2958 214 2287 214 2287 214 2958 214 2959 214 2287 4622 2959 4622 2289 4622 2289 214 2959 214 2291 214 2285 4623 2331 4623 2958 4623 2958 4624 2331 4624 3037 4624 2958 214 3037 214 2957 214 2957 214 3037 214 2956 214 2371 4625 2369 4625 3038 4625 2369 4626 2953 4626 3038 4626 3038 214 2953 214 2954 214 3038 4627 2954 4627 2955 4627 2369 4628 2367 4628 2953 4628 2953 4629 2367 4629 2365 4629 2953 214 2365 214 2952 214 2951 214 2357 214 2950 214 2950 214 2357 214 2355 214 2950 214 2355 214 2979 214 2979 4630 2355 4630 2353 4630 2979 214 2353 214 2351 214 2365 214 2363 214 2952 214 2952 214 2363 214 2361 214 2952 214 2361 214 2951 214 2951 214 2361 214 2359 214 2951 214 2359 214 2357 214 2493 4631 2491 4631 3018 4631 3029 4632 3031 4632 3032 4632 3032 214 3031 214 2483 214 3032 214 2483 214 2481 214 2491 4633 2489 4633 3018 4633 3018 4634 2489 4634 2487 4634 3018 4635 2487 4635 3031 4635 3031 4636 2487 4636 2485 4636 3031 214 2485 214 2483 214 2379 214 3005 214 2983 214 2983 214 3005 214 3007 214 2983 214 3007 214 2981 214 2379 4637 2377 4637 3005 4637 3005 4638 2377 4638 2375 4638 3005 4639 2375 4639 3038 4639 3038 4640 2375 4640 2373 4640 3038 4641 2373 4641 2371 4641 2387 4642 2385 4642 2984 4642 2984 214 2385 214 2383 214 2984 214 2383 214 2983 214 2983 214 2383 214 2381 214 2983 214 2381 214 2379 214 2305 214 3021 214 2307 214 2307 4643 3021 4643 3026 4643 2307 4644 3026 4644 2309 4644 2309 214 3026 214 2311 214 2329 214 2327 214 3037 214 3037 214 2327 214 2325 214 3037 4645 2325 4645 3011 4645 3011 4646 2325 4646 2323 4646 2313 4647 3039 4647 2315 4647 2315 4648 3039 4648 3014 4648 2323 214 2321 214 3011 214 3011 4649 2321 4649 2319 4649 3011 4650 2319 4650 3014 4650 3014 214 2319 214 2317 214 3014 214 2317 214 2315 214 2305 214 2303 214 3021 214 3021 214 2303 214 2978 214 3021 214 2978 214 3018 214 3018 214 2978 214 3036 214 3018 4651 3036 4651 2493 4651 2493 4652 3036 4652 2495 4652 3023 4653 3015 4653 3024 4653 3024 214 3015 214 3014 214 3024 214 3014 214 3026 214 3026 4654 3014 4654 3039 4654 3026 4655 3039 4655 2311 4655 2311 4656 3039 4656 2313 4656 2657 4657 2655 4657 3011 4657 3011 4658 2655 4658 3005 4658 3011 214 3005 214 3037 214 3037 4659 3005 4659 3038 4659 3037 214 3038 214 2956 214 2956 4660 3038 4660 2955 4660 2832 4661 2998 4661 2997 4661 2832 4662 2997 4662 2872 4662 2872 4663 2997 4663 3002 4663 2872 4664 3002 4664 2871 4664 2871 4665 3002 4665 2825 4665 2825 4666 3002 4666 3001 4666 2825 4667 3001 4667 2824 4667 2824 4668 3001 4668 3000 4668 2824 4669 3000 4669 2823 4669 2823 4670 3000 4670 2822 4670 2822 4671 3000 4671 2999 4671 2822 4672 2999 4672 2827 4672 2827 4673 2999 4673 3003 4673 2827 4674 3003 4674 2828 4674 2828 4675 3003 4675 3004 4675 2828 4676 3004 4676 2819 4676 2819 4677 3004 4677 2982 4677 2819 4678 2982 4678 2817 4678 2817 4679 2982 4679 2981 4679 2817 4680 2981 4680 2815 4680 2815 4681 2981 4681 3007 4681 2815 4682 3007 4682 2813 4682 2813 4683 3007 4683 3006 4683 2813 4683 3006 4683 2811 4683 2811 4684 3006 4684 3008 4684 2811 4685 3008 4685 2810 4685 2810 4686 3008 4686 3009 4686 2810 4686 3009 4686 2807 4686 2807 4687 3009 4687 3010 4687 2807 4688 3010 4688 2806 4688 2806 4689 3010 4689 3012 4689 2806 4690 3012 4690 2805 4690 2805 4691 3012 4691 3013 4691 2805 4692 3013 4692 2803 4692 2803 4693 3013 4693 2801 4693 2801 4694 3013 4694 3015 4694 2801 4695 3015 4695 2802 4695 2998 4696 2832 4696 2995 4696 2995 4697 2832 4697 2830 4697 2995 4698 2830 4698 2994 4698 2994 4699 2830 4699 2829 4699 2994 4700 2829 4700 2992 4700 2992 4701 2829 4701 2874 4701 2992 4702 2874 4702 2991 4702 2991 4703 2874 4703 2873 4703 2991 4704 2873 4704 2990 4704 2990 4705 2873 4705 2777 4705 2990 4706 2777 4706 2989 4706 2989 4707 2777 4707 2778 4707 2989 4708 2778 4708 2985 4708 2985 4709 2778 4709 2779 4709 2985 4710 2779 4710 2986 4710 2986 4711 2779 4711 2784 4711 2986 4712 2784 4712 2987 4712 2987 4713 2784 4713 2783 4713 2987 4714 2783 4714 3034 4714 3034 4715 2783 4715 2782 4715 3034 4716 2782 4716 3035 4716 3035 4717 2782 4717 2788 4717 3035 4718 2788 4718 3033 4718 3033 4719 2788 4719 2786 4719 3033 4720 2786 4720 3029 4720 3029 4721 2786 4721 2785 4721 3029 4722 2785 4722 3030 4722 3030 4723 2785 4723 2869 4723 3030 4724 2869 4724 3022 4724 3022 4725 2869 4725 2793 4725 3022 4726 2793 4726 3020 4726 3020 4727 2793 4727 2792 4727 3020 4728 2792 4728 3016 4728 3016 4729 2792 4729 2791 4729 3016 4730 2791 4730 3017 4730 3017 4731 2791 4731 2865 4731 3017 4732 2865 4732 3019 4732 3019 4733 2865 4733 2890 4733 3019 4734 2890 4734 3028 4734 3028 4735 2890 4735 2774 4735 3028 4736 2774 4736 3027 4736 3027 4737 2774 4737 2776 4737 3027 4738 2776 4738 3025 4738 3025 4739 2776 4739 2889 4739 3025 4740 2889 4740 3023 4740 3023 4741 2889 4741 2798 4741 3023 4742 2798 4742 3015 4742 3015 4743 2798 4743 2796 4743 3015 4744 2796 4744 2802 4744 3040 4745 3041 4745 3042 4745 3042 4746 3041 4746 3043 4746 3044 4747 3042 4747 3045 4747 3045 4748 3042 4748 3043 4748 3046 4749 3047 4749 3048 4749 3048 4750 3047 4750 3049 4750 3050 4751 3051 4751 3052 4751 3052 4752 3051 4752 3053 4752 3054 4753 3055 4753 3056 4753 3056 4754 3055 4754 3050 4754 3056 4755 3050 4755 3057 4755 3057 4756 3050 4756 3052 4756 3058 4757 3056 4757 3059 4757 3059 4758 3056 4758 3057 4758 3060 4759 3061 4759 3062 4759 3062 4760 3061 4760 3063 4760 3064 4761 3060 4761 3065 4761 3065 4762 3060 4762 3062 4762 3066 4763 3064 4763 3067 4763 3067 4764 3064 4764 3065 4764 3068 4765 3066 4765 3069 4765 3069 4766 3066 4766 3067 4766 3061 4767 3068 4767 3063 4767 3063 4768 3068 4768 3069 4768 3064 4769 3066 4769 3060 4769 3060 4770 3066 4770 3068 4770 3060 4771 3068 4771 3061 4771 3070 4772 3055 4772 3071 4772 3070 4773 3051 4773 3055 4773 3055 4774 3051 4774 3050 4774 3072 4775 3054 4775 3073 4775 3071 4776 3055 4776 3072 4776 3072 4777 3055 4777 3054 4777 3054 4778 3056 4778 3073 4778 3073 4779 3056 4779 3058 4779 3074 4780 3075 4780 3076 4780 3070 4781 3071 4781 3074 4781 3074 4782 3071 4782 3075 4782 3077 4783 3078 4783 3079 4783 3072 4784 3073 4784 3077 4784 3077 4785 3073 4785 3078 4785 3080 4786 3081 4786 3082 4786 3082 4787 3081 4787 3083 4787 3078 4788 3083 4788 3079 4788 3079 4789 3083 4789 3081 4789 3076 4790 3075 4790 3079 4790 3079 4791 3075 4791 3077 4791 3076 4792 3084 4792 3074 4792 3074 4793 3084 4793 3085 4793 3086 4794 3085 4794 3087 4794 3087 4795 3085 4795 3084 4795 3084 4796 3076 4796 3065 4796 3065 4797 3076 4797 3079 4797 3065 4798 3079 4798 3067 4798 3067 4799 3079 4799 3081 4799 3067 4800 3081 4800 3069 4800 3069 4801 3081 4801 3080 4801 3069 4802 3080 4802 3063 4802 3063 4803 3080 4803 3087 4803 3063 4804 3087 4804 3062 4804 3062 4805 3087 4805 3084 4805 3062 4806 3084 4806 3065 4806 3073 4807 3058 4807 3078 4807 3078 4808 3058 4808 3083 4808 3077 4809 3075 4809 3072 4809 3072 4810 3075 4810 3071 4810 3051 4811 3070 4811 3085 4811 3085 4812 3070 4812 3074 4812 3088 4813 3089 4813 3090 4813 3090 4814 3089 4814 3091 4814 3090 4815 3091 4815 3092 4815 3092 4816 3091 4816 3093 4816 3092 4817 3093 4817 3094 4817 3094 4818 3093 4818 3095 4818 3094 4819 3095 4819 3096 4819 3096 4820 3095 4820 3097 4820 3096 4821 3097 4821 3098 4821 3098 4822 3097 4822 3099 4822 3098 4823 3099 4823 3100 4823 3100 4824 3099 4824 3101 4824 3100 4825 3101 4825 3102 4825 3102 4826 3101 4826 3103 4826 3102 4827 3103 4827 3104 4827 3104 4828 3103 4828 3105 4828 3104 4829 3105 4829 3106 4829 3106 4830 3105 4830 3107 4830 3088 4831 3090 4831 3108 4831 3108 4832 3090 4832 3109 4832 3108 4832 3109 4832 3110 4832 3110 4833 3109 4833 3111 4833 3110 4834 3111 4834 3112 4834 3112 4835 3111 4835 3113 4835 3112 4836 3113 4836 3114 4836 3115 4837 3116 4837 3049 4837 3049 4838 3116 4838 3117 4838 3049 4839 3117 4839 3107 4839 3107 4840 3117 4840 3118 4840 3107 4841 3118 4841 3106 4841 3113 4842 3119 4842 3114 4842 3114 4843 3119 4843 3120 4843 3114 4844 3120 4844 3121 4844 3121 4845 3120 4845 3122 4845 3121 4846 3122 4846 3123 4846 3123 4847 3122 4847 3124 4847 3123 4848 3124 4848 3125 4848 3125 4849 3124 4849 3115 4849 3125 4850 3115 4850 3126 4850 3126 4851 3115 4851 3049 4851 3126 4852 3049 4852 3047 4852 3127 4853 3128 4853 3129 4853 3130 4854 3131 4854 3132 4854 3132 4855 3131 4855 3041 4855 3133 4855 3134 4855 3040 4855 3040 4855 3134 4855 3135 4855 3136 4856 3137 4856 3129 4856 3129 4857 3137 4857 3132 4857 3129 4858 3132 4858 3127 4858 3127 4859 3132 4859 3041 4859 3127 4860 3041 4860 3138 4860 3138 4861 3041 4861 3040 4861 3138 4862 3040 4862 3139 4862 3139 4863 3040 4863 3135 4863 3139 4856 3135 4856 3140 4856 3141 4864 3142 4864 3143 4864 3144 4865 3145 4865 3146 4865 3144 4866 3146 4866 3147 4866 3147 4867 3146 4867 3148 4867 3147 4868 3148 4868 3149 4868 3149 4869 3148 4869 3150 4869 3149 4870 3150 4870 3151 4870 3151 4871 3150 4871 3152 4871 3151 4872 3152 4872 3153 4872 3152 4873 3154 4873 3153 4873 3153 4874 3154 4874 3155 4874 3153 4875 3155 4875 3156 4875 3156 4876 3155 4876 3157 4876 3156 4877 3157 4877 3158 4877 3158 4878 3157 4878 3159 4878 3158 4878 3159 4878 3160 4878 3160 4879 3159 4879 3161 4879 3160 4880 3161 4880 3162 4880 3162 4881 3161 4881 3163 4881 3162 4882 3163 4882 3164 4882 3164 4883 3163 4883 3165 4883 3166 4884 3167 4884 3165 4884 3141 4885 3143 4885 3168 4885 3168 4886 3143 4886 3169 4886 3168 4887 3169 4887 3170 4887 3170 4888 3169 4888 3171 4888 3170 4889 3171 4889 3172 4889 3172 4890 3171 4890 3173 4890 3172 4891 3173 4891 3174 4891 3174 4892 3173 4892 3175 4892 3174 4893 3175 4893 3176 4893 3176 4894 3175 4894 3177 4894 3176 4895 3177 4895 3178 4895 3163 4896 3179 4896 3165 4896 3165 4897 3179 4897 3180 4897 3165 4898 3180 4898 3166 4898 3166 4899 3180 4899 3181 4899 3166 4900 3181 4900 3182 4900 3182 4901 3181 4901 3178 4901 3182 4902 3178 4902 3183 4902 3183 4903 3178 4903 3177 4903 3044 4904 3184 4904 3042 4904 3042 214 3184 214 3133 214 3042 4905 3133 4905 3040 4905 3083 4906 3185 4906 3082 4906 3082 4907 3185 4907 3186 4907 3082 4908 3186 4908 3187 4908 3188 4909 3185 4909 3058 4909 3058 4910 3185 4910 3083 4910 3189 4911 3188 4911 3059 4911 3059 4912 3188 4912 3058 4912 3190 4911 3191 4911 3051 4911 3051 4913 3191 4913 3053 4913 3192 4914 3190 4914 3085 4914 3085 4909 3190 4909 3051 4909 3192 4915 3085 4915 3193 4915 3193 4916 3085 4916 3086 4916 3193 4917 3086 4917 3194 4917 3195 4918 3196 4918 3197 4918 3197 4919 3196 4919 3198 4919 3197 4920 3198 4920 3199 4920 3199 4921 3198 4921 3200 4921 3199 4922 3200 4922 3201 4922 3201 4923 3200 4923 3202 4923 3201 4924 3202 4924 3203 4924 3203 4925 3202 4925 3204 4925 3203 4926 3204 4926 3205 4926 3205 4927 3204 4927 3206 4927 3205 4928 3206 4928 3207 4928 3207 4929 3206 4929 3208 4929 3207 4930 3208 4930 3209 4930 3209 4931 3208 4931 3210 4931 3209 4932 3210 4932 3211 4932 3211 4933 3210 4933 3212 4933 3211 4934 3212 4934 3213 4934 3213 4935 3212 4935 3214 4935 3213 4936 3214 4936 3215 4936 3195 4937 3197 4937 3216 4937 3216 4938 3197 4938 3217 4938 3216 4939 3217 4939 3218 4939 3218 4940 3217 4940 3219 4940 3218 4941 3219 4941 3220 4941 3220 4942 3219 4942 3221 4942 3220 4943 3221 4943 3222 4943 3222 4944 3221 4944 3223 4944 3222 4945 3223 4945 3224 4945 3224 4946 3223 4946 3225 4946 3224 4947 3225 4947 3214 4947 3214 4948 3225 4948 3226 4948 3214 4949 3226 4949 3215 4949 3227 4950 3228 4950 3229 4950 3229 4951 3228 4951 3230 4951 3229 4952 3230 4952 3231 4952 3231 4953 3230 4953 3232 4953 3231 4954 3232 4954 3233 4954 3233 4955 3232 4955 3234 4955 3233 4956 3234 4956 3235 4956 3235 4957 3234 4957 3236 4957 3235 4958 3236 4958 3237 4958 3237 4959 3236 4959 3238 4959 3237 4960 3238 4960 3239 4960 3239 4961 3238 4961 3240 4961 3239 4947 3240 4947 3241 4947 3241 4948 3240 4948 3242 4948 3241 4945 3242 4945 3243 4945 3243 4962 3242 4962 3244 4962 3243 4963 3244 4963 3245 4963 3245 4964 3244 4964 3246 4964 3245 4965 3246 4965 3247 4965 3227 4966 3229 4966 3248 4966 3248 4967 3229 4967 3249 4967 3248 4968 3249 4968 3250 4968 3250 4969 3249 4969 3251 4969 3250 4970 3251 4970 3252 4970 3252 4971 3251 4971 3253 4971 3252 4972 3253 4972 3254 4972 3254 4973 3253 4973 3255 4973 3254 4974 3255 4974 3256 4974 3256 4937 3255 4937 3257 4937 3256 4975 3257 4975 3246 4975 3246 4976 3257 4976 3258 4976 3246 4977 3258 4977 3247 4977 3259 4978 3260 4978 3261 4978 3261 4979 3260 4979 3262 4979 3261 4980 3262 4980 3263 4980 3263 4981 3262 4981 3264 4981 3263 4982 3264 4982 3265 4982 3265 4983 3264 4983 3266 4983 3265 4984 3266 4984 3267 4984 3267 4985 3266 4985 3268 4985 3267 4986 3268 4986 3269 4986 3269 4987 3268 4987 3270 4987 3269 4988 3270 4988 3271 4988 3271 4989 3270 4989 3272 4989 3271 4990 3272 4990 3273 4990 3273 4991 3272 4991 3274 4991 3273 4992 3274 4992 3275 4992 3275 4993 3274 4993 3276 4993 3275 4994 3276 4994 3277 4994 3277 4995 3276 4995 3278 4995 3277 4996 3278 4996 3279 4996 3279 4997 3278 4997 3280 4997 3279 4998 3280 4998 3281 4998 3281 4999 3280 4999 3282 4999 3281 5000 3282 5000 3259 5000 3259 5001 3282 5001 3260 5001 3283 5002 3284 5002 3285 5002 3285 5003 3284 5003 3286 5003 3285 5004 3286 5004 3287 5004 3287 5004 3286 5004 3288 5004 3287 5005 3288 5005 3289 5005 3289 5006 3288 5006 3290 5006 3289 4984 3290 4984 3291 4984 3291 5007 3290 5007 3292 5007 3291 5008 3292 5008 3293 5008 3293 5008 3292 5008 3294 5008 3293 5009 3294 5009 3295 5009 3295 5010 3294 5010 3296 5010 3295 5011 3296 5011 3297 5011 3297 5012 3296 5012 3298 5012 3297 5013 3298 5013 3299 5013 3299 5014 3298 5014 3300 5014 3299 5015 3300 5015 3301 5015 3301 5016 3300 5016 3302 5016 3301 4996 3302 4996 3303 4996 3303 5017 3302 5017 3304 5017 3303 5018 3304 5018 3305 5018 3305 5019 3304 5019 3306 5019 3305 5020 3306 5020 3283 5020 3283 5021 3306 5021 3284 5021 3307 5022 3308 5022 3309 5022 3309 5023 3308 5023 3310 5023 3309 5024 3310 5024 3311 5024 3311 5025 3310 5025 3312 5025 3311 5026 3312 5026 3313 5026 3313 5027 3312 5027 3314 5027 3313 5028 3314 5028 3315 5028 3315 5029 3314 5029 3316 5029 3315 5030 3316 5030 3317 5030 3317 5031 3316 5031 3318 5031 3317 5032 3318 5032 3319 5032 3319 5033 3318 5033 3320 5033 3319 5034 3320 5034 3321 5034 3321 5035 3320 5035 3322 5035 3321 5036 3322 5036 3323 5036 3323 5036 3322 5036 3324 5036 3323 4995 3324 4995 3325 4995 3325 5037 3324 5037 3326 5037 3325 5038 3326 5038 3327 5038 3327 5039 3326 5039 3328 5039 3327 5040 3328 5040 3329 5040 3329 5041 3328 5041 3330 5041 3329 5042 3330 5042 3307 5042 3307 5043 3330 5043 3308 5043 3331 5044 3332 5044 3333 5044 3333 5045 3332 5045 3334 5045 3333 5046 3334 5046 3335 5046 3335 5047 3334 5047 3336 5047 3335 5048 3336 5048 3337 5048 3337 5049 3336 5049 3338 5049 3337 5028 3338 5028 3339 5028 3339 5050 3338 5050 3340 5050 3339 5030 3340 5030 3341 5030 3341 5031 3340 5031 3342 5031 3341 5032 3342 5032 3343 5032 3343 5051 3342 5051 3344 5051 3343 5052 3344 5052 3345 5052 3345 5053 3344 5053 3346 5053 3345 5054 3346 5054 3347 5054 3347 5055 3346 5055 3348 5055 3347 4995 3348 4995 3349 4995 3349 5056 3348 5056 3350 5056 3349 5057 3350 5057 3351 5057 3351 5058 3350 5058 3352 5058 3351 5041 3352 5041 3353 5041 3353 5059 3352 5059 3354 5059 3353 5060 3354 5060 3331 5060 3331 5061 3354 5061 3332 5061 3355 5062 3356 5062 3357 5062 3357 5063 3356 5063 3358 5063 3357 4776 3358 4776 3359 4776 3359 5064 3358 5064 3360 5064 3359 5065 3360 5065 3361 5065 3361 5066 3360 5066 3362 5066 3361 5050 3362 5050 3363 5050 3363 1197 3362 1197 3364 1197 3363 5067 3364 5067 3365 5067 3365 5068 3364 5068 3366 5068 3365 5069 3366 5069 3367 5069 3367 5070 3366 5070 3368 5070 3367 5071 3368 5071 3369 5071 3369 5072 3368 5072 3370 5072 3369 5073 3370 5073 3371 5073 3371 5074 3370 5074 3372 5074 3371 5075 3372 5075 3373 5075 3373 4994 3372 4994 3374 4994 3373 5038 3374 5038 3375 5038 3375 5076 3374 5076 3376 5076 3375 5077 3376 5077 3377 5077 3377 5078 3376 5078 3378 5078 3377 5079 3378 5079 3355 5079 3355 5080 3378 5080 3356 5080 3379 5081 3380 5081 3381 5081 3381 5082 3380 5082 3382 5082 3381 5083 3382 5083 3383 5083 3383 4776 3382 4776 3384 4776 3383 5065 3384 5065 3385 5065 3385 5066 3384 5066 3386 5066 3385 5050 3386 5050 3387 5050 3387 5084 3386 5084 3388 5084 3387 5067 3388 5067 3389 5067 3389 5085 3388 5085 3390 5085 3389 5086 3390 5086 3391 5086 3391 5087 3390 5087 3392 5087 3391 5088 3392 5088 3393 5088 3393 5071 3392 5071 3394 5071 3393 5089 3394 5089 3395 5089 3395 5090 3394 5090 3396 5090 3395 5091 3396 5091 3397 5091 3397 5092 3396 5092 3398 5092 3397 5093 3398 5093 3399 5093 3399 5076 3398 5076 3400 5076 3399 5077 3400 5077 3401 5077 3401 5078 3400 5078 3402 5078 3401 5079 3402 5079 3379 5079 3379 5094 3402 5094 3380 5094 3403 5095 3404 5095 3405 5095 3405 5096 3404 5096 3406 5096 3405 5097 3406 5097 3407 5097 3407 5098 3406 5098 3408 5098 3407 5099 3408 5099 3409 5099 3409 5048 3408 5048 3410 5048 3409 5100 3410 5100 3411 5100 3411 5101 3410 5101 3412 5101 3411 5102 3412 5102 3413 5102 3413 5103 3412 5103 3414 5103 3413 5104 3414 5104 3415 5104 3415 5105 3414 5105 3416 5105 3415 5106 3416 5106 3417 5106 3417 5107 3416 5107 3418 5107 3417 4992 3418 4992 3419 4992 3419 5013 3418 5013 3420 5013 3419 5092 3420 5092 3421 5092 3421 5108 3420 5108 3422 5108 3421 5109 3422 5109 3423 5109 3423 5109 3422 5109 3424 5109 3423 5019 3424 5019 3425 5019 3425 5077 3424 5077 3426 5077 3425 5110 3426 5110 3403 5110 3403 5111 3426 5111 3404 5111 3427 5112 3428 5112 3429 5112 3429 5096 3428 5096 3430 5096 3429 4748 3430 4748 3431 4748 3431 5113 3430 5113 3432 5113 3431 5114 3432 5114 3433 5114 3433 5049 3432 5049 3434 5049 3433 5100 3434 5100 3435 5100 3435 5115 3434 5115 3436 5115 3435 5116 3436 5116 3437 5116 3437 5117 3436 5117 3438 5117 3437 5104 3438 5104 3439 5104 3439 5118 3438 5118 3440 5118 3439 5119 3440 5119 3441 5119 3441 5120 3440 5120 3442 5120 3441 5121 3442 5121 3443 5121 3443 5122 3442 5122 3444 5122 3443 5123 3444 5123 3445 5123 3445 5124 3444 5124 3446 5124 3445 5109 3446 5109 3447 5109 3447 5125 3446 5125 3448 5125 3447 5126 3448 5126 3449 5126 3449 5127 3448 5127 3450 5127 3449 5128 3450 5128 3427 5128 3427 5129 3450 5129 3428 5129 3190 1 3192 1 3191 1 3191 5130 3192 5130 3193 5130 3351 1 3353 1 3230 1 3047 5131 3046 5131 3339 5131 3339 5132 3046 5132 3191 5132 3339 5133 3191 5133 3337 5133 3337 5134 3191 5134 3193 5134 3337 1 3193 1 3335 1 3335 5135 3193 5135 3333 5135 3351 5136 3230 5136 3349 5136 3339 5137 3341 5137 3047 5137 3047 1 3341 1 3343 1 3047 1 3343 1 3126 1 3126 1 3343 1 3345 1 3126 5138 3345 5138 3347 5138 3193 5139 3238 5139 3333 5139 3333 1 3238 1 3236 1 3333 5140 3236 5140 3331 5140 3331 5141 3236 5141 3234 5141 3331 1 3234 1 3353 1 3353 1 3234 1 3232 1 3353 5142 3232 5142 3230 5142 3347 1 3349 1 3126 1 3126 5143 3349 5143 3230 5143 3126 5144 3230 5144 3125 5144 3125 5145 3230 5145 3228 5145 3125 1 3228 1 3123 1 3114 1 3121 1 3443 1 3443 1 3121 1 3441 1 3441 1 3121 1 3123 1 3441 1 3123 1 3439 1 3429 5146 3431 5146 3252 5146 3439 1 3123 1 3437 1 3437 1 3123 1 3228 1 3437 5147 3228 5147 3435 5147 3435 5148 3228 5148 3227 5148 3435 1 3227 1 3433 1 3433 5149 3227 5149 3248 5149 3433 1 3248 1 3431 1 3431 5150 3248 5150 3250 5150 3431 5151 3250 5151 3252 5151 3194 5152 3089 5152 3381 5152 3283 1 3285 1 3194 1 3194 5153 3285 5153 3287 5153 3194 1 3287 1 3193 1 3193 5154 3287 5154 3289 5154 3193 5155 3289 5155 3291 5155 3443 1 3445 1 3114 1 3114 5156 3445 5156 3447 5156 3114 5157 3447 5157 3112 5157 3112 5158 3447 5158 3449 5158 3112 5159 3449 5159 3110 5159 3110 5160 3449 5160 3427 5160 3110 5161 3427 5161 3108 5161 3108 5162 3427 5162 3429 5162 3108 1 3429 1 3088 1 3088 1 3429 1 3252 1 3088 1 3252 1 3397 1 3397 1 3252 1 3395 1 3397 5163 3399 5163 3088 5163 3088 1 3399 1 3401 1 3088 5164 3401 5164 3089 5164 3089 1 3401 1 3379 1 3089 5165 3379 5165 3381 5165 3395 1 3252 1 3393 1 3393 5166 3252 5166 3254 5166 3393 5167 3254 5167 3391 5167 3391 1 3254 1 3256 1 3391 1 3256 1 3389 1 3389 1 3256 1 3246 1 3389 1 3246 1 3387 1 3291 5168 3293 5168 3193 5168 3193 1 3293 1 3295 1 3193 1 3295 1 3238 1 3238 5169 3295 5169 3297 5169 3238 5170 3297 5170 3299 5170 3381 1 3383 1 3194 1 3194 5171 3383 5171 3385 5171 3194 5172 3385 5172 3283 5172 3283 5173 3385 5173 3387 5173 3283 1 3387 1 3305 1 3305 5174 3387 5174 3303 5174 3387 5175 3246 5175 3303 5175 3303 5176 3246 5176 3244 5176 3303 1 3244 1 3301 1 3301 5177 3244 5177 3242 5177 3301 1 3242 1 3299 1 3299 5178 3242 5178 3240 5178 3299 5179 3240 5179 3238 5179 3318 214 3316 214 3167 214 3166 214 3182 214 3326 214 3330 214 3328 214 3177 214 3451 5180 3167 5180 3452 5180 3452 5181 3167 5181 3316 5181 3452 5182 3316 5182 3314 5182 3314 214 3312 214 3213 214 3213 5183 3312 5183 3310 5183 3326 214 3182 214 3328 214 3328 214 3182 214 3183 214 3328 5184 3183 5184 3177 5184 3326 214 3324 214 3166 214 3166 5185 3324 5185 3322 5185 3166 5186 3322 5186 3167 5186 3167 214 3322 214 3320 214 3167 214 3320 214 3318 214 3314 5187 3213 5187 3452 5187 3452 5188 3213 5188 3215 5188 3452 5189 3215 5189 3189 5189 3414 5190 3412 5190 3205 5190 3169 5191 3404 5191 3171 5191 3171 5192 3404 5192 3426 5192 3171 5193 3426 5193 3173 5193 3426 5194 3424 5194 3173 5194 3173 5195 3424 5195 3422 5195 3173 214 3422 214 3175 214 3175 5196 3422 5196 3420 5196 3175 214 3420 214 3177 214 3177 5197 3420 5197 3418 5197 3414 5198 3205 5198 3416 5198 3418 214 3416 214 3177 214 3177 214 3416 214 3205 214 3177 5199 3205 5199 3330 5199 3330 5200 3205 5200 3207 5200 3330 214 3207 214 3308 214 3308 214 3207 214 3209 214 3308 214 3209 214 3310 214 3310 5201 3209 5201 3211 5201 3310 5202 3211 5202 3213 5202 3362 214 3360 214 3453 214 3453 5203 3360 5203 3358 5203 3453 214 3358 214 3142 214 3372 214 3370 214 3197 214 3197 5204 3370 5204 3217 5204 3217 214 3370 214 3368 214 3217 214 3368 214 3219 214 3219 214 3368 214 3366 214 3219 5205 3366 5205 3221 5205 3221 5206 3366 5206 3364 5206 3221 5207 3364 5207 3362 5207 3358 214 3356 214 3142 214 3142 214 3356 214 3378 214 3142 214 3378 214 3143 214 3143 5208 3378 5208 3376 5208 3143 214 3376 214 3169 214 3169 5209 3376 5209 3374 5209 3169 5210 3374 5210 3404 5210 3404 5211 3374 5211 3372 5211 3404 214 3372 214 3406 214 3406 214 3372 214 3197 214 3406 214 3197 214 3408 214 3408 214 3197 214 3199 214 3408 214 3199 214 3410 214 3410 5212 3199 5212 3201 5212 3410 214 3201 214 3412 214 3412 5213 3201 5213 3203 5213 3412 5214 3203 5214 3205 5214 3272 5215 3270 5215 3186 5215 3274 214 3272 214 3215 214 3215 214 3272 214 3186 214 3215 5216 3186 5216 3189 5216 3189 5217 3186 5217 3185 5217 3189 214 3185 214 3188 214 3362 5218 3453 5218 3221 5218 3221 5219 3453 5219 3282 5219 3221 5220 3282 5220 3280 5220 3274 214 3215 214 3276 214 3276 5221 3215 5221 3226 5221 3276 214 3226 214 3278 214 3278 5222 3226 5222 3225 5222 3278 214 3225 214 3280 214 3280 5223 3225 5223 3223 5223 3280 5224 3223 5224 3221 5224 3270 5225 3268 5225 3186 5225 3186 5226 3268 5226 3266 5226 3186 214 3266 214 3187 214 3266 214 3264 214 3187 214 3187 5227 3264 5227 3262 5227 3187 5228 3262 5228 3453 5228 3453 5229 3262 5229 3260 5229 3453 5230 3260 5230 3282 5230 3263 1 3265 1 3154 1 3168 5231 3373 5231 3375 5231 3363 1 3365 1 3220 1 3371 1 3196 1 3369 1 3369 5232 3196 5232 3195 5232 3369 1 3195 1 3367 1 3367 5233 3195 5233 3216 5233 3367 1 3216 1 3365 1 3365 1 3216 1 3218 1 3365 1 3218 1 3220 1 3168 5234 3375 5234 3141 5234 3141 1 3375 1 3377 1 3141 5235 3377 5235 3145 5235 3327 1 3329 1 3206 1 3161 1 3159 1 3313 1 3327 1 3206 1 3325 1 3313 1 3315 1 3161 1 3161 5236 3315 5236 3317 5236 3161 5237 3317 5237 3163 5237 3163 1 3317 1 3319 1 3163 5238 3319 5238 3179 5238 3179 5239 3319 5239 3321 5239 3179 5240 3321 5240 3323 5240 3281 1 3220 1 3279 1 3279 5241 3220 5241 3222 5241 3279 5242 3222 5242 3277 5242 3277 1 3222 1 3224 1 3277 1 3224 1 3275 1 3275 5243 3224 5243 3214 5243 3275 1 3214 1 3273 1 3154 1 3265 1 3155 1 3155 1 3265 1 3267 1 3155 5244 3267 5244 3157 5244 3157 1 3267 1 3269 1 3157 1 3269 1 3159 1 3159 5245 3269 5245 3271 5245 3159 1 3271 1 3313 1 3313 5246 3271 5246 3273 5246 3313 5247 3273 5247 3311 5247 3311 5248 3273 5248 3214 5248 3311 5249 3214 5249 3309 5249 3309 1 3214 1 3212 1 3309 5250 3212 5250 3307 5250 3307 5251 3212 5251 3210 5251 3307 1 3210 1 3329 1 3329 1 3210 1 3208 1 3329 5252 3208 5252 3206 5252 3263 1 3154 1 3261 1 3261 5253 3154 5253 3152 5253 3261 1 3152 1 3259 1 3377 5254 3355 5254 3145 5254 3145 1 3355 1 3357 1 3145 5255 3357 5255 3146 5255 3146 5256 3357 5256 3359 5256 3146 1 3359 1 3148 1 3148 5257 3359 5257 3361 5257 3148 5258 3361 5258 3150 5258 3150 5259 3361 5259 3363 5259 3150 1 3363 1 3152 1 3152 5260 3363 5260 3220 5260 3152 1 3220 1 3259 1 3259 1 3220 1 3281 1 3405 5261 3407 5261 3198 5261 3411 5262 3413 5262 3179 5262 3405 5263 3198 5263 3403 5263 3425 5264 3172 5264 3423 5264 3423 1 3172 1 3174 1 3423 1 3174 1 3421 1 3323 1 3325 1 3179 1 3179 1 3325 1 3206 1 3179 1 3206 1 3411 1 3411 5265 3206 5265 3204 5265 3411 5266 3204 5266 3409 5266 3409 1 3204 1 3202 1 3409 1 3202 1 3407 1 3407 5267 3202 5267 3200 5267 3407 5268 3200 5268 3198 5268 3421 1 3174 1 3419 1 3419 5269 3174 5269 3176 5269 3419 1 3176 1 3417 1 3417 5270 3176 5270 3178 5270 3417 1 3178 1 3415 1 3415 5271 3178 5271 3181 5271 3415 1 3181 1 3413 1 3413 1 3181 1 3180 1 3413 5272 3180 5272 3179 5272 3425 1 3403 1 3172 1 3172 1 3403 1 3198 1 3172 1 3198 1 3170 1 3170 5273 3198 5273 3196 5273 3170 1 3196 1 3168 1 3168 1 3196 1 3371 1 3168 5274 3371 5274 3373 5274 3451 5275 3452 5275 3454 5275 3454 5276 3452 5276 3455 5276 3167 5277 3451 5277 3165 5277 3165 5277 3451 5277 3454 5277 3455 1 3456 1 3457 1 3137 1 3136 1 3458 1 3457 1 3137 1 3455 1 3455 1 3137 1 3458 1 3455 5278 3458 5278 3454 5278 3149 5279 3459 5279 3147 5279 3147 5280 3459 5280 3144 5280 3149 1 3151 1 3459 1 3459 5281 3151 5281 3153 5281 3459 5282 3153 5282 3458 5282 3458 5283 3153 5283 3156 5283 3458 5284 3156 5284 3158 5284 3158 5285 3160 5285 3458 5285 3458 5286 3160 5286 3162 5286 3458 5287 3162 5287 3454 5287 3454 1 3162 1 3164 1 3454 1 3164 1 3165 1 3460 5288 3461 5288 3462 5288 3462 214 3461 214 3130 214 3462 5289 3130 5289 3132 5289 3137 5290 3457 5290 3132 5290 3132 5291 3457 5291 3462 5291 3457 5292 3456 5292 3462 5292 3462 5293 3456 5293 3460 5293 3184 5294 3463 5294 3133 5294 3133 5295 3463 5295 3134 5295 3122 214 3120 214 3352 214 3115 5296 3346 5296 3116 5296 3116 5297 3346 5297 3344 5297 3116 214 3344 214 3117 214 3428 214 3450 214 3113 214 3122 5298 3352 5298 3124 5298 3124 5299 3352 5299 3350 5299 3124 5300 3350 5300 3115 5300 3115 5301 3350 5301 3348 5301 3115 5302 3348 5302 3346 5302 3113 214 3450 214 3119 214 3344 214 3342 214 3117 214 3117 5303 3342 5303 3340 5303 3117 214 3340 214 3338 214 3338 214 3336 214 3237 214 3237 5304 3336 5304 3334 5304 3231 5305 3233 5305 3332 5305 3332 214 3233 214 3334 214 3334 214 3233 214 3235 214 3334 5306 3235 5306 3237 5306 3450 214 3448 214 3119 214 3119 5307 3448 5307 3446 5307 3119 214 3446 214 3120 214 3120 5308 3446 5308 3444 5308 3120 5309 3444 5309 3442 5309 3442 214 3440 214 3120 214 3120 214 3440 214 3229 214 3120 214 3229 214 3352 214 3352 214 3229 214 3231 214 3352 214 3231 214 3354 214 3354 5310 3231 5310 3332 5310 3440 214 3438 214 3229 214 3229 5311 3438 5311 3436 5311 3229 5312 3436 5312 3249 5312 3249 5313 3436 5313 3434 5313 3249 5314 3434 5314 3251 5314 3251 5315 3434 5315 3432 5315 3251 214 3432 214 3253 214 3253 5316 3432 5316 3430 5316 3284 214 3306 214 3245 214 3245 5317 3306 5317 3304 5317 3245 214 3304 214 3243 214 3243 5318 3304 5318 3241 5318 3241 5319 3304 5319 3302 5319 3241 5320 3302 5320 3239 5320 3239 5321 3302 5321 3300 5321 3239 214 3300 214 3237 214 3286 214 3098 214 3288 214 3288 5322 3098 5322 3100 5322 3288 5323 3100 5323 3290 5323 3338 5324 3237 5324 3117 5324 3117 214 3237 214 3300 214 3117 5325 3300 5325 3298 5325 3290 214 3100 214 3292 214 3292 5326 3100 5326 3102 5326 3292 5327 3102 5327 3294 5327 3294 214 3102 214 3104 214 3294 214 3104 214 3296 214 3296 214 3104 214 3106 214 3296 5328 3106 5328 3298 5328 3298 5329 3106 5329 3118 5329 3298 5330 3118 5330 3117 5330 3286 5331 3284 5331 3098 5331 3098 5332 3284 5332 3245 5332 3098 5333 3245 5333 3096 5333 3096 5334 3245 5334 3247 5334 3096 5335 3247 5335 3094 5335 3090 5336 3092 5336 3380 5336 3255 214 3253 214 3394 214 3394 214 3253 214 3396 214 3380 214 3092 214 3382 214 3382 214 3092 214 3094 214 3382 214 3094 214 3384 214 3255 5337 3394 5337 3257 5337 3257 214 3394 214 3392 214 3257 214 3392 214 3258 214 3258 5338 3392 5338 3390 5338 3258 5339 3390 5339 3247 5339 3247 5340 3390 5340 3388 5340 3247 214 3388 214 3094 214 3094 5341 3388 5341 3386 5341 3094 5342 3386 5342 3384 5342 3380 214 3402 214 3090 214 3090 214 3402 214 3400 214 3090 214 3400 214 3109 214 3109 5343 3400 5343 3398 5343 3109 214 3398 214 3111 214 3111 5344 3398 5344 3396 5344 3111 214 3396 214 3113 214 3113 5345 3396 5345 3253 5345 3113 5346 3253 5346 3428 5346 3428 214 3253 214 3430 214 3052 5347 3053 5347 3191 5347 3463 5348 3184 5348 3464 5348 3464 5349 3184 5349 3044 5349 3046 5350 3048 5350 3191 5350 3191 5351 3048 5351 3465 5351 3191 5352 3465 5352 3052 5352 3052 5290 3465 5290 3464 5290 3052 5353 3464 5353 3057 5353 3057 5354 3464 5354 3044 5354 3057 4746 3044 4746 3045 4746 3455 5355 3452 5355 3456 5355 3456 5356 3452 5356 3189 5356 3189 5357 3059 5357 3456 5357 3456 5358 3059 5358 3057 5358 3456 5359 3057 5359 3460 5359 3460 5360 3057 5360 3045 5360 3460 5349 3045 5349 3461 5349 3461 5348 3045 5348 3466 5348 3467 5361 3139 5361 3140 5361 3468 214 3465 214 3140 214 3140 214 3465 214 3048 214 3140 214 3048 214 3467 214 3467 5362 3048 5362 3049 5362 3467 5363 3049 5363 3107 5363 3107 5364 3105 5364 3467 5364 3467 5365 3105 5365 3103 5365 3467 5366 3103 5366 3469 5366 3103 214 3101 214 3469 214 3469 5367 3101 5367 3099 5367 3469 5368 3099 5368 3097 5368 3097 214 3095 214 3469 214 3469 5369 3095 5369 3093 5369 3469 5370 3093 5370 3091 5370 3463 1 3464 1 3134 1 3134 1 3464 1 3470 1 3134 1 3470 1 3135 1 3465 5371 3468 5371 3464 5371 3464 5372 3468 5372 3470 5372 3468 5291 3140 5291 3470 5291 3470 5373 3140 5373 3135 5373 3461 5294 3466 5294 3130 5294 3130 5295 3466 5295 3131 5295 3466 1 3045 1 3131 1 3131 5374 3045 5374 3043 5374 3131 1 3043 1 3041 1 3142 5375 3141 5375 3144 5375 3144 5376 3141 5376 3145 5376 3091 5377 3089 5377 3469 5377 3469 5378 3089 5378 3194 5378 3469 5379 3194 5379 3127 5379 3127 5380 3194 5380 3086 5380 3086 5381 3087 5381 3127 5381 3127 5382 3087 5382 3080 5382 3127 5383 3080 5383 3128 5383 3128 5384 3080 5384 3082 5384 3128 5385 3082 5385 3459 5385 3459 5386 3082 5386 3187 5386 3459 5387 3187 5387 3144 5387 3144 5388 3187 5388 3453 5388 3144 5389 3453 5389 3142 5389 3467 5390 3138 5390 3139 5390 3138 5391 3467 5391 3127 5391 3127 5392 3467 5392 3469 5392 3129 5390 3458 5390 3136 5390 3458 5393 3129 5393 3459 5393 3459 5394 3129 5394 3128 5394</p>
        </triangles>
      </mesh>
    </geometry>
  </library_geometries>
  <library_visual_scenes>
    <visual_scene id="Scene" name="Scene">
      <node id="C" name="C" type="NODE">
        <matrix sid="transform">1 0 0 0 0 1 0 0 0 0 1 0 0 0 0 1</matrix>
        <instance_geometry url="#C-mesh" name="C"/>
      </node>
    </visual_scene>
  </library_visual_scenes>
  <scene>
    <instance_visual_scene url="#Scene"/>
  </scene>
</COLLADA>